Command line invocation:
    /Applications/Xcode.app/Contents/Developer/usr/bin/xcodebuild -project OrangeLen.xcodeproj -scheme OrangeLen -configuration Debug -derivedDataPath build/DerivedData build

Resolve Package Graph


Resolved source packages:
  cmark-gfm: https://github.com/swiftlang/swift-cmark.git @ 0.9.0
  OrangeLen: /Users/huangzhe/Documents/GitHub/OrangeLen/Packages/OrangeLen
  swift-markdown: https://github.com/swiftlang/swift-markdown.git @ 0.8.0

--- xcodebuild: WARNING: Using the first of multiple matching destinations:
{ platform:macOS, arch:arm64, id:00006030-000E18D22188001C, name:My Mac }
{ platform:macOS, arch:x86_64, id:00006030-000E18D22188001C, name:My Mac }
{ platform:macOS, name:Any Mac }
ComputePackagePrebuildTargetDependencyGraph

Prepare packages

CreateBuildRequest

SendProjectDescription

CreateBuildOperation

ComputeTargetDependencyGraph
note: Building targets in dependency order
note: Target dependency graph (23 targets)
    Target 'OrangeLen' in project 'OrangeLen'
        ➜ Explicit dependency on target 'OrangeLenPreview' in project 'OrangeLen'
        ➜ Explicit dependency on target 'OrangeLenPreviewMarkdown' in project 'OrangeLen'
        ➜ Explicit dependency on target 'OrangeLenPreviewData' in project 'OrangeLen'
        ➜ Explicit dependency on target 'OrangeLenPreviewFolders' in project 'OrangeLen'
        ➜ Explicit dependency on target 'OrangeLenPreviewArchives' in project 'OrangeLen'
        ➜ Explicit dependency on target 'OrangeLenPreviewBooks' in project 'OrangeLen'
        ➜ Explicit dependency on target 'OrangeLenPreviewDrawings' in project 'OrangeLen'
        ➜ Explicit dependency on target 'OrangeLenUI' in project 'OrangeLen'
    Target 'OrangeLenPreviewDrawings' in project 'OrangeLen'
        ➜ Explicit dependency on target 'OrangeLenImageBroker' in project 'OrangeLen'
        ➜ Explicit dependency on target 'OrangeLenUI' in project 'OrangeLen'
    Target 'OrangeLenPreviewBooks' in project 'OrangeLen'
        ➜ Explicit dependency on target 'OrangeLenImageBroker' in project 'OrangeLen'
        ➜ Explicit dependency on target 'OrangeLenUI' in project 'OrangeLen'
    Target 'OrangeLenPreviewArchives' in project 'OrangeLen'
        ➜ Explicit dependency on target 'OrangeLenImageBroker' in project 'OrangeLen'
        ➜ Explicit dependency on target 'OrangeLenUI' in project 'OrangeLen'
    Target 'OrangeLenPreviewFolders' in project 'OrangeLen'
        ➜ Explicit dependency on target 'OrangeLenImageBroker' in project 'OrangeLen'
        ➜ Explicit dependency on target 'OrangeLenUI' in project 'OrangeLen'
    Target 'OrangeLenPreviewData' in project 'OrangeLen'
        ➜ Explicit dependency on target 'OrangeLenImageBroker' in project 'OrangeLen'
        ➜ Explicit dependency on target 'OrangeLenUI' in project 'OrangeLen'
    Target 'OrangeLenPreviewMarkdown' in project 'OrangeLen'
        ➜ Explicit dependency on target 'OrangeLenImageBroker' in project 'OrangeLen'
        ➜ Explicit dependency on target 'OrangeLenUI' in project 'OrangeLen'
    Target 'OrangeLenPreview' in project 'OrangeLen'
        ➜ Explicit dependency on target 'OrangeLenImageBroker' in project 'OrangeLen'
        ➜ Explicit dependency on target 'OrangeLenUI' in project 'OrangeLen'
    Target 'OrangeLenUI' in project 'OrangeLen'
        ➜ Explicit dependency on target 'OrangeLenUI' in project 'OrangeLen'
        ➜ Explicit dependency on target 'OrangeLen_OrangeLenUI' in project 'OrangeLen'
        ➜ Explicit dependency on target 'OrangeLenCore' in project 'OrangeLen'
        ➜ Explicit dependency on target 'Markdown' in project 'swift-markdown'
    Target 'OrangeLenUI' in project 'OrangeLen'
        ➜ Explicit dependency on target 'OrangeLen_OrangeLenUI' in project 'OrangeLen'
        ➜ Explicit dependency on target 'CSQLite' in project 'OrangeLen'
        ➜ Explicit dependency on target 'CZlib' in project 'OrangeLen'
        ➜ Explicit dependency on target 'OrangeLenCore' in project 'OrangeLen'
        ➜ Explicit dependency on target 'Markdown' in project 'swift-markdown'
    Target 'OrangeLen_OrangeLenUI' in project 'OrangeLen' (no dependencies)
    Target 'OrangeLenImageBroker' in project 'OrangeLen'
        ➜ Explicit dependency on target 'OrangeLenCore' in project 'OrangeLen'
    Target 'OrangeLenCore' in project 'OrangeLen'
        ➜ Explicit dependency on target 'OrangeLenCore' in project 'OrangeLen'
        ➜ Explicit dependency on target 'Markdown' in project 'swift-markdown'
    Target 'OrangeLenCore' in project 'OrangeLen'
        ➜ Explicit dependency on target 'CSQLite' in project 'OrangeLen'
        ➜ Explicit dependency on target 'CZlib' in project 'OrangeLen'
        ➜ Explicit dependency on target 'Markdown' in project 'swift-markdown'
    Target 'Markdown' in project 'swift-markdown'
        ➜ Explicit dependency on target 'Markdown' in project 'swift-markdown'
        ➜ Explicit dependency on target 'CAtomic' in project 'swift-markdown'
        ➜ Explicit dependency on target 'cmark-gfm' in project 'cmark-gfm'
        ➜ Explicit dependency on target 'cmark-gfm-extensions' in project 'cmark-gfm'
    Target 'Markdown' in project 'swift-markdown'
        ➜ Explicit dependency on target 'CAtomic' in project 'swift-markdown'
        ➜ Explicit dependency on target 'cmark-gfm' in project 'cmark-gfm'
        ➜ Explicit dependency on target 'cmark-gfm-extensions' in project 'cmark-gfm'
    Target 'cmark-gfm-extensions' in project 'cmark-gfm'
        ➜ Explicit dependency on target 'cmark-gfm-extensions' in project 'cmark-gfm'
        ➜ Explicit dependency on target 'cmark-gfm' in project 'cmark-gfm'
    Target 'cmark-gfm-extensions' in project 'cmark-gfm'
        ➜ Explicit dependency on target 'cmark-gfm' in project 'cmark-gfm'
    Target 'cmark-gfm' in project 'cmark-gfm'
        ➜ Explicit dependency on target 'cmark-gfm' in project 'cmark-gfm'
    Target 'cmark-gfm' in project 'cmark-gfm' (no dependencies)
    Target 'CAtomic' in project 'swift-markdown' (no dependencies)
    Target 'CZlib' in project 'OrangeLen' (no dependencies)
    Target 'CSQLite' in project 'OrangeLen' (no dependencies)

GatherProvisioningInputs

CreateBuildDescription

ClangStatCache /Applications/Xcode.app/Contents/Developer/Toolchains/XcodeDefault.xctoolchain/usr/bin/clang-stat-cache /Applications/Xcode.app/Contents/Developer/Platforms/MacOSX.platform/Developer/SDKs/MacOSX26.5.sdk /Users/huangzhe/Documents/GitHub/OrangeLen/build/DerivedData/SDKStatCaches.noindex/macosx26.5-25F70-e082c4a02f00227109f4ed75e425c832.sdkstatcache
    cd /Users/huangzhe/Documents/GitHub/OrangeLen/OrangeLen.xcodeproj
    /Applications/Xcode.app/Contents/Developer/Toolchains/XcodeDefault.xctoolchain/usr/bin/clang-stat-cache /Applications/Xcode.app/Contents/Developer/Platforms/MacOSX.platform/Developer/SDKs/MacOSX26.5.sdk -o /Users/huangzhe/Documents/GitHub/OrangeLen/build/DerivedData/SDKStatCaches.noindex/macosx26.5-25F70-e082c4a02f00227109f4ed75e425c832.sdkstatcache

SwiftDriver OrangeLenCore normal arm64 com.apple.xcode.tools.swift.compiler (in target 'OrangeLenCore' from project 'OrangeLen' at path '/Users/huangzhe/Documents/GitHub/OrangeLen/Packages/OrangeLen/Package.swift')
    cd /Users/huangzhe/Documents/GitHub/OrangeLen/OrangeLen.xcodeproj
    builtin-SwiftDriver -- /Applications/Xcode.app/Contents/Developer/Toolchains/XcodeDefault.xctoolchain/usr/bin/swiftc -module-name OrangeLenCore -Onone @/Users/huangzhe/Documents/GitHub/OrangeLen/build/DerivedData/Build/Intermediates.noindex/OrangeLen.build/Debug/OrangeLenCore.build/Objects-normal/arm64/OrangeLenCore.SwiftFileList -DSWIFT_PACKAGE -DDEBUG -DSWIFT_MODULE_RESOURCE_BUNDLE_UNAVAILABLE -Xcc -fmodule-map-file\=/Users/huangzhe/Documents/GitHub/OrangeLen/Packages/OrangeLen/Sources/CZlib/module.modulemap -Xcc -fmodule-map-file\=/Users/huangzhe/Documents/GitHub/OrangeLen/Packages/OrangeLen/Sources/CSQLite/module.modulemap -DXcode -plugin-path /Applications/Xcode.app/Contents/Developer/Toolchains/XcodeDefault.xctoolchain/usr/lib/swift/host/plugins/testing -enable-experimental-feature DebugDescriptionMacro -sdk /Applications/Xcode.app/Contents/Developer/Platforms/MacOSX.platform/Developer/SDKs/MacOSX26.5.sdk -target arm64-apple-macos14.0 -g -module-cache-path /Users/huangzhe/Documents/GitHub/OrangeLen/build/DerivedData/ModuleCache.noindex -Xfrontend -serialize-debugging-options -enable-testing -index-store-path /Users/huangzhe/Documents/GitHub/OrangeLen/build/DerivedData/Index.noindex/DataStore -Xcc -D_LIBCPP_HARDENING_MODE\=_LIBCPP_HARDENING_MODE_DEBUG -swift-version 5 -I /Users/huangzhe/Documents/GitHub/OrangeLen/build/DerivedData/Build/Products/Debug -Isystem /Applications/Xcode.app/Contents/Developer/Platforms/MacOSX.platform/Developer/usr/lib -F /Users/huangzhe/Documents/GitHub/OrangeLen/build/DerivedData/Build/Products/Debug/PackageFrameworks -F /Users/huangzhe/Documents/GitHub/OrangeLen/build/DerivedData/Build/Products/Debug/PackageFrameworks -F /Users/huangzhe/Documents/GitHub/OrangeLen/build/DerivedData/Build/Products/Debug/PackageFrameworks -F /Users/huangzhe/Documents/GitHub/OrangeLen/build/DerivedData/Build/Products/Debug/PackageFrameworks -F /Users/huangzhe/Documents/GitHub/OrangeLen/build/DerivedData/Build/Products/Debug -F /Applications/Xcode.app/Contents/Developer/Platforms/MacOSX.platform/Developer/Library/Frameworks -c -j11 -enable-batch-mode -incremental -Xcc -ivfsstatcache -Xcc /Users/huangzhe/Documents/GitHub/OrangeLen/build/DerivedData/SDKStatCaches.noindex/macosx26.5-25F70-e082c4a02f00227109f4ed75e425c832.sdkstatcache -output-file-map /Users/huangzhe/Documents/GitHub/OrangeLen/build/DerivedData/Build/Intermediates.noindex/OrangeLen.build/Debug/OrangeLenCore.build/Objects-normal/arm64/OrangeLenCore-OutputFileMap.json -use-frontend-parseable-output -save-temps -no-color-diagnostics -explicit-module-build -module-cache-path /Users/huangzhe/Documents/GitHub/OrangeLen/build/DerivedData/Build/Intermediates.noindex/SwiftExplicitPrecompiledModules -clang-scanner-module-cache-path /Users/huangzhe/Documents/GitHub/OrangeLen/build/DerivedData/ModuleCache.noindex -sdk-module-cache-path /Users/huangzhe/Documents/GitHub/OrangeLen/build/DerivedData/ModuleCache.noindex -serialize-diagnostics -emit-dependencies -emit-module -emit-module-path /Users/huangzhe/Documents/GitHub/OrangeLen/build/DerivedData/Build/Intermediates.noindex/OrangeLen.build/Debug/OrangeLenCore.build/Objects-normal/arm64/OrangeLenCore.swiftmodule -validate-clang-modules-once -clang-build-session-file /Users/huangzhe/Documents/GitHub/OrangeLen/build/DerivedData/ModuleCache.noindex/Session.modulevalidation -package-name orangelen -Xcc -I/Users/huangzhe/Documents/GitHub/OrangeLen/build/DerivedData/Build/Intermediates.noindex/OrangeLen.build/Debug/OrangeLenCore.build/swift-overrides.hmap -emit-const-values -Xfrontend -const-gather-protocols-file -Xfrontend /Users/huangzhe/Documents/GitHub/OrangeLen/build/DerivedData/Build/Intermediates.noindex/OrangeLen.build/Debug/OrangeLenCore.build/Objects-normal/arm64/OrangeLenCore_const_extract_protocols.json -Xcc -I/Users/huangzhe/Documents/GitHub/OrangeLen/build/DerivedData/SourcePackages/checkouts/swift-cmark/src/include -Xcc -I/Users/huangzhe/Documents/GitHub/OrangeLen/build/DerivedData/SourcePackages/checkouts/swift-cmark/extensions/include -Xcc -I/Users/huangzhe/Documents/GitHub/OrangeLen/build/DerivedData/SourcePackages/checkouts/swift-markdown/Sources/CAtomic/include -Xcc -I/Users/huangzhe/Documents/GitHub/OrangeLen/build/DerivedData/Build/Products/Debug/include -Xcc -I/Users/huangzhe/Documents/GitHub/OrangeLen/build/DerivedData/Build/Intermediates.noindex/OrangeLen.build/Debug/OrangeLenCore.build/DerivedSources-normal/arm64 -Xcc -I/Users/huangzhe/Documents/GitHub/OrangeLen/build/DerivedData/Build/Intermediates.noindex/OrangeLen.build/Debug/OrangeLenCore.build/DerivedSources/arm64 -Xcc -I/Users/huangzhe/Documents/GitHub/OrangeLen/build/DerivedData/Build/Intermediates.noindex/OrangeLen.build/Debug/OrangeLenCore.build/DerivedSources -Xcc -DSWIFT_PACKAGE -Xcc -DDEBUG\=1 -emit-objc-header -emit-objc-header-path /Users/huangzhe/Documents/GitHub/OrangeLen/build/DerivedData/Build/Intermediates.noindex/OrangeLen.build/Debug/OrangeLenCore.build/Objects-normal/arm64/OrangeLenCore-Swift.h -working-directory /Users/huangzhe/Documents/GitHub/OrangeLen/OrangeLen.xcodeproj -experimental-emit-module-separately -disable-cmo

SwiftEmitModule normal arm64 Emitting\ module\ for\ OrangeLenCore (in target 'OrangeLenCore' from project 'OrangeLen' at path '/Users/huangzhe/Documents/GitHub/OrangeLen/Packages/OrangeLen/Package.swift')

EmitSwiftModule normal arm64 (in target 'OrangeLenCore' from project 'OrangeLen' at path '/Users/huangzhe/Documents/GitHub/OrangeLen/Packages/OrangeLen/Package.swift')
    cd /Users/huangzhe/Documents/GitHub/OrangeLen/OrangeLen.xcodeproj
    

SwiftDriverJobDiscovery normal arm64 Emitting module for OrangeLenCore (in target 'OrangeLenCore' from project 'OrangeLen' at path '/Users/huangzhe/Documents/GitHub/OrangeLen/Packages/OrangeLen/Package.swift')

SwiftDriver\ Compilation\ Requirements OrangeLenCore normal arm64 com.apple.xcode.tools.swift.compiler (in target 'OrangeLenCore' from project 'OrangeLen' at path '/Users/huangzhe/Documents/GitHub/OrangeLen/Packages/OrangeLen/Package.swift')
    cd /Users/huangzhe/Documents/GitHub/OrangeLen/OrangeLen.xcodeproj
    builtin-Swift-Compilation-Requirements -- /Applications/Xcode.app/Contents/Developer/Toolchains/XcodeDefault.xctoolchain/usr/bin/swiftc -module-name OrangeLenCore -Onone @/Users/huangzhe/Documents/GitHub/OrangeLen/build/DerivedData/Build/Intermediates.noindex/OrangeLen.build/Debug/OrangeLenCore.build/Objects-normal/arm64/OrangeLenCore.SwiftFileList -DSWIFT_PACKAGE -DDEBUG -DSWIFT_MODULE_RESOURCE_BUNDLE_UNAVAILABLE -Xcc -fmodule-map-file\=/Users/huangzhe/Documents/GitHub/OrangeLen/Packages/OrangeLen/Sources/CZlib/module.modulemap -Xcc -fmodule-map-file\=/Users/huangzhe/Documents/GitHub/OrangeLen/Packages/OrangeLen/Sources/CSQLite/module.modulemap -DXcode -plugin-path /Applications/Xcode.app/Contents/Developer/Toolchains/XcodeDefault.xctoolchain/usr/lib/swift/host/plugins/testing -enable-experimental-feature DebugDescriptionMacro -sdk /Applications/Xcode.app/Contents/Developer/Platforms/MacOSX.platform/Developer/SDKs/MacOSX26.5.sdk -target arm64-apple-macos14.0 -g -module-cache-path /Users/huangzhe/Documents/GitHub/OrangeLen/build/DerivedData/ModuleCache.noindex -Xfrontend -serialize-debugging-options -enable-testing -index-store-path /Users/huangzhe/Documents/GitHub/OrangeLen/build/DerivedData/Index.noindex/DataStore -Xcc -D_LIBCPP_HARDENING_MODE\=_LIBCPP_HARDENING_MODE_DEBUG -swift-version 5 -I /Users/huangzhe/Documents/GitHub/OrangeLen/build/DerivedData/Build/Products/Debug -Isystem /Applications/Xcode.app/Contents/Developer/Platforms/MacOSX.platform/Developer/usr/lib -F /Users/huangzhe/Documents/GitHub/OrangeLen/build/DerivedData/Build/Products/Debug/PackageFrameworks -F /Users/huangzhe/Documents/GitHub/OrangeLen/build/DerivedData/Build/Products/Debug/PackageFrameworks -F /Users/huangzhe/Documents/GitHub/OrangeLen/build/DerivedData/Build/Products/Debug/PackageFrameworks -F /Users/huangzhe/Documents/GitHub/OrangeLen/build/DerivedData/Build/Products/Debug/PackageFrameworks -F /Users/huangzhe/Documents/GitHub/OrangeLen/build/DerivedData/Build/Products/Debug -F /Applications/Xcode.app/Contents/Developer/Platforms/MacOSX.platform/Developer/Library/Frameworks -c -j11 -enable-batch-mode -incremental -Xcc -ivfsstatcache -Xcc /Users/huangzhe/Documents/GitHub/OrangeLen/build/DerivedData/SDKStatCaches.noindex/macosx26.5-25F70-e082c4a02f00227109f4ed75e425c832.sdkstatcache -output-file-map /Users/huangzhe/Documents/GitHub/OrangeLen/build/DerivedData/Build/Intermediates.noindex/OrangeLen.build/Debug/OrangeLenCore.build/Objects-normal/arm64/OrangeLenCore-OutputFileMap.json -use-frontend-parseable-output -save-temps -no-color-diagnostics -explicit-module-build -module-cache-path /Users/huangzhe/Documents/GitHub/OrangeLen/build/DerivedData/Build/Intermediates.noindex/SwiftExplicitPrecompiledModules -clang-scanner-module-cache-path /Users/huangzhe/Documents/GitHub/OrangeLen/build/DerivedData/ModuleCache.noindex -sdk-module-cache-path /Users/huangzhe/Documents/GitHub/OrangeLen/build/DerivedData/ModuleCache.noindex -serialize-diagnostics -emit-dependencies -emit-module -emit-module-path /Users/huangzhe/Documents/GitHub/OrangeLen/build/DerivedData/Build/Intermediates.noindex/OrangeLen.build/Debug/OrangeLenCore.build/Objects-normal/arm64/OrangeLenCore.swiftmodule -validate-clang-modules-once -clang-build-session-file /Users/huangzhe/Documents/GitHub/OrangeLen/build/DerivedData/ModuleCache.noindex/Session.modulevalidation -package-name orangelen -Xcc -I/Users/huangzhe/Documents/GitHub/OrangeLen/build/DerivedData/Build/Intermediates.noindex/OrangeLen.build/Debug/OrangeLenCore.build/swift-overrides.hmap -emit-const-values -Xfrontend -const-gather-protocols-file -Xfrontend /Users/huangzhe/Documents/GitHub/OrangeLen/build/DerivedData/Build/Intermediates.noindex/OrangeLen.build/Debug/OrangeLenCore.build/Objects-normal/arm64/OrangeLenCore_const_extract_protocols.json -Xcc -I/Users/huangzhe/Documents/GitHub/OrangeLen/build/DerivedData/SourcePackages/checkouts/swift-cmark/src/include -Xcc -I/Users/huangzhe/Documents/GitHub/OrangeLen/build/DerivedData/SourcePackages/checkouts/swift-cmark/extensions/include -Xcc -I/Users/huangzhe/Documents/GitHub/OrangeLen/build/DerivedData/SourcePackages/checkouts/swift-markdown/Sources/CAtomic/include -Xcc -I/Users/huangzhe/Documents/GitHub/OrangeLen/build/DerivedData/Build/Products/Debug/include -Xcc -I/Users/huangzhe/Documents/GitHub/OrangeLen/build/DerivedData/Build/Intermediates.noindex/OrangeLen.build/Debug/OrangeLenCore.build/DerivedSources-normal/arm64 -Xcc -I/Users/huangzhe/Documents/GitHub/OrangeLen/build/DerivedData/Build/Intermediates.noindex/OrangeLen.build/Debug/OrangeLenCore.build/DerivedSources/arm64 -Xcc -I/Users/huangzhe/Documents/GitHub/OrangeLen/build/DerivedData/Build/Intermediates.noindex/OrangeLen.build/Debug/OrangeLenCore.build/DerivedSources -Xcc -DSWIFT_PACKAGE -Xcc -DDEBUG\=1 -emit-objc-header -emit-objc-header-path /Users/huangzhe/Documents/GitHub/OrangeLen/build/DerivedData/Build/Intermediates.noindex/OrangeLen.build/Debug/OrangeLenCore.build/Objects-normal/arm64/OrangeLenCore-Swift.h -working-directory /Users/huangzhe/Documents/GitHub/OrangeLen/OrangeLen.xcodeproj -experimental-emit-module-separately -disable-cmo

Copy /Users/huangzhe/Documents/GitHub/OrangeLen/build/DerivedData/Build/Products/Debug/OrangeLenCore.swiftmodule/Project/arm64-apple-macos.swiftsourceinfo /Users/huangzhe/Documents/GitHub/OrangeLen/build/DerivedData/Build/Intermediates.noindex/OrangeLen.build/Debug/OrangeLenCore.build/Objects-normal/arm64/OrangeLenCore.swiftsourceinfo (in target 'OrangeLenCore' from project 'OrangeLen' at path '/Users/huangzhe/Documents/GitHub/OrangeLen/Packages/OrangeLen/Package.swift')
    cd /Users/huangzhe/Documents/GitHub/OrangeLen/Packages/OrangeLen
    builtin-copy -exclude .DS_Store -exclude CVS -exclude .svn -exclude .git -exclude .hg -resolve-src-symlinks -rename /Users/huangzhe/Documents/GitHub/OrangeLen/build/DerivedData/Build/Intermediates.noindex/OrangeLen.build/Debug/OrangeLenCore.build/Objects-normal/arm64/OrangeLenCore.swiftsourceinfo /Users/huangzhe/Documents/GitHub/OrangeLen/build/DerivedData/Build/Products/Debug/OrangeLenCore.swiftmodule/Project/arm64-apple-macos.swiftsourceinfo

Copy /Users/huangzhe/Documents/GitHub/OrangeLen/build/DerivedData/Build/Products/Debug/OrangeLenCore.swiftmodule/arm64-apple-macos.abi.json /Users/huangzhe/Documents/GitHub/OrangeLen/build/DerivedData/Build/Intermediates.noindex/OrangeLen.build/Debug/OrangeLenCore.build/Objects-normal/arm64/OrangeLenCore.abi.json (in target 'OrangeLenCore' from project 'OrangeLen' at path '/Users/huangzhe/Documents/GitHub/OrangeLen/Packages/OrangeLen/Package.swift')
    cd /Users/huangzhe/Documents/GitHub/OrangeLen/Packages/OrangeLen
    builtin-copy -exclude .DS_Store -exclude CVS -exclude .svn -exclude .git -exclude .hg -resolve-src-symlinks -rename /Users/huangzhe/Documents/GitHub/OrangeLen/build/DerivedData/Build/Intermediates.noindex/OrangeLen.build/Debug/OrangeLenCore.build/Objects-normal/arm64/OrangeLenCore.abi.json /Users/huangzhe/Documents/GitHub/OrangeLen/build/DerivedData/Build/Products/Debug/OrangeLenCore.swiftmodule/arm64-apple-macos.abi.json

SwiftDriver OrangeLenUI normal arm64 com.apple.xcode.tools.swift.compiler (in target 'OrangeLenUI' from project 'OrangeLen' at path '/Users/huangzhe/Documents/GitHub/OrangeLen/Packages/OrangeLen/Package.swift')
    cd /Users/huangzhe/Documents/GitHub/OrangeLen/OrangeLen.xcodeproj
    builtin-SwiftDriver -- /Applications/Xcode.app/Contents/Developer/Toolchains/XcodeDefault.xctoolchain/usr/bin/swiftc -module-name OrangeLenUI -Onone @/Users/huangzhe/Documents/GitHub/OrangeLen/build/DerivedData/Build/Intermediates.noindex/OrangeLen.build/Debug/OrangeLenUI.build/Objects-normal/arm64/OrangeLenUI.SwiftFileList -DSWIFT_PACKAGE -DDEBUG -DSWIFT_MODULE_RESOURCE_BUNDLE_AVAILABLE -Xcc -fmodule-map-file\=/Users/huangzhe/Documents/GitHub/OrangeLen/Packages/OrangeLen/Sources/CZlib/module.modulemap -Xcc -fmodule-map-file\=/Users/huangzhe/Documents/GitHub/OrangeLen/Packages/OrangeLen/Sources/CSQLite/module.modulemap -DXcode -plugin-path /Applications/Xcode.app/Contents/Developer/Toolchains/XcodeDefault.xctoolchain/usr/lib/swift/host/plugins/testing -enable-experimental-feature DebugDescriptionMacro -sdk /Applications/Xcode.app/Contents/Developer/Platforms/MacOSX.platform/Developer/SDKs/MacOSX26.5.sdk -target arm64-apple-macos14.0 -g -module-cache-path /Users/huangzhe/Documents/GitHub/OrangeLen/build/DerivedData/ModuleCache.noindex -Xfrontend -serialize-debugging-options -enable-testing -index-store-path /Users/huangzhe/Documents/GitHub/OrangeLen/build/DerivedData/Index.noindex/DataStore -Xcc -D_LIBCPP_HARDENING_MODE\=_LIBCPP_HARDENING_MODE_DEBUG -swift-version 5 -I /Users/huangzhe/Documents/GitHub/OrangeLen/build/DerivedData/Build/Products/Debug -Isystem /Applications/Xcode.app/Contents/Developer/Platforms/MacOSX.platform/Developer/usr/lib -F /Users/huangzhe/Documents/GitHub/OrangeLen/build/DerivedData/Build/Products/Debug/PackageFrameworks -F /Users/huangzhe/Documents/GitHub/OrangeLen/build/DerivedData/Build/Products/Debug/PackageFrameworks -F /Users/huangzhe/Documents/GitHub/OrangeLen/build/DerivedData/Build/Products/Debug/PackageFrameworks -F /Users/huangzhe/Documents/GitHub/OrangeLen/build/DerivedData/Build/Products/Debug/PackageFrameworks -F /Users/huangzhe/Documents/GitHub/OrangeLen/build/DerivedData/Build/Products/Debug/PackageFrameworks -F /Users/huangzhe/Documents/GitHub/OrangeLen/build/DerivedData/Build/Products/Debug -F /Applications/Xcode.app/Contents/Developer/Platforms/MacOSX.platform/Developer/Library/Frameworks -c -j11 -enable-batch-mode -incremental -Xcc -ivfsstatcache -Xcc /Users/huangzhe/Documents/GitHub/OrangeLen/build/DerivedData/SDKStatCaches.noindex/macosx26.5-25F70-e082c4a02f00227109f4ed75e425c832.sdkstatcache -output-file-map /Users/huangzhe/Documents/GitHub/OrangeLen/build/DerivedData/Build/Intermediates.noindex/OrangeLen.build/Debug/OrangeLenUI.build/Objects-normal/arm64/OrangeLenUI-OutputFileMap.json -use-frontend-parseable-output -save-temps -no-color-diagnostics -explicit-module-build -module-cache-path /Users/huangzhe/Documents/GitHub/OrangeLen/build/DerivedData/Build/Intermediates.noindex/SwiftExplicitPrecompiledModules -clang-scanner-module-cache-path /Users/huangzhe/Documents/GitHub/OrangeLen/build/DerivedData/ModuleCache.noindex -sdk-module-cache-path /Users/huangzhe/Documents/GitHub/OrangeLen/build/DerivedData/ModuleCache.noindex -serialize-diagnostics -emit-dependencies -emit-module -emit-module-path /Users/huangzhe/Documents/GitHub/OrangeLen/build/DerivedData/Build/Intermediates.noindex/OrangeLen.build/Debug/OrangeLenUI.build/Objects-normal/arm64/OrangeLenUI.swiftmodule -validate-clang-modules-once -clang-build-session-file /Users/huangzhe/Documents/GitHub/OrangeLen/build/DerivedData/ModuleCache.noindex/Session.modulevalidation -package-name orangelen -Xcc -I/Users/huangzhe/Documents/GitHub/OrangeLen/build/DerivedData/Build/Intermediates.noindex/OrangeLen.build/Debug/OrangeLenUI.build/swift-overrides.hmap -emit-const-values -Xfrontend -const-gather-protocols-file -Xfrontend /Users/huangzhe/Documents/GitHub/OrangeLen/build/DerivedData/Build/Intermediates.noindex/OrangeLen.build/Debug/OrangeLenUI.build/Objects-normal/arm64/OrangeLenUI_const_extract_protocols.json -Xcc -I/Users/huangzhe/Documents/GitHub/OrangeLen/build/DerivedData/SourcePackages/checkouts/swift-cmark/src/include -Xcc -I/Users/huangzhe/Documents/GitHub/OrangeLen/build/DerivedData/SourcePackages/checkouts/swift-cmark/extensions/include -Xcc -I/Users/huangzhe/Documents/GitHub/OrangeLen/build/DerivedData/SourcePackages/checkouts/swift-markdown/Sources/CAtomic/include -Xcc -I/Users/huangzhe/Documents/GitHub/OrangeLen/build/DerivedData/Build/Products/Debug/include -Xcc -I/Users/huangzhe/Documents/GitHub/OrangeLen/build/DerivedData/Build/Intermediates.noindex/OrangeLen.build/Debug/OrangeLenUI.build/DerivedSources-normal/arm64 -Xcc -I/Users/huangzhe/Documents/GitHub/OrangeLen/build/DerivedData/Build/Intermediates.noindex/OrangeLen.build/Debug/OrangeLenUI.build/DerivedSources/arm64 -Xcc -I/Users/huangzhe/Documents/GitHub/OrangeLen/build/DerivedData/Build/Intermediates.noindex/OrangeLen.build/Debug/OrangeLenUI.build/DerivedSources -Xcc -DSWIFT_PACKAGE -Xcc -DDEBUG\=1 -emit-objc-header -emit-objc-header-path /Users/huangzhe/Documents/GitHub/OrangeLen/build/DerivedData/Build/Intermediates.noindex/OrangeLen.build/Debug/OrangeLenUI.build/Objects-normal/arm64/OrangeLenUI-Swift.h -working-directory /Users/huangzhe/Documents/GitHub/OrangeLen/OrangeLen.xcodeproj -experimental-emit-module-separately -disable-cmo

SwiftEmitModule normal arm64 Emitting\ module\ for\ OrangeLenUI (in target 'OrangeLenUI' from project 'OrangeLen' at path '/Users/huangzhe/Documents/GitHub/OrangeLen/Packages/OrangeLen/Package.swift')

EmitSwiftModule normal arm64 (in target 'OrangeLenUI' from project 'OrangeLen' at path '/Users/huangzhe/Documents/GitHub/OrangeLen/Packages/OrangeLen/Package.swift')
    cd /Users/huangzhe/Documents/GitHub/OrangeLen/OrangeLen.xcodeproj
    

SwiftDriverJobDiscovery normal arm64 Emitting module for OrangeLenUI (in target 'OrangeLenUI' from project 'OrangeLen' at path '/Users/huangzhe/Documents/GitHub/OrangeLen/Packages/OrangeLen/Package.swift')

SwiftDriver\ Compilation\ Requirements OrangeLenUI normal arm64 com.apple.xcode.tools.swift.compiler (in target 'OrangeLenUI' from project 'OrangeLen' at path '/Users/huangzhe/Documents/GitHub/OrangeLen/Packages/OrangeLen/Package.swift')
    cd /Users/huangzhe/Documents/GitHub/OrangeLen/OrangeLen.xcodeproj
    builtin-Swift-Compilation-Requirements -- /Applications/Xcode.app/Contents/Developer/Toolchains/XcodeDefault.xctoolchain/usr/bin/swiftc -module-name OrangeLenUI -Onone @/Users/huangzhe/Documents/GitHub/OrangeLen/build/DerivedData/Build/Intermediates.noindex/OrangeLen.build/Debug/OrangeLenUI.build/Objects-normal/arm64/OrangeLenUI.SwiftFileList -DSWIFT_PACKAGE -DDEBUG -DSWIFT_MODULE_RESOURCE_BUNDLE_AVAILABLE -Xcc -fmodule-map-file\=/Users/huangzhe/Documents/GitHub/OrangeLen/Packages/OrangeLen/Sources/CZlib/module.modulemap -Xcc -fmodule-map-file\=/Users/huangzhe/Documents/GitHub/OrangeLen/Packages/OrangeLen/Sources/CSQLite/module.modulemap -DXcode -plugin-path /Applications/Xcode.app/Contents/Developer/Toolchains/XcodeDefault.xctoolchain/usr/lib/swift/host/plugins/testing -enable-experimental-feature DebugDescriptionMacro -sdk /Applications/Xcode.app/Contents/Developer/Platforms/MacOSX.platform/Developer/SDKs/MacOSX26.5.sdk -target arm64-apple-macos14.0 -g -module-cache-path /Users/huangzhe/Documents/GitHub/OrangeLen/build/DerivedData/ModuleCache.noindex -Xfrontend -serialize-debugging-options -enable-testing -index-store-path /Users/huangzhe/Documents/GitHub/OrangeLen/build/DerivedData/Index.noindex/DataStore -Xcc -D_LIBCPP_HARDENING_MODE\=_LIBCPP_HARDENING_MODE_DEBUG -swift-version 5 -I /Users/huangzhe/Documents/GitHub/OrangeLen/build/DerivedData/Build/Products/Debug -Isystem /Applications/Xcode.app/Contents/Developer/Platforms/MacOSX.platform/Developer/usr/lib -F /Users/huangzhe/Documents/GitHub/OrangeLen/build/DerivedData/Build/Products/Debug/PackageFrameworks -F /Users/huangzhe/Documents/GitHub/OrangeLen/build/DerivedData/Build/Products/Debug/PackageFrameworks -F /Users/huangzhe/Documents/GitHub/OrangeLen/build/DerivedData/Build/Products/Debug/PackageFrameworks -F /Users/huangzhe/Documents/GitHub/OrangeLen/build/DerivedData/Build/Products/Debug/PackageFrameworks -F /Users/huangzhe/Documents/GitHub/OrangeLen/build/DerivedData/Build/Products/Debug/PackageFrameworks -F /Users/huangzhe/Documents/GitHub/OrangeLen/build/DerivedData/Build/Products/Debug -F /Applications/Xcode.app/Contents/Developer/Platforms/MacOSX.platform/Developer/Library/Frameworks -c -j11 -enable-batch-mode -incremental -Xcc -ivfsstatcache -Xcc /Users/huangzhe/Documents/GitHub/OrangeLen/build/DerivedData/SDKStatCaches.noindex/macosx26.5-25F70-e082c4a02f00227109f4ed75e425c832.sdkstatcache -output-file-map /Users/huangzhe/Documents/GitHub/OrangeLen/build/DerivedData/Build/Intermediates.noindex/OrangeLen.build/Debug/OrangeLenUI.build/Objects-normal/arm64/OrangeLenUI-OutputFileMap.json -use-frontend-parseable-output -save-temps -no-color-diagnostics -explicit-module-build -module-cache-path /Users/huangzhe/Documents/GitHub/OrangeLen/build/DerivedData/Build/Intermediates.noindex/SwiftExplicitPrecompiledModules -clang-scanner-module-cache-path /Users/huangzhe/Documents/GitHub/OrangeLen/build/DerivedData/ModuleCache.noindex -sdk-module-cache-path /Users/huangzhe/Documents/GitHub/OrangeLen/build/DerivedData/ModuleCache.noindex -serialize-diagnostics -emit-dependencies -emit-module -emit-module-path /Users/huangzhe/Documents/GitHub/OrangeLen/build/DerivedData/Build/Intermediates.noindex/OrangeLen.build/Debug/OrangeLenUI.build/Objects-normal/arm64/OrangeLenUI.swiftmodule -validate-clang-modules-once -clang-build-session-file /Users/huangzhe/Documents/GitHub/OrangeLen/build/DerivedData/ModuleCache.noindex/Session.modulevalidation -package-name orangelen -Xcc -I/Users/huangzhe/Documents/GitHub/OrangeLen/build/DerivedData/Build/Intermediates.noindex/OrangeLen.build/Debug/OrangeLenUI.build/swift-overrides.hmap -emit-const-values -Xfrontend -const-gather-protocols-file -Xfrontend /Users/huangzhe/Documents/GitHub/OrangeLen/build/DerivedData/Build/Intermediates.noindex/OrangeLen.build/Debug/OrangeLenUI.build/Objects-normal/arm64/OrangeLenUI_const_extract_protocols.json -Xcc -I/Users/huangzhe/Documents/GitHub/OrangeLen/build/DerivedData/SourcePackages/checkouts/swift-cmark/src/include -Xcc -I/Users/huangzhe/Documents/GitHub/OrangeLen/build/DerivedData/SourcePackages/checkouts/swift-cmark/extensions/include -Xcc -I/Users/huangzhe/Documents/GitHub/OrangeLen/build/DerivedData/SourcePackages/checkouts/swift-markdown/Sources/CAtomic/include -Xcc -I/Users/huangzhe/Documents/GitHub/OrangeLen/build/DerivedData/Build/Products/Debug/include -Xcc -I/Users/huangzhe/Documents/GitHub/OrangeLen/build/DerivedData/Build/Intermediates.noindex/OrangeLen.build/Debug/OrangeLenUI.build/DerivedSources-normal/arm64 -Xcc -I/Users/huangzhe/Documents/GitHub/OrangeLen/build/DerivedData/Build/Intermediates.noindex/OrangeLen.build/Debug/OrangeLenUI.build/DerivedSources/arm64 -Xcc -I/Users/huangzhe/Documents/GitHub/OrangeLen/build/DerivedData/Build/Intermediates.noindex/OrangeLen.build/Debug/OrangeLenUI.build/DerivedSources -Xcc -DSWIFT_PACKAGE -Xcc -DDEBUG\=1 -emit-objc-header -emit-objc-header-path /Users/huangzhe/Documents/GitHub/OrangeLen/build/DerivedData/Build/Intermediates.noindex/OrangeLen.build/Debug/OrangeLenUI.build/Objects-normal/arm64/OrangeLenUI-Swift.h -working-directory /Users/huangzhe/Documents/GitHub/OrangeLen/OrangeLen.xcodeproj -experimental-emit-module-separately -disable-cmo

Copy /Users/huangzhe/Documents/GitHub/OrangeLen/build/DerivedData/Build/Products/Debug/OrangeLenUI.swiftmodule/Project/arm64-apple-macos.swiftsourceinfo /Users/huangzhe/Documents/GitHub/OrangeLen/build/DerivedData/Build/Intermediates.noindex/OrangeLen.build/Debug/OrangeLenUI.build/Objects-normal/arm64/OrangeLenUI.swiftsourceinfo (in target 'OrangeLenUI' from project 'OrangeLen' at path '/Users/huangzhe/Documents/GitHub/OrangeLen/Packages/OrangeLen/Package.swift')
    cd /Users/huangzhe/Documents/GitHub/OrangeLen/Packages/OrangeLen
    builtin-copy -exclude .DS_Store -exclude CVS -exclude .svn -exclude .git -exclude .hg -resolve-src-symlinks -rename /Users/huangzhe/Documents/GitHub/OrangeLen/build/DerivedData/Build/Intermediates.noindex/OrangeLen.build/Debug/OrangeLenUI.build/Objects-normal/arm64/OrangeLenUI.swiftsourceinfo /Users/huangzhe/Documents/GitHub/OrangeLen/build/DerivedData/Build/Products/Debug/OrangeLenUI.swiftmodule/Project/arm64-apple-macos.swiftsourceinfo

Copy /Users/huangzhe/Documents/GitHub/OrangeLen/build/DerivedData/Build/Products/Debug/OrangeLenUI.swiftmodule/arm64-apple-macos.abi.json /Users/huangzhe/Documents/GitHub/OrangeLen/build/DerivedData/Build/Intermediates.noindex/OrangeLen.build/Debug/OrangeLenUI.build/Objects-normal/arm64/OrangeLenUI.abi.json (in target 'OrangeLenUI' from project 'OrangeLen' at path '/Users/huangzhe/Documents/GitHub/OrangeLen/Packages/OrangeLen/Package.swift')
    cd /Users/huangzhe/Documents/GitHub/OrangeLen/Packages/OrangeLen
    builtin-copy -exclude .DS_Store -exclude CVS -exclude .svn -exclude .git -exclude .hg -resolve-src-symlinks -rename /Users/huangzhe/Documents/GitHub/OrangeLen/build/DerivedData/Build/Intermediates.noindex/OrangeLen.build/Debug/OrangeLenUI.build/Objects-normal/arm64/OrangeLenUI.abi.json /Users/huangzhe/Documents/GitHub/OrangeLen/build/DerivedData/Build/Products/Debug/OrangeLenUI.swiftmodule/arm64-apple-macos.abi.json

SwiftCompile normal arm64 Compiling\ SystemPreviewFormat.swift /Users/huangzhe/Documents/GitHub/OrangeLen/Packages/OrangeLen/Sources/OrangeLenCore/SystemPreviewFormat.swift (in target 'OrangeLenCore' from project 'OrangeLen' at path '/Users/huangzhe/Documents/GitHub/OrangeLen/Packages/OrangeLen/Package.swift')

SwiftCompile normal arm64 /Users/huangzhe/Documents/GitHub/OrangeLen/Packages/OrangeLen/Sources/OrangeLenCore/SystemPreviewFormat.swift (in target 'OrangeLenCore' from project 'OrangeLen' at path '/Users/huangzhe/Documents/GitHub/OrangeLen/Packages/OrangeLen/Package.swift')
    cd /Users/huangzhe/Documents/GitHub/OrangeLen/OrangeLen.xcodeproj
    

SwiftDriverJobDiscovery normal arm64 Compiling SystemPreviewFormat.swift (in target 'OrangeLenCore' from project 'OrangeLen' at path '/Users/huangzhe/Documents/GitHub/OrangeLen/Packages/OrangeLen/Package.swift')

SwiftDriver\ Compilation OrangeLenCore normal arm64 com.apple.xcode.tools.swift.compiler (in target 'OrangeLenCore' from project 'OrangeLen' at path '/Users/huangzhe/Documents/GitHub/OrangeLen/Packages/OrangeLen/Package.swift')
    cd /Users/huangzhe/Documents/GitHub/OrangeLen/OrangeLen.xcodeproj
    builtin-Swift-Compilation -- /Applications/Xcode.app/Contents/Developer/Toolchains/XcodeDefault.xctoolchain/usr/bin/swiftc -module-name OrangeLenCore -Onone @/Users/huangzhe/Documents/GitHub/OrangeLen/build/DerivedData/Build/Intermediates.noindex/OrangeLen.build/Debug/OrangeLenCore.build/Objects-normal/arm64/OrangeLenCore.SwiftFileList -DSWIFT_PACKAGE -DDEBUG -DSWIFT_MODULE_RESOURCE_BUNDLE_UNAVAILABLE -Xcc -fmodule-map-file\=/Users/huangzhe/Documents/GitHub/OrangeLen/Packages/OrangeLen/Sources/CZlib/module.modulemap -Xcc -fmodule-map-file\=/Users/huangzhe/Documents/GitHub/OrangeLen/Packages/OrangeLen/Sources/CSQLite/module.modulemap -DXcode -plugin-path /Applications/Xcode.app/Contents/Developer/Toolchains/XcodeDefault.xctoolchain/usr/lib/swift/host/plugins/testing -enable-experimental-feature DebugDescriptionMacro -sdk /Applications/Xcode.app/Contents/Developer/Platforms/MacOSX.platform/Developer/SDKs/MacOSX26.5.sdk -target arm64-apple-macos14.0 -g -module-cache-path /Users/huangzhe/Documents/GitHub/OrangeLen/build/DerivedData/ModuleCache.noindex -Xfrontend -serialize-debugging-options -enable-testing -index-store-path /Users/huangzhe/Documents/GitHub/OrangeLen/build/DerivedData/Index.noindex/DataStore -Xcc -D_LIBCPP_HARDENING_MODE\=_LIBCPP_HARDENING_MODE_DEBUG -swift-version 5 -I /Users/huangzhe/Documents/GitHub/OrangeLen/build/DerivedData/Build/Products/Debug -Isystem /Applications/Xcode.app/Contents/Developer/Platforms/MacOSX.platform/Developer/usr/lib -F /Users/huangzhe/Documents/GitHub/OrangeLen/build/DerivedData/Build/Products/Debug/PackageFrameworks -F /Users/huangzhe/Documents/GitHub/OrangeLen/build/DerivedData/Build/Products/Debug/PackageFrameworks -F /Users/huangzhe/Documents/GitHub/OrangeLen/build/DerivedData/Build/Products/Debug/PackageFrameworks -F /Users/huangzhe/Documents/GitHub/OrangeLen/build/DerivedData/Build/Products/Debug/PackageFrameworks -F /Users/huangzhe/Documents/GitHub/OrangeLen/build/DerivedData/Build/Products/Debug -F /Applications/Xcode.app/Contents/Developer/Platforms/MacOSX.platform/Developer/Library/Frameworks -c -j11 -enable-batch-mode -incremental -Xcc -ivfsstatcache -Xcc /Users/huangzhe/Documents/GitHub/OrangeLen/build/DerivedData/SDKStatCaches.noindex/macosx26.5-25F70-e082c4a02f00227109f4ed75e425c832.sdkstatcache -output-file-map /Users/huangzhe/Documents/GitHub/OrangeLen/build/DerivedData/Build/Intermediates.noindex/OrangeLen.build/Debug/OrangeLenCore.build/Objects-normal/arm64/OrangeLenCore-OutputFileMap.json -use-frontend-parseable-output -save-temps -no-color-diagnostics -explicit-module-build -module-cache-path /Users/huangzhe/Documents/GitHub/OrangeLen/build/DerivedData/Build/Intermediates.noindex/SwiftExplicitPrecompiledModules -clang-scanner-module-cache-path /Users/huangzhe/Documents/GitHub/OrangeLen/build/DerivedData/ModuleCache.noindex -sdk-module-cache-path /Users/huangzhe/Documents/GitHub/OrangeLen/build/DerivedData/ModuleCache.noindex -serialize-diagnostics -emit-dependencies -emit-module -emit-module-path /Users/huangzhe/Documents/GitHub/OrangeLen/build/DerivedData/Build/Intermediates.noindex/OrangeLen.build/Debug/OrangeLenCore.build/Objects-normal/arm64/OrangeLenCore.swiftmodule -validate-clang-modules-once -clang-build-session-file /Users/huangzhe/Documents/GitHub/OrangeLen/build/DerivedData/ModuleCache.noindex/Session.modulevalidation -package-name orangelen -Xcc -I/Users/huangzhe/Documents/GitHub/OrangeLen/build/DerivedData/Build/Intermediates.noindex/OrangeLen.build/Debug/OrangeLenCore.build/swift-overrides.hmap -emit-const-values -Xfrontend -const-gather-protocols-file -Xfrontend /Users/huangzhe/Documents/GitHub/OrangeLen/build/DerivedData/Build/Intermediates.noindex/OrangeLen.build/Debug/OrangeLenCore.build/Objects-normal/arm64/OrangeLenCore_const_extract_protocols.json -Xcc -I/Users/huangzhe/Documents/GitHub/OrangeLen/build/DerivedData/SourcePackages/checkouts/swift-cmark/src/include -Xcc -I/Users/huangzhe/Documents/GitHub/OrangeLen/build/DerivedData/SourcePackages/checkouts/swift-cmark/extensions/include -Xcc -I/Users/huangzhe/Documents/GitHub/OrangeLen/build/DerivedData/SourcePackages/checkouts/swift-markdown/Sources/CAtomic/include -Xcc -I/Users/huangzhe/Documents/GitHub/OrangeLen/build/DerivedData/Build/Products/Debug/include -Xcc -I/Users/huangzhe/Documents/GitHub/OrangeLen/build/DerivedData/Build/Intermediates.noindex/OrangeLen.build/Debug/OrangeLenCore.build/DerivedSources-normal/arm64 -Xcc -I/Users/huangzhe/Documents/GitHub/OrangeLen/build/DerivedData/Build/Intermediates.noindex/OrangeLen.build/Debug/OrangeLenCore.build/DerivedSources/arm64 -Xcc -I/Users/huangzhe/Documents/GitHub/OrangeLen/build/DerivedData/Build/Intermediates.noindex/OrangeLen.build/Debug/OrangeLenCore.build/DerivedSources -Xcc -DSWIFT_PACKAGE -Xcc -DDEBUG\=1 -emit-objc-header -emit-objc-header-path /Users/huangzhe/Documents/GitHub/OrangeLen/build/DerivedData/Build/Intermediates.noindex/OrangeLen.build/Debug/OrangeLenCore.build/Objects-normal/arm64/OrangeLenCore-Swift.h -working-directory /Users/huangzhe/Documents/GitHub/OrangeLen/OrangeLen.xcodeproj -experimental-emit-module-separately -disable-cmo

Ld /Users/huangzhe/Documents/GitHub/OrangeLen/build/DerivedData/Build/Products/Debug/OrangeLenCore.o normal (in target 'OrangeLenCore' from project 'OrangeLen' at path '/Users/huangzhe/Documents/GitHub/OrangeLen/Packages/OrangeLen/Package.swift')
    cd /Users/huangzhe/Documents/GitHub/OrangeLen/Packages/OrangeLen
    /Applications/Xcode.app/Contents/Developer/Toolchains/XcodeDefault.xctoolchain/usr/bin/clang -Xlinker -reproducible -target arm64-apple-macos14.0 -r -isysroot /Applications/Xcode.app/Contents/Developer/Platforms/MacOSX.platform/Developer/SDKs/MacOSX26.5.sdk -O0 -F/Users/huangzhe/Documents/GitHub/OrangeLen/build/DerivedData/Build/Intermediates.noindex/EagerLinkingTBDs/Debug -F/Users/huangzhe/Documents/GitHub/OrangeLen/build/DerivedData/Build/Products/Debug/PackageFrameworks -F/Users/huangzhe/Documents/GitHub/OrangeLen/build/DerivedData/Build/Products/Debug/PackageFrameworks -F/Users/huangzhe/Documents/GitHub/OrangeLen/build/DerivedData/Build/Products/Debug/PackageFrameworks -F/Users/huangzhe/Documents/GitHub/OrangeLen/build/DerivedData/Build/Products/Debug/PackageFrameworks -F/Users/huangzhe/Documents/GitHub/OrangeLen/build/DerivedData/Build/Products/Debug -iframework /Applications/Xcode.app/Contents/Developer/Platforms/MacOSX.platform/Developer/Library/Frameworks -filelist /Users/huangzhe/Documents/GitHub/OrangeLen/build/DerivedData/Build/Intermediates.noindex/OrangeLen.build/Debug/OrangeLenCore.build/Objects-normal/arm64/OrangeLenCore.LinkFileList -nostdlib -Xlinker -object_path_lto -Xlinker /Users/huangzhe/Documents/GitHub/OrangeLen/build/DerivedData/Build/Intermediates.noindex/OrangeLen.build/Debug/OrangeLenCore.build/Objects-normal/arm64/OrangeLenCore_lto.o -Xlinker -no_deduplicate -Xlinker -dependency_info -Xlinker /Users/huangzhe/Documents/GitHub/OrangeLen/build/DerivedData/Build/Intermediates.noindex/OrangeLen.build/Debug/OrangeLenCore.build/Objects-normal/arm64/OrangeLenCore_dependency_info.dat -fobjc-link-runtime -L/Applications/Xcode.app/Contents/Developer/Toolchains/XcodeDefault.xctoolchain/usr/lib/swift/macosx -L/usr/lib/swift -Xlinker -add_ast_path -Xlinker /Users/huangzhe/Documents/GitHub/OrangeLen/build/DerivedData/Build/Intermediates.noindex/OrangeLen.build/Debug/OrangeLenCore.build/Objects-normal/arm64/OrangeLenCore.swiftmodule @/Users/huangzhe/Documents/GitHub/OrangeLen/build/DerivedData/Build/Intermediates.noindex/OrangeLen.build/Debug/OrangeLenCore.build/Objects-normal/arm64/OrangeLenCore-linker-args.resp -o /Users/huangzhe/Documents/GitHub/OrangeLen/build/DerivedData/Build/Products/Debug/OrangeLenCore.o

SwiftCompile normal arm64 Compiling\ ReaderController.swift /Users/huangzhe/Documents/GitHub/OrangeLen/Packages/OrangeLen/Sources/OrangeLenUI/ReaderController.swift (in target 'OrangeLenUI' from project 'OrangeLen' at path '/Users/huangzhe/Documents/GitHub/OrangeLen/Packages/OrangeLen/Package.swift')

SwiftCompile normal arm64 /Users/huangzhe/Documents/GitHub/OrangeLen/Packages/OrangeLen/Sources/OrangeLenUI/ReaderController.swift (in target 'OrangeLenUI' from project 'OrangeLen' at path '/Users/huangzhe/Documents/GitHub/OrangeLen/Packages/OrangeLen/Package.swift')
    cd /Users/huangzhe/Documents/GitHub/OrangeLen/OrangeLen.xcodeproj
    

ExtractAppIntentsMetadata (in target 'OrangeLenCore' from project 'OrangeLen' at path '/Users/huangzhe/Documents/GitHub/OrangeLen/Packages/OrangeLen/Package.swift')
    cd /Users/huangzhe/Documents/GitHub/OrangeLen/Packages/OrangeLen
    /Applications/Xcode.app/Contents/Developer/Toolchains/XcodeDefault.xctoolchain/usr/bin/appintentsmetadataprocessor --toolchain-dir /Applications/Xcode.app/Contents/Developer/Toolchains/XcodeDefault.xctoolchain --module-name OrangeLenCore --sdk-root /Applications/Xcode.app/Contents/Developer/Platforms/MacOSX.platform/Developer/SDKs/MacOSX26.5.sdk --xcode-version 17F42 --platform-family macOS --deployment-target 14.0 --bundle-identifier orangelen.OrangeLenCore --output /Users/huangzhe/Documents/GitHub/OrangeLen/build/DerivedData/Build/Products/Debug/OrangeLenCore.appintents --target-triple arm64-apple-macos14.0 --binary-file /Users/huangzhe/Documents/GitHub/OrangeLen/build/DerivedData/Build/Products/Debug/OrangeLenCore.o --dependency-file /Users/huangzhe/Documents/GitHub/OrangeLen/build/DerivedData/Build/Intermediates.noindex/OrangeLen.build/Debug/OrangeLenCore.build/Objects-normal/arm64/OrangeLenCore_dependency_info.dat --stringsdata-file /Users/huangzhe/Documents/GitHub/OrangeLen/build/DerivedData/Build/Intermediates.noindex/OrangeLen.build/Debug/OrangeLenCore.build/Objects-normal/arm64/ExtractedAppShortcutsMetadata.stringsdata --source-file-list /Users/huangzhe/Documents/GitHub/OrangeLen/build/DerivedData/Build/Intermediates.noindex/OrangeLen.build/Debug/OrangeLenCore.build/Objects-normal/arm64/OrangeLenCore.SwiftFileList --metadata-file-list /Users/huangzhe/Documents/GitHub/OrangeLen/build/DerivedData/Build/Intermediates.noindex/OrangeLen.build/Debug/OrangeLenCore.build/OrangeLenCore.DependencyMetadataFileList --static-metadata-file-list /Users/huangzhe/Documents/GitHub/OrangeLen/build/DerivedData/Build/Intermediates.noindex/OrangeLen.build/Debug/OrangeLenCore.build/OrangeLenCore.DependencyStaticMetadataFileList --swift-const-vals-list /Users/huangzhe/Documents/GitHub/OrangeLen/build/DerivedData/Build/Intermediates.noindex/OrangeLen.build/Debug/OrangeLenCore.build/Objects-normal/arm64/OrangeLenCore.SwiftConstValuesFileList --force --compile-time-extraction --deployment-aware-processing --validate-assistant-intents --no-app-shortcuts-localization
2026-10-08 10:38:14.264 appintentsmetadataprocessor[95027:22976578] Starting appintentsmetadataprocessor export
2026-10-08 10:38:14.276 appintentsmetadataprocessor[95027:22976578] Extracted no relevant App Intents symbols, skipping writing output

RegisterExecutionPolicyException /Users/huangzhe/Documents/GitHub/OrangeLen/build/DerivedData/Build/Products/Debug/OrangeLenCore.o (in target 'OrangeLenCore' from project 'OrangeLen' at path '/Users/huangzhe/Documents/GitHub/OrangeLen/Packages/OrangeLen/Package.swift')
    cd /Users/huangzhe/Documents/GitHub/OrangeLen/Packages/OrangeLen
    builtin-RegisterExecutionPolicyException /Users/huangzhe/Documents/GitHub/OrangeLen/build/DerivedData/Build/Products/Debug/OrangeLenCore.o

Ld /Users/huangzhe/Documents/GitHub/OrangeLen/build/DerivedData/Build/Products/Debug/OrangeLenImageBroker.xpc/Contents/MacOS/OrangeLenImageBroker normal (in target 'OrangeLenImageBroker' from project 'OrangeLen' at path '/Users/huangzhe/Documents/GitHub/OrangeLen/OrangeLen.xcodeproj')
    cd /Users/huangzhe/Documents/GitHub/OrangeLen
    /Applications/Xcode.app/Contents/Developer/Toolchains/XcodeDefault.xctoolchain/usr/bin/clang -Xlinker -reproducible -target arm64-apple-macos14.0 -isysroot /Applications/Xcode.app/Contents/Developer/Platforms/MacOSX.platform/Developer/SDKs/MacOSX26.5.sdk -O0 -L/Users/huangzhe/Documents/GitHub/OrangeLen/build/DerivedData/Build/Intermediates.noindex/EagerLinkingTBDs/Debug -L/Users/huangzhe/Documents/GitHub/OrangeLen/build/DerivedData/Build/Products/Debug -F/Users/huangzhe/Documents/GitHub/OrangeLen/build/DerivedData/Build/Intermediates.noindex/EagerLinkingTBDs/Debug -F/Users/huangzhe/Documents/GitHub/OrangeLen/build/DerivedData/Build/Products/Debug/PackageFrameworks -F/Users/huangzhe/Documents/GitHub/OrangeLen/build/DerivedData/Build/Products/Debug/PackageFrameworks -F/Users/huangzhe/Documents/GitHub/OrangeLen/build/DerivedData/Build/Products/Debug/PackageFrameworks -F/Users/huangzhe/Documents/GitHub/OrangeLen/build/DerivedData/Build/Products/Debug/PackageFrameworks -F/Users/huangzhe/Documents/GitHub/OrangeLen/build/DerivedData/Build/Products/Debug/PackageFrameworks -F/Users/huangzhe/Documents/GitHub/OrangeLen/build/DerivedData/Build/Products/Debug -filelist /Users/huangzhe/Documents/GitHub/OrangeLen/build/DerivedData/Build/Intermediates.noindex/OrangeLen.build/Debug/OrangeLenImageBroker.build/Objects-normal/arm64/OrangeLenImageBroker.LinkFileList -Xlinker -rpath -Xlinker /usr/lib/swift -Xlinker -rpath -Xlinker /Users/huangzhe/Documents/GitHub/OrangeLen/build/DerivedData/Build/Products/Debug/PackageFrameworks -Xlinker -rpath -Xlinker @executable_path/../Frameworks -Xlinker -object_path_lto -Xlinker /Users/huangzhe/Documents/GitHub/OrangeLen/build/DerivedData/Build/Intermediates.noindex/OrangeLen.build/Debug/OrangeLenImageBroker.build/Objects-normal/arm64/OrangeLenImageBroker_lto.o -rdynamic -Xlinker -no_deduplicate -Xlinker -dependency_info -Xlinker /Users/huangzhe/Documents/GitHub/OrangeLen/build/DerivedData/Build/Intermediates.noindex/OrangeLen.build/Debug/OrangeLenImageBroker.build/Objects-normal/arm64/OrangeLenImageBroker_dependency_info.dat -fobjc-link-runtime -L/Applications/Xcode.app/Contents/Developer/Toolchains/XcodeDefault.xctoolchain/usr/lib/swift/macosx -L/usr/lib/swift -Xlinker -add_ast_path -Xlinker /Users/huangzhe/Documents/GitHub/OrangeLen/build/DerivedData/Build/Intermediates.noindex/OrangeLen.build/Debug/OrangeLenImageBroker.build/Objects-normal/arm64/OrangeLenImageBroker.swiftmodule @/Users/huangzhe/Documents/GitHub/OrangeLen/build/DerivedData/Build/Intermediates.noindex/OrangeLen.build/Debug/OrangeLenImageBroker.build/Objects-normal/arm64/OrangeLenImageBroker-linker-args.resp -Wl,-no_warn_duplicate_libraries -Wl,-no_warn_duplicate_libraries -Wl,-no_warn_duplicate_libraries -Wl,-no_warn_duplicate_libraries -Wl,-no_warn_duplicate_libraries -Xlinker -no_adhoc_codesign -o /Users/huangzhe/Documents/GitHub/OrangeLen/build/DerivedData/Build/Products/Debug/OrangeLenImageBroker.xpc/Contents/MacOS/OrangeLenImageBroker -Xlinker -add_ast_path -Xlinker /Users/huangzhe/Documents/GitHub/OrangeLen/build/DerivedData/Build/Intermediates.noindex/OrangeLen.build/Debug/OrangeLenCore.build/Objects-normal/arm64/OrangeLenCore.swiftmodule @/Users/huangzhe/Documents/GitHub/OrangeLen/build/DerivedData/Build/Intermediates.noindex/OrangeLen.build/Debug/OrangeLenCore.build/Objects-normal/arm64/OrangeLenCore-linker-args.resp -Xlinker -add_ast_path -Xlinker /Users/huangzhe/Documents/GitHub/OrangeLen/build/DerivedData/Build/Intermediates.noindex/swift-markdown.build/Debug/Markdown.build/Objects-normal/arm64/Markdown.swiftmodule @/Users/huangzhe/Documents/GitHub/OrangeLen/build/DerivedData/Build/Intermediates.noindex/swift-markdown.build/Debug/Markdown.build/Objects-normal/arm64/Markdown-linker-args.resp

ExtractAppIntentsMetadata (in target 'OrangeLenImageBroker' from project 'OrangeLen' at path '/Users/huangzhe/Documents/GitHub/OrangeLen/OrangeLen.xcodeproj')
    cd /Users/huangzhe/Documents/GitHub/OrangeLen
    /Applications/Xcode.app/Contents/Developer/Toolchains/XcodeDefault.xctoolchain/usr/bin/appintentsmetadataprocessor --toolchain-dir /Applications/Xcode.app/Contents/Developer/Toolchains/XcodeDefault.xctoolchain --module-name OrangeLenImageBroker --sdk-root /Applications/Xcode.app/Contents/Developer/Platforms/MacOSX.platform/Developer/SDKs/MacOSX26.5.sdk --xcode-version 17F42 --platform-family macOS --deployment-target 14.0 --bundle-identifier local.OrangeLen.ImageBroker --output /Users/huangzhe/Documents/GitHub/OrangeLen/build/DerivedData/Build/Products/Debug/OrangeLenImageBroker.xpc/Contents/Resources --target-triple arm64-apple-macos14.0 --binary-file /Users/huangzhe/Documents/GitHub/OrangeLen/build/DerivedData/Build/Products/Debug/OrangeLenImageBroker.xpc/Contents/MacOS/OrangeLenImageBroker --dependency-file /Users/huangzhe/Documents/GitHub/OrangeLen/build/DerivedData/Build/Intermediates.noindex/OrangeLen.build/Debug/OrangeLenImageBroker.build/Objects-normal/arm64/OrangeLenImageBroker_dependency_info.dat --stringsdata-file /Users/huangzhe/Documents/GitHub/OrangeLen/build/DerivedData/Build/Intermediates.noindex/OrangeLen.build/Debug/OrangeLenImageBroker.build/Objects-normal/arm64/ExtractedAppShortcutsMetadata.stringsdata --source-file-list /Users/huangzhe/Documents/GitHub/OrangeLen/build/DerivedData/Build/Intermediates.noindex/OrangeLen.build/Debug/OrangeLenImageBroker.build/Objects-normal/arm64/OrangeLenImageBroker.SwiftFileList --metadata-file-list /Users/huangzhe/Documents/GitHub/OrangeLen/build/DerivedData/Build/Intermediates.noindex/OrangeLen.build/Debug/OrangeLenImageBroker.build/OrangeLenImageBroker.DependencyMetadataFileList --static-metadata-file-list /Users/huangzhe/Documents/GitHub/OrangeLen/build/DerivedData/Build/Intermediates.noindex/OrangeLen.build/Debug/OrangeLenImageBroker.build/OrangeLenImageBroker.DependencyStaticMetadataFileList --swift-const-vals-list /Users/huangzhe/Documents/GitHub/OrangeLen/build/DerivedData/Build/Intermediates.noindex/OrangeLen.build/Debug/OrangeLenImageBroker.build/Objects-normal/arm64/OrangeLenImageBroker.SwiftConstValuesFileList --compile-time-extraction --deployment-aware-processing --validate-assistant-intents --no-app-shortcuts-localization
2026-10-08 10:38:14.450 appintentsmetadataprocessor[95031:22976601] Starting appintentsmetadataprocessor export
2026-10-08 10:38:14.452 appintentsmetadataprocessor[95031:22976601] warning: Metadata extraction skipped. No AppIntents.framework dependency found.

CodeSign /Users/huangzhe/Documents/GitHub/OrangeLen/build/DerivedData/Build/Products/Debug/OrangeLenImageBroker.xpc (in target 'OrangeLenImageBroker' from project 'OrangeLen' at path '/Users/huangzhe/Documents/GitHub/OrangeLen/OrangeLen.xcodeproj')
    cd /Users/huangzhe/Documents/GitHub/OrangeLen
    
    Signing Identity:     "Sign to Run Locally"
    
    /usr/bin/codesign --force --sign - --entitlements /Users/huangzhe/Documents/GitHub/OrangeLen/build/DerivedData/Build/Intermediates.noindex/OrangeLen.build/Debug/OrangeLenImageBroker.build/OrangeLenImageBroker.xpc.xcent --timestamp\=none --generate-entitlement-der /Users/huangzhe/Documents/GitHub/OrangeLen/build/DerivedData/Build/Products/Debug/OrangeLenImageBroker.xpc

SwiftDriverJobDiscovery normal arm64 Compiling ReaderController.swift (in target 'OrangeLenUI' from project 'OrangeLen' at path '/Users/huangzhe/Documents/GitHub/OrangeLen/Packages/OrangeLen/Package.swift')

SwiftDriver\ Compilation OrangeLenUI normal arm64 com.apple.xcode.tools.swift.compiler (in target 'OrangeLenUI' from project 'OrangeLen' at path '/Users/huangzhe/Documents/GitHub/OrangeLen/Packages/OrangeLen/Package.swift')
    cd /Users/huangzhe/Documents/GitHub/OrangeLen/OrangeLen.xcodeproj
    builtin-Swift-Compilation -- /Applications/Xcode.app/Contents/Developer/Toolchains/XcodeDefault.xctoolchain/usr/bin/swiftc -module-name OrangeLenUI -Onone @/Users/huangzhe/Documents/GitHub/OrangeLen/build/DerivedData/Build/Intermediates.noindex/OrangeLen.build/Debug/OrangeLenUI.build/Objects-normal/arm64/OrangeLenUI.SwiftFileList -DSWIFT_PACKAGE -DDEBUG -DSWIFT_MODULE_RESOURCE_BUNDLE_AVAILABLE -Xcc -fmodule-map-file\=/Users/huangzhe/Documents/GitHub/OrangeLen/Packages/OrangeLen/Sources/CZlib/module.modulemap -Xcc -fmodule-map-file\=/Users/huangzhe/Documents/GitHub/OrangeLen/Packages/OrangeLen/Sources/CSQLite/module.modulemap -DXcode -plugin-path /Applications/Xcode.app/Contents/Developer/Toolchains/XcodeDefault.xctoolchain/usr/lib/swift/host/plugins/testing -enable-experimental-feature DebugDescriptionMacro -sdk /Applications/Xcode.app/Contents/Developer/Platforms/MacOSX.platform/Developer/SDKs/MacOSX26.5.sdk -target arm64-apple-macos14.0 -g -module-cache-path /Users/huangzhe/Documents/GitHub/OrangeLen/build/DerivedData/ModuleCache.noindex -Xfrontend -serialize-debugging-options -enable-testing -index-store-path /Users/huangzhe/Documents/GitHub/OrangeLen/build/DerivedData/Index.noindex/DataStore -Xcc -D_LIBCPP_HARDENING_MODE\=_LIBCPP_HARDENING_MODE_DEBUG -swift-version 5 -I /Users/huangzhe/Documents/GitHub/OrangeLen/build/DerivedData/Build/Products/Debug -Isystem /Applications/Xcode.app/Contents/Developer/Platforms/MacOSX.platform/Developer/usr/lib -F /Users/huangzhe/Documents/GitHub/OrangeLen/build/DerivedData/Build/Products/Debug/PackageFrameworks -F /Users/huangzhe/Documents/GitHub/OrangeLen/build/DerivedData/Build/Products/Debug/PackageFrameworks -F /Users/huangzhe/Documents/GitHub/OrangeLen/build/DerivedData/Build/Products/Debug/PackageFrameworks -F /Users/huangzhe/Documents/GitHub/OrangeLen/build/DerivedData/Build/Products/Debug/PackageFrameworks -F /Users/huangzhe/Documents/GitHub/OrangeLen/build/DerivedData/Build/Products/Debug/PackageFrameworks -F /Users/huangzhe/Documents/GitHub/OrangeLen/build/DerivedData/Build/Products/Debug -F /Applications/Xcode.app/Contents/Developer/Platforms/MacOSX.platform/Developer/Library/Frameworks -c -j11 -enable-batch-mode -incremental -Xcc -ivfsstatcache -Xcc /Users/huangzhe/Documents/GitHub/OrangeLen/build/DerivedData/SDKStatCaches.noindex/macosx26.5-25F70-e082c4a02f00227109f4ed75e425c832.sdkstatcache -output-file-map /Users/huangzhe/Documents/GitHub/OrangeLen/build/DerivedData/Build/Intermediates.noindex/OrangeLen.build/Debug/OrangeLenUI.build/Objects-normal/arm64/OrangeLenUI-OutputFileMap.json -use-frontend-parseable-output -save-temps -no-color-diagnostics -explicit-module-build -module-cache-path /Users/huangzhe/Documents/GitHub/OrangeLen/build/DerivedData/Build/Intermediates.noindex/SwiftExplicitPrecompiledModules -clang-scanner-module-cache-path /Users/huangzhe/Documents/GitHub/OrangeLen/build/DerivedData/ModuleCache.noindex -sdk-module-cache-path /Users/huangzhe/Documents/GitHub/OrangeLen/build/DerivedData/ModuleCache.noindex -serialize-diagnostics -emit-dependencies -emit-module -emit-module-path /Users/huangzhe/Documents/GitHub/OrangeLen/build/DerivedData/Build/Intermediates.noindex/OrangeLen.build/Debug/OrangeLenUI.build/Objects-normal/arm64/OrangeLenUI.swiftmodule -validate-clang-modules-once -clang-build-session-file /Users/huangzhe/Documents/GitHub/OrangeLen/build/DerivedData/ModuleCache.noindex/Session.modulevalidation -package-name orangelen -Xcc -I/Users/huangzhe/Documents/GitHub/OrangeLen/build/DerivedData/Build/Intermediates.noindex/OrangeLen.build/Debug/OrangeLenUI.build/swift-overrides.hmap -emit-const-values -Xfrontend -const-gather-protocols-file -Xfrontend /Users/huangzhe/Documents/GitHub/OrangeLen/build/DerivedData/Build/Intermediates.noindex/OrangeLen.build/Debug/OrangeLenUI.build/Objects-normal/arm64/OrangeLenUI_const_extract_protocols.json -Xcc -I/Users/huangzhe/Documents/GitHub/OrangeLen/build/DerivedData/SourcePackages/checkouts/swift-cmark/src/include -Xcc -I/Users/huangzhe/Documents/GitHub/OrangeLen/build/DerivedData/SourcePackages/checkouts/swift-cmark/extensions/include -Xcc -I/Users/huangzhe/Documents/GitHub/OrangeLen/build/DerivedData/SourcePackages/checkouts/swift-markdown/Sources/CAtomic/include -Xcc -I/Users/huangzhe/Documents/GitHub/OrangeLen/build/DerivedData/Build/Products/Debug/include -Xcc -I/Users/huangzhe/Documents/GitHub/OrangeLen/build/DerivedData/Build/Intermediates.noindex/OrangeLen.build/Debug/OrangeLenUI.build/DerivedSources-normal/arm64 -Xcc -I/Users/huangzhe/Documents/GitHub/OrangeLen/build/DerivedData/Build/Intermediates.noindex/OrangeLen.build/Debug/OrangeLenUI.build/DerivedSources/arm64 -Xcc -I/Users/huangzhe/Documents/GitHub/OrangeLen/build/DerivedData/Build/Intermediates.noindex/OrangeLen.build/Debug/OrangeLenUI.build/DerivedSources -Xcc -DSWIFT_PACKAGE -Xcc -DDEBUG\=1 -emit-objc-header -emit-objc-header-path /Users/huangzhe/Documents/GitHub/OrangeLen/build/DerivedData/Build/Intermediates.noindex/OrangeLen.build/Debug/OrangeLenUI.build/Objects-normal/arm64/OrangeLenUI-Swift.h -working-directory /Users/huangzhe/Documents/GitHub/OrangeLen/OrangeLen.xcodeproj -experimental-emit-module-separately -disable-cmo

Ld /Users/huangzhe/Documents/GitHub/OrangeLen/build/DerivedData/Build/Products/Debug/OrangeLenUI.o normal (in target 'OrangeLenUI' from project 'OrangeLen' at path '/Users/huangzhe/Documents/GitHub/OrangeLen/Packages/OrangeLen/Package.swift')
    cd /Users/huangzhe/Documents/GitHub/OrangeLen/Packages/OrangeLen
    /Applications/Xcode.app/Contents/Developer/Toolchains/XcodeDefault.xctoolchain/usr/bin/clang -Xlinker -reproducible -target arm64-apple-macos14.0 -r -isysroot /Applications/Xcode.app/Contents/Developer/Platforms/MacOSX.platform/Developer/SDKs/MacOSX26.5.sdk -O0 -F/Users/huangzhe/Documents/GitHub/OrangeLen/build/DerivedData/Build/Intermediates.noindex/EagerLinkingTBDs/Debug -F/Users/huangzhe/Documents/GitHub/OrangeLen/build/DerivedData/Build/Products/Debug/PackageFrameworks -F/Users/huangzhe/Documents/GitHub/OrangeLen/build/DerivedData/Build/Products/Debug/PackageFrameworks -F/Users/huangzhe/Documents/GitHub/OrangeLen/build/DerivedData/Build/Products/Debug/PackageFrameworks -F/Users/huangzhe/Documents/GitHub/OrangeLen/build/DerivedData/Build/Products/Debug/PackageFrameworks -F/Users/huangzhe/Documents/GitHub/OrangeLen/build/DerivedData/Build/Products/Debug/PackageFrameworks -F/Users/huangzhe/Documents/GitHub/OrangeLen/build/DerivedData/Build/Products/Debug -iframework /Applications/Xcode.app/Contents/Developer/Platforms/MacOSX.platform/Developer/Library/Frameworks -filelist /Users/huangzhe/Documents/GitHub/OrangeLen/build/DerivedData/Build/Intermediates.noindex/OrangeLen.build/Debug/OrangeLenUI.build/Objects-normal/arm64/OrangeLenUI.LinkFileList -nostdlib -Xlinker -object_path_lto -Xlinker /Users/huangzhe/Documents/GitHub/OrangeLen/build/DerivedData/Build/Intermediates.noindex/OrangeLen.build/Debug/OrangeLenUI.build/Objects-normal/arm64/OrangeLenUI_lto.o -Xlinker -no_deduplicate -Xlinker -dependency_info -Xlinker /Users/huangzhe/Documents/GitHub/OrangeLen/build/DerivedData/Build/Intermediates.noindex/OrangeLen.build/Debug/OrangeLenUI.build/Objects-normal/arm64/OrangeLenUI_dependency_info.dat -fobjc-link-runtime -L/Applications/Xcode.app/Contents/Developer/Toolchains/XcodeDefault.xctoolchain/usr/lib/swift/macosx -L/usr/lib/swift -Xlinker -add_ast_path -Xlinker /Users/huangzhe/Documents/GitHub/OrangeLen/build/DerivedData/Build/Intermediates.noindex/OrangeLen.build/Debug/OrangeLenUI.build/Objects-normal/arm64/OrangeLenUI.swiftmodule @/Users/huangzhe/Documents/GitHub/OrangeLen/build/DerivedData/Build/Intermediates.noindex/OrangeLen.build/Debug/OrangeLenUI.build/Objects-normal/arm64/OrangeLenUI-linker-args.resp -o /Users/huangzhe/Documents/GitHub/OrangeLen/build/DerivedData/Build/Products/Debug/OrangeLenUI.o

ExtractAppIntentsMetadata (in target 'OrangeLenUI' from project 'OrangeLen' at path '/Users/huangzhe/Documents/GitHub/OrangeLen/Packages/OrangeLen/Package.swift')
    cd /Users/huangzhe/Documents/GitHub/OrangeLen/Packages/OrangeLen
    /Applications/Xcode.app/Contents/Developer/Toolchains/XcodeDefault.xctoolchain/usr/bin/appintentsmetadataprocessor --toolchain-dir /Applications/Xcode.app/Contents/Developer/Toolchains/XcodeDefault.xctoolchain --module-name OrangeLenUI --sdk-root /Applications/Xcode.app/Contents/Developer/Platforms/MacOSX.platform/Developer/SDKs/MacOSX26.5.sdk --xcode-version 17F42 --platform-family macOS --deployment-target 14.0 --bundle-identifier orangelen.OrangeLenUI --output /Users/huangzhe/Documents/GitHub/OrangeLen/build/DerivedData/Build/Products/Debug/OrangeLenUI.appintents --target-triple arm64-apple-macos14.0 --binary-file /Users/huangzhe/Documents/GitHub/OrangeLen/build/DerivedData/Build/Products/Debug/OrangeLenUI.o --dependency-file /Users/huangzhe/Documents/GitHub/OrangeLen/build/DerivedData/Build/Intermediates.noindex/OrangeLen.build/Debug/OrangeLenUI.build/Objects-normal/arm64/OrangeLenUI_dependency_info.dat --stringsdata-file /Users/huangzhe/Documents/GitHub/OrangeLen/build/DerivedData/Build/Intermediates.noindex/OrangeLen.build/Debug/OrangeLenUI.build/Objects-normal/arm64/ExtractedAppShortcutsMetadata.stringsdata --source-file-list /Users/huangzhe/Documents/GitHub/OrangeLen/build/DerivedData/Build/Intermediates.noindex/OrangeLen.build/Debug/OrangeLenUI.build/Objects-normal/arm64/OrangeLenUI.SwiftFileList --metadata-file-list /Users/huangzhe/Documents/GitHub/OrangeLen/build/DerivedData/Build/Intermediates.noindex/OrangeLen.build/Debug/OrangeLenUI.build/OrangeLenUI.DependencyMetadataFileList --static-metadata-file-list /Users/huangzhe/Documents/GitHub/OrangeLen/build/DerivedData/Build/Intermediates.noindex/OrangeLen.build/Debug/OrangeLenUI.build/OrangeLenUI.DependencyStaticMetadataFileList --swift-const-vals-list /Users/huangzhe/Documents/GitHub/OrangeLen/build/DerivedData/Build/Intermediates.noindex/OrangeLen.build/Debug/OrangeLenUI.build/Objects-normal/arm64/OrangeLenUI.SwiftConstValuesFileList --force --compile-time-extraction --deployment-aware-processing --validate-assistant-intents --no-app-shortcuts-localization
2026-10-08 10:38:15.765 appintentsmetadataprocessor[95038:22976861] Starting appintentsmetadataprocessor export
2026-10-08 10:38:15.778 appintentsmetadataprocessor[95038:22976861] Extracted no relevant App Intents symbols, skipping writing output

RegisterExecutionPolicyException /Users/huangzhe/Documents/GitHub/OrangeLen/build/DerivedData/Build/Products/Debug/OrangeLenUI.o (in target 'OrangeLenUI' from project 'OrangeLen' at path '/Users/huangzhe/Documents/GitHub/OrangeLen/Packages/OrangeLen/Package.swift')
    cd /Users/huangzhe/Documents/GitHub/OrangeLen/Packages/OrangeLen
    builtin-RegisterExecutionPolicyException /Users/huangzhe/Documents/GitHub/OrangeLen/build/DerivedData/Build/Products/Debug/OrangeLenUI.o

note: Disabling hardened runtime with ad-hoc codesigning. (in target 'OrangeLenPreviewArchives' from project 'OrangeLen' at path '/Users/huangzhe/Documents/GitHub/OrangeLen/OrangeLen.xcodeproj')
Ld /Users/huangzhe/Documents/GitHub/OrangeLen/build/DerivedData/Build/Products/Debug/OrangeLenPreviewArchives.appex/Contents/MacOS/OrangeLenPreviewArchives normal (in target 'OrangeLenPreviewArchives' from project 'OrangeLen' at path '/Users/huangzhe/Documents/GitHub/OrangeLen/OrangeLen.xcodeproj')
    cd /Users/huangzhe/Documents/GitHub/OrangeLen
    /Applications/Xcode.app/Contents/Developer/Toolchains/XcodeDefault.xctoolchain/usr/bin/clang -Xlinker -reproducible -target arm64-apple-macos14.0 -isysroot /Applications/Xcode.app/Contents/Developer/Platforms/MacOSX.platform/Developer/SDKs/MacOSX26.5.sdk -O0 -L/Users/huangzhe/Documents/GitHub/OrangeLen/build/DerivedData/Build/Intermediates.noindex/EagerLinkingTBDs/Debug -L/Users/huangzhe/Documents/GitHub/OrangeLen/build/DerivedData/Build/Products/Debug -F/Users/huangzhe/Documents/GitHub/OrangeLen/build/DerivedData/Build/Intermediates.noindex/EagerLinkingTBDs/Debug -F/Users/huangzhe/Documents/GitHub/OrangeLen/build/DerivedData/Build/Products/Debug/PackageFrameworks -F/Users/huangzhe/Documents/GitHub/OrangeLen/build/DerivedData/Build/Products/Debug/PackageFrameworks -F/Users/huangzhe/Documents/GitHub/OrangeLen/build/DerivedData/Build/Products/Debug/PackageFrameworks -F/Users/huangzhe/Documents/GitHub/OrangeLen/build/DerivedData/Build/Products/Debug/PackageFrameworks -F/Users/huangzhe/Documents/GitHub/OrangeLen/build/DerivedData/Build/Products/Debug/PackageFrameworks -F/Users/huangzhe/Documents/GitHub/OrangeLen/build/DerivedData/Build/Products/Debug/PackageFrameworks -F/Users/huangzhe/Documents/GitHub/OrangeLen/build/DerivedData/Build/Products/Debug -filelist /Users/huangzhe/Documents/GitHub/OrangeLen/build/DerivedData/Build/Intermediates.noindex/OrangeLen.build/Debug/OrangeLenPreviewArchives.build/Objects-normal/arm64/OrangeLenPreviewArchives.LinkFileList -Xlinker -rpath -Xlinker /usr/lib/swift -Xlinker -rpath -Xlinker /Users/huangzhe/Documents/GitHub/OrangeLen/build/DerivedData/Build/Products/Debug/PackageFrameworks -Xlinker -rpath -Xlinker @executable_path/../Frameworks -Xlinker -rpath -Xlinker @executable_path/../../../../Frameworks -Xlinker -object_path_lto -Xlinker /Users/huangzhe/Documents/GitHub/OrangeLen/build/DerivedData/Build/Intermediates.noindex/OrangeLen.build/Debug/OrangeLenPreviewArchives.build/Objects-normal/arm64/OrangeLenPreviewArchives_lto.o -rdynamic -Xlinker -no_deduplicate -Xlinker -dependency_info -Xlinker /Users/huangzhe/Documents/GitHub/OrangeLen/build/DerivedData/Build/Intermediates.noindex/OrangeLen.build/Debug/OrangeLenPreviewArchives.build/Objects-normal/arm64/OrangeLenPreviewArchives_dependency_info.dat -e _NSExtensionMain -fapplication-extension -fobjc-link-runtime -L/Applications/Xcode.app/Contents/Developer/Toolchains/XcodeDefault.xctoolchain/usr/lib/swift/macosx -L/usr/lib/swift -Xlinker -add_ast_path -Xlinker /Users/huangzhe/Documents/GitHub/OrangeLen/build/DerivedData/Build/Intermediates.noindex/OrangeLen.build/Debug/OrangeLenPreviewArchives.build/Objects-normal/arm64/OrangeLenPreviewArchives.swiftmodule @/Users/huangzhe/Documents/GitHub/OrangeLen/build/DerivedData/Build/Intermediates.noindex/OrangeLen.build/Debug/OrangeLenPreviewArchives.build/Objects-normal/arm64/OrangeLenPreviewArchives-linker-args.resp -Wl,-no_warn_duplicate_libraries -Wl,-no_warn_duplicate_libraries -Wl,-no_warn_duplicate_libraries -Wl,-no_warn_duplicate_libraries -Wl,-no_warn_duplicate_libraries -Wl,-no_warn_duplicate_libraries -Xlinker -no_adhoc_codesign -o /Users/huangzhe/Documents/GitHub/OrangeLen/build/DerivedData/Build/Products/Debug/OrangeLenPreviewArchives.appex/Contents/MacOS/OrangeLenPreviewArchives -Xlinker -add_ast_path -Xlinker /Users/huangzhe/Documents/GitHub/OrangeLen/build/DerivedData/Build/Intermediates.noindex/OrangeLen.build/Debug/OrangeLenUI.build/Objects-normal/arm64/OrangeLenUI.swiftmodule @/Users/huangzhe/Documents/GitHub/OrangeLen/build/DerivedData/Build/Intermediates.noindex/OrangeLen.build/Debug/OrangeLenUI.build/Objects-normal/arm64/OrangeLenUI-linker-args.resp -Xlinker -add_ast_path -Xlinker /Users/huangzhe/Documents/GitHub/OrangeLen/build/DerivedData/Build/Intermediates.noindex/swift-markdown.build/Debug/Markdown.build/Objects-normal/arm64/Markdown.swiftmodule @/Users/huangzhe/Documents/GitHub/OrangeLen/build/DerivedData/Build/Intermediates.noindex/swift-markdown.build/Debug/Markdown.build/Objects-normal/arm64/Markdown-linker-args.resp -Xlinker -add_ast_path -Xlinker /Users/huangzhe/Documents/GitHub/OrangeLen/build/DerivedData/Build/Intermediates.noindex/OrangeLen.build/Debug/OrangeLenCore.build/Objects-normal/arm64/OrangeLenCore.swiftmodule @/Users/huangzhe/Documents/GitHub/OrangeLen/build/DerivedData/Build/Intermediates.noindex/OrangeLen.build/Debug/OrangeLenCore.build/Objects-normal/arm64/OrangeLenCore-linker-args.resp

Copy /Users/huangzhe/Documents/GitHub/OrangeLen/build/DerivedData/Build/Products/Debug/OrangeLenPreviewArchives.appex/Contents/XPCServices/OrangeLenImageBroker.xpc /Users/huangzhe/Documents/GitHub/OrangeLen/build/DerivedData/Build/Products/Debug/OrangeLenImageBroker.xpc (in target 'OrangeLenPreviewArchives' from project 'OrangeLen' at path '/Users/huangzhe/Documents/GitHub/OrangeLen/OrangeLen.xcodeproj')
    cd /Users/huangzhe/Documents/GitHub/OrangeLen
    builtin-copy -exclude .DS_Store -exclude CVS -exclude .svn -exclude .git -exclude .hg -exclude Headers -exclude PrivateHeaders -exclude Modules -exclude \*.tbd -resolve-src-symlinks -remove-static-executable /Users/huangzhe/Documents/GitHub/OrangeLen/build/DerivedData/Build/Products/Debug/OrangeLenImageBroker.xpc /Users/huangzhe/Documents/GitHub/OrangeLen/build/DerivedData/Build/Products/Debug/OrangeLenPreviewArchives.appex/Contents/XPCServices

ExtractAppIntentsMetadata (in target 'OrangeLenPreviewArchives' from project 'OrangeLen' at path '/Users/huangzhe/Documents/GitHub/OrangeLen/OrangeLen.xcodeproj')
    cd /Users/huangzhe/Documents/GitHub/OrangeLen
    /Applications/Xcode.app/Contents/Developer/Toolchains/XcodeDefault.xctoolchain/usr/bin/appintentsmetadataprocessor --toolchain-dir /Applications/Xcode.app/Contents/Developer/Toolchains/XcodeDefault.xctoolchain --module-name OrangeLenPreviewArchives --sdk-root /Applications/Xcode.app/Contents/Developer/Platforms/MacOSX.platform/Developer/SDKs/MacOSX26.5.sdk --xcode-version 17F42 --platform-family macOS --deployment-target 14.0 --bundle-identifier local.OrangeLen.Preview.Archives --output /Users/huangzhe/Documents/GitHub/OrangeLen/build/DerivedData/Build/Products/Debug/OrangeLenPreviewArchives.appex/Contents/Resources --target-triple arm64-apple-macos14.0 --binary-file /Users/huangzhe/Documents/GitHub/OrangeLen/build/DerivedData/Build/Products/Debug/OrangeLenPreviewArchives.appex/Contents/MacOS/OrangeLenPreviewArchives --dependency-file /Users/huangzhe/Documents/GitHub/OrangeLen/build/DerivedData/Build/Intermediates.noindex/OrangeLen.build/Debug/OrangeLenPreviewArchives.build/Objects-normal/arm64/OrangeLenPreviewArchives_dependency_info.dat --stringsdata-file /Users/huangzhe/Documents/GitHub/OrangeLen/build/DerivedData/Build/Intermediates.noindex/OrangeLen.build/Debug/OrangeLenPreviewArchives.build/Objects-normal/arm64/ExtractedAppShortcutsMetadata.stringsdata --source-file-list /Users/huangzhe/Documents/GitHub/OrangeLen/build/DerivedData/Build/Intermediates.noindex/OrangeLen.build/Debug/OrangeLenPreviewArchives.build/Objects-normal/arm64/OrangeLenPreviewArchives.SwiftFileList --metadata-file-list /Users/huangzhe/Documents/GitHub/OrangeLen/build/DerivedData/Build/Intermediates.noindex/OrangeLen.build/Debug/OrangeLenPreviewArchives.build/OrangeLenPreviewArchives.DependencyMetadataFileList --static-metadata-file-list /Users/huangzhe/Documents/GitHub/OrangeLen/build/DerivedData/Build/Intermediates.noindex/OrangeLen.build/Debug/OrangeLenPreviewArchives.build/OrangeLenPreviewArchives.DependencyStaticMetadataFileList --swift-const-vals-list /Users/huangzhe/Documents/GitHub/OrangeLen/build/DerivedData/Build/Intermediates.noindex/OrangeLen.build/Debug/OrangeLenPreviewArchives.build/Objects-normal/arm64/OrangeLenPreviewArchives.SwiftConstValuesFileList --compile-time-extraction --deployment-aware-processing --validate-assistant-intents --no-app-shortcuts-localization
2026-10-08 10:38:16.045 appintentsmetadataprocessor[95042:22976907] Starting appintentsmetadataprocessor export
2026-10-08 10:38:16.047 appintentsmetadataprocessor[95042:22976907] warning: Metadata extraction skipped. No AppIntents.framework dependency found.

note: Disabling hardened runtime with ad-hoc codesigning. (in target 'OrangeLenPreviewFolders' from project 'OrangeLen' at path '/Users/huangzhe/Documents/GitHub/OrangeLen/OrangeLen.xcodeproj')
Ld /Users/huangzhe/Documents/GitHub/OrangeLen/build/DerivedData/Build/Products/Debug/OrangeLenPreviewFolders.appex/Contents/MacOS/OrangeLenPreviewFolders normal (in target 'OrangeLenPreviewFolders' from project 'OrangeLen' at path '/Users/huangzhe/Documents/GitHub/OrangeLen/OrangeLen.xcodeproj')
    cd /Users/huangzhe/Documents/GitHub/OrangeLen
    /Applications/Xcode.app/Contents/Developer/Toolchains/XcodeDefault.xctoolchain/usr/bin/clang -Xlinker -reproducible -target arm64-apple-macos14.0 -isysroot /Applications/Xcode.app/Contents/Developer/Platforms/MacOSX.platform/Developer/SDKs/MacOSX26.5.sdk -O0 -L/Users/huangzhe/Documents/GitHub/OrangeLen/build/DerivedData/Build/Intermediates.noindex/EagerLinkingTBDs/Debug -L/Users/huangzhe/Documents/GitHub/OrangeLen/build/DerivedData/Build/Products/Debug -F/Users/huangzhe/Documents/GitHub/OrangeLen/build/DerivedData/Build/Intermediates.noindex/EagerLinkingTBDs/Debug -F/Users/huangzhe/Documents/GitHub/OrangeLen/build/DerivedData/Build/Products/Debug/PackageFrameworks -F/Users/huangzhe/Documents/GitHub/OrangeLen/build/DerivedData/Build/Products/Debug/PackageFrameworks -F/Users/huangzhe/Documents/GitHub/OrangeLen/build/DerivedData/Build/Products/Debug/PackageFrameworks -F/Users/huangzhe/Documents/GitHub/OrangeLen/build/DerivedData/Build/Products/Debug/PackageFrameworks -F/Users/huangzhe/Documents/GitHub/OrangeLen/build/DerivedData/Build/Products/Debug/PackageFrameworks -F/Users/huangzhe/Documents/GitHub/OrangeLen/build/DerivedData/Build/Products/Debug/PackageFrameworks -F/Users/huangzhe/Documents/GitHub/OrangeLen/build/DerivedData/Build/Products/Debug -filelist /Users/huangzhe/Documents/GitHub/OrangeLen/build/DerivedData/Build/Intermediates.noindex/OrangeLen.build/Debug/OrangeLenPreviewFolders.build/Objects-normal/arm64/OrangeLenPreviewFolders.LinkFileList -Xlinker -rpath -Xlinker /usr/lib/swift -Xlinker -rpath -Xlinker /Users/huangzhe/Documents/GitHub/OrangeLen/build/DerivedData/Build/Products/Debug/PackageFrameworks -Xlinker -rpath -Xlinker @executable_path/../Frameworks -Xlinker -rpath -Xlinker @executable_path/../../../../Frameworks -Xlinker -object_path_lto -Xlinker /Users/huangzhe/Documents/GitHub/OrangeLen/build/DerivedData/Build/Intermediates.noindex/OrangeLen.build/Debug/OrangeLenPreviewFolders.build/Objects-normal/arm64/OrangeLenPreviewFolders_lto.o -rdynamic -Xlinker -no_deduplicate -Xlinker -dependency_info -Xlinker /Users/huangzhe/Documents/GitHub/OrangeLen/build/DerivedData/Build/Intermediates.noindex/OrangeLen.build/Debug/OrangeLenPreviewFolders.build/Objects-normal/arm64/OrangeLenPreviewFolders_dependency_info.dat -e _NSExtensionMain -fapplication-extension -fobjc-link-runtime -L/Applications/Xcode.app/Contents/Developer/Toolchains/XcodeDefault.xctoolchain/usr/lib/swift/macosx -L/usr/lib/swift -Xlinker -add_ast_path -Xlinker /Users/huangzhe/Documents/GitHub/OrangeLen/build/DerivedData/Build/Intermediates.noindex/OrangeLen.build/Debug/OrangeLenPreviewFolders.build/Objects-normal/arm64/OrangeLenPreviewFolders.swiftmodule @/Users/huangzhe/Documents/GitHub/OrangeLen/build/DerivedData/Build/Intermediates.noindex/OrangeLen.build/Debug/OrangeLenPreviewFolders.build/Objects-normal/arm64/OrangeLenPreviewFolders-linker-args.resp -Wl,-no_warn_duplicate_libraries -Wl,-no_warn_duplicate_libraries -Wl,-no_warn_duplicate_libraries -Wl,-no_warn_duplicate_libraries -Wl,-no_warn_duplicate_libraries -Wl,-no_warn_duplicate_libraries -Xlinker -no_adhoc_codesign -o /Users/huangzhe/Documents/GitHub/OrangeLen/build/DerivedData/Build/Products/Debug/OrangeLenPreviewFolders.appex/Contents/MacOS/OrangeLenPreviewFolders -Xlinker -add_ast_path -Xlinker /Users/huangzhe/Documents/GitHub/OrangeLen/build/DerivedData/Build/Intermediates.noindex/OrangeLen.build/Debug/OrangeLenUI.build/Objects-normal/arm64/OrangeLenUI.swiftmodule @/Users/huangzhe/Documents/GitHub/OrangeLen/build/DerivedData/Build/Intermediates.noindex/OrangeLen.build/Debug/OrangeLenUI.build/Objects-normal/arm64/OrangeLenUI-linker-args.resp -Xlinker -add_ast_path -Xlinker /Users/huangzhe/Documents/GitHub/OrangeLen/build/DerivedData/Build/Intermediates.noindex/swift-markdown.build/Debug/Markdown.build/Objects-normal/arm64/Markdown.swiftmodule @/Users/huangzhe/Documents/GitHub/OrangeLen/build/DerivedData/Build/Intermediates.noindex/swift-markdown.build/Debug/Markdown.build/Objects-normal/arm64/Markdown-linker-args.resp -Xlinker -add_ast_path -Xlinker /Users/huangzhe/Documents/GitHub/OrangeLen/build/DerivedData/Build/Intermediates.noindex/OrangeLen.build/Debug/OrangeLenCore.build/Objects-normal/arm64/OrangeLenCore.swiftmodule @/Users/huangzhe/Documents/GitHub/OrangeLen/build/DerivedData/Build/Intermediates.noindex/OrangeLen.build/Debug/OrangeLenCore.build/Objects-normal/arm64/OrangeLenCore-linker-args.resp

Ld /Users/huangzhe/Documents/GitHub/OrangeLen/build/DerivedData/Build/Products/Debug/OrangeLenPreviewMarkdown.appex/Contents/MacOS/OrangeLenPreviewMarkdown normal (in target 'OrangeLenPreviewMarkdown' from project 'OrangeLen' at path '/Users/huangzhe/Documents/GitHub/OrangeLen/OrangeLen.xcodeproj')
    cd /Users/huangzhe/Documents/GitHub/OrangeLen
    /Applications/Xcode.app/Contents/Developer/Toolchains/XcodeDefault.xctoolchain/usr/bin/clang -Xlinker -reproducible -target arm64-apple-macos14.0 -isysroot /Applications/Xcode.app/Contents/Developer/Platforms/MacOSX.platform/Developer/SDKs/MacOSX26.5.sdk -O0 -L/Users/huangzhe/Documents/GitHub/OrangeLen/build/DerivedData/Build/Intermediates.noindex/EagerLinkingTBDs/Debug -L/Users/huangzhe/Documents/GitHub/OrangeLen/build/DerivedData/Build/Products/Debug -F/Users/huangzhe/Documents/GitHub/OrangeLen/build/DerivedData/Build/Intermediates.noindex/EagerLinkingTBDs/Debug -F/Users/huangzhe/Documents/GitHub/OrangeLen/build/DerivedData/Build/Products/Debug/PackageFrameworks -F/Users/huangzhe/Documents/GitHub/OrangeLen/build/DerivedData/Build/Products/Debug/PackageFrameworks -F/Users/huangzhe/Documents/GitHub/OrangeLen/build/DerivedData/Build/Products/Debug/PackageFrameworks -F/Users/huangzhe/Documents/GitHub/OrangeLen/build/DerivedData/Build/Products/Debug/PackageFrameworks -F/Users/huangzhe/Documents/GitHub/OrangeLen/build/DerivedData/Build/Products/Debug/PackageFrameworks -F/Users/huangzhe/Documents/GitHub/OrangeLen/build/DerivedData/Build/Products/Debug/PackageFrameworks -F/Users/huangzhe/Documents/GitHub/OrangeLen/build/DerivedData/Build/Products/Debug -filelist /Users/huangzhe/Documents/GitHub/OrangeLen/build/DerivedData/Build/Intermediates.noindex/OrangeLen.build/Debug/OrangeLenPreviewMarkdown.build/Objects-normal/arm64/OrangeLenPreviewMarkdown.LinkFileList -Xlinker -rpath -Xlinker /usr/lib/swift -Xlinker -rpath -Xlinker /Users/huangzhe/Documents/GitHub/OrangeLen/build/DerivedData/Build/Products/Debug/PackageFrameworks -Xlinker -rpath -Xlinker @executable_path/../Frameworks -Xlinker -rpath -Xlinker @executable_path/../../../../Frameworks -Xlinker -object_path_lto -Xlinker /Users/huangzhe/Documents/GitHub/OrangeLen/build/DerivedData/Build/Intermediates.noindex/OrangeLen.build/Debug/OrangeLenPreviewMarkdown.build/Objects-normal/arm64/OrangeLenPreviewMarkdown_lto.o -rdynamic -Xlinker -no_deduplicate -Xlinker -dependency_info -Xlinker /Users/huangzhe/Documents/GitHub/OrangeLen/build/DerivedData/Build/Intermediates.noindex/OrangeLen.build/Debug/OrangeLenPreviewMarkdown.build/Objects-normal/arm64/OrangeLenPreviewMarkdown_dependency_info.dat -e _NSExtensionMain -fapplication-extension -fobjc-link-runtime -L/Applications/Xcode.app/Contents/Developer/Toolchains/XcodeDefault.xctoolchain/usr/lib/swift/macosx -L/usr/lib/swift -Xlinker -add_ast_path -Xlinker /Users/huangzhe/Documents/GitHub/OrangeLen/build/DerivedData/Build/Intermediates.noindex/OrangeLen.build/Debug/OrangeLenPreviewMarkdown.build/Objects-normal/arm64/OrangeLenPreviewMarkdown.swiftmodule @/Users/huangzhe/Documents/GitHub/OrangeLen/build/DerivedData/Build/Intermediates.noindex/OrangeLen.build/Debug/OrangeLenPreviewMarkdown.build/Objects-normal/arm64/OrangeLenPreviewMarkdown-linker-args.resp -Wl,-no_warn_duplicate_libraries -Wl,-no_warn_duplicate_libraries -Wl,-no_warn_duplicate_libraries -Wl,-no_warn_duplicate_libraries -Wl,-no_warn_duplicate_libraries -Wl,-no_warn_duplicate_libraries -Xlinker -no_adhoc_codesign -o /Users/huangzhe/Documents/GitHub/OrangeLen/build/DerivedData/Build/Products/Debug/OrangeLenPreviewMarkdown.appex/Contents/MacOS/OrangeLenPreviewMarkdown -Xlinker -add_ast_path -Xlinker /Users/huangzhe/Documents/GitHub/OrangeLen/build/DerivedData/Build/Intermediates.noindex/OrangeLen.build/Debug/OrangeLenUI.build/Objects-normal/arm64/OrangeLenUI.swiftmodule @/Users/huangzhe/Documents/GitHub/OrangeLen/build/DerivedData/Build/Intermediates.noindex/OrangeLen.build/Debug/OrangeLenUI.build/Objects-normal/arm64/OrangeLenUI-linker-args.resp -Xlinker -add_ast_path -Xlinker /Users/huangzhe/Documents/GitHub/OrangeLen/build/DerivedData/Build/Intermediates.noindex/swift-markdown.build/Debug/Markdown.build/Objects-normal/arm64/Markdown.swiftmodule @/Users/huangzhe/Documents/GitHub/OrangeLen/build/DerivedData/Build/Intermediates.noindex/swift-markdown.build/Debug/Markdown.build/Objects-normal/arm64/Markdown-linker-args.resp -Xlinker -add_ast_path -Xlinker /Users/huangzhe/Documents/GitHub/OrangeLen/build/DerivedData/Build/Intermediates.noindex/OrangeLen.build/Debug/OrangeLenCore.build/Objects-normal/arm64/OrangeLenCore.swiftmodule @/Users/huangzhe/Documents/GitHub/OrangeLen/build/DerivedData/Build/Intermediates.noindex/OrangeLen.build/Debug/OrangeLenCore.build/Objects-normal/arm64/OrangeLenCore-linker-args.resp

Ld /Users/huangzhe/Documents/GitHub/OrangeLen/build/DerivedData/Build/Products/Debug/OrangeLenPreviewDrawings.appex/Contents/MacOS/OrangeLenPreviewDrawings normal (in target 'OrangeLenPreviewDrawings' from project 'OrangeLen' at path '/Users/huangzhe/Documents/GitHub/OrangeLen/OrangeLen.xcodeproj')
    cd /Users/huangzhe/Documents/GitHub/OrangeLen
    /Applications/Xcode.app/Contents/Developer/Toolchains/XcodeDefault.xctoolchain/usr/bin/clang -Xlinker -reproducible -target arm64-apple-macos14.0 -isysroot /Applications/Xcode.app/Contents/Developer/Platforms/MacOSX.platform/Developer/SDKs/MacOSX26.5.sdk -O0 -L/Users/huangzhe/Documents/GitHub/OrangeLen/build/DerivedData/Build/Intermediates.noindex/EagerLinkingTBDs/Debug -L/Users/huangzhe/Documents/GitHub/OrangeLen/build/DerivedData/Build/Products/Debug -F/Users/huangzhe/Documents/GitHub/OrangeLen/build/DerivedData/Build/Intermediates.noindex/EagerLinkingTBDs/Debug -F/Users/huangzhe/Documents/GitHub/OrangeLen/build/DerivedData/Build/Products/Debug/PackageFrameworks -F/Users/huangzhe/Documents/GitHub/OrangeLen/build/DerivedData/Build/Products/Debug/PackageFrameworks -F/Users/huangzhe/Documents/GitHub/OrangeLen/build/DerivedData/Build/Products/Debug/PackageFrameworks -F/Users/huangzhe/Documents/GitHub/OrangeLen/build/DerivedData/Build/Products/Debug/PackageFrameworks -F/Users/huangzhe/Documents/GitHub/OrangeLen/build/DerivedData/Build/Products/Debug/PackageFrameworks -F/Users/huangzhe/Documents/GitHub/OrangeLen/build/DerivedData/Build/Products/Debug/PackageFrameworks -F/Users/huangzhe/Documents/GitHub/OrangeLen/build/DerivedData/Build/Products/Debug -filelist /Users/huangzhe/Documents/GitHub/OrangeLen/build/DerivedData/Build/Intermediates.noindex/OrangeLen.build/Debug/OrangeLenPreviewDrawings.build/Objects-normal/arm64/OrangeLenPreviewDrawings.LinkFileList -Xlinker -rpath -Xlinker /usr/lib/swift -Xlinker -rpath -Xlinker /Users/huangzhe/Documents/GitHub/OrangeLen/build/DerivedData/Build/Products/Debug/PackageFrameworks -Xlinker -rpath -Xlinker @executable_path/../Frameworks -Xlinker -rpath -Xlinker @executable_path/../../../../Frameworks -Xlinker -object_path_lto -Xlinker /Users/huangzhe/Documents/GitHub/OrangeLen/build/DerivedData/Build/Intermediates.noindex/OrangeLen.build/Debug/OrangeLenPreviewDrawings.build/Objects-normal/arm64/OrangeLenPreviewDrawings_lto.o -rdynamic -Xlinker -no_deduplicate -Xlinker -dependency_info -Xlinker /Users/huangzhe/Documents/GitHub/OrangeLen/build/DerivedData/Build/Intermediates.noindex/OrangeLen.build/Debug/OrangeLenPreviewDrawings.build/Objects-normal/arm64/OrangeLenPreviewDrawings_dependency_info.dat -e _NSExtensionMain -fapplication-extension -fobjc-link-runtime -L/Applications/Xcode.app/Contents/Developer/Toolchains/XcodeDefault.xctoolchain/usr/lib/swift/macosx -L/usr/lib/swift -Xlinker -add_ast_path -Xlinker /Users/huangzhe/Documents/GitHub/OrangeLen/build/DerivedData/Build/Intermediates.noindex/OrangeLen.build/Debug/OrangeLenPreviewDrawings.build/Objects-normal/arm64/OrangeLenPreviewDrawings.swiftmodule @/Users/huangzhe/Documents/GitHub/OrangeLen/build/DerivedData/Build/Intermediates.noindex/OrangeLen.build/Debug/OrangeLenPreviewDrawings.build/Objects-normal/arm64/OrangeLenPreviewDrawings-linker-args.resp -Wl,-no_warn_duplicate_libraries -Wl,-no_warn_duplicate_libraries -Wl,-no_warn_duplicate_libraries -Wl,-no_warn_duplicate_libraries -Wl,-no_warn_duplicate_libraries -Wl,-no_warn_duplicate_libraries -Xlinker -no_adhoc_codesign -o /Users/huangzhe/Documents/GitHub/OrangeLen/build/DerivedData/Build/Products/Debug/OrangeLenPreviewDrawings.appex/Contents/MacOS/OrangeLenPreviewDrawings -Xlinker -add_ast_path -Xlinker /Users/huangzhe/Documents/GitHub/OrangeLen/build/DerivedData/Build/Intermediates.noindex/OrangeLen.build/Debug/OrangeLenUI.build/Objects-normal/arm64/OrangeLenUI.swiftmodule @/Users/huangzhe/Documents/GitHub/OrangeLen/build/DerivedData/Build/Intermediates.noindex/OrangeLen.build/Debug/OrangeLenUI.build/Objects-normal/arm64/OrangeLenUI-linker-args.resp -Xlinker -add_ast_path -Xlinker /Users/huangzhe/Documents/GitHub/OrangeLen/build/DerivedData/Build/Intermediates.noindex/swift-markdown.build/Debug/Markdown.build/Objects-normal/arm64/Markdown.swiftmodule @/Users/huangzhe/Documents/GitHub/OrangeLen/build/DerivedData/Build/Intermediates.noindex/swift-markdown.build/Debug/Markdown.build/Objects-normal/arm64/Markdown-linker-args.resp -Xlinker -add_ast_path -Xlinker /Users/huangzhe/Documents/GitHub/OrangeLen/build/DerivedData/Build/Intermediates.noindex/OrangeLen.build/Debug/OrangeLenCore.build/Objects-normal/arm64/OrangeLenCore.swiftmodule @/Users/huangzhe/Documents/GitHub/OrangeLen/build/DerivedData/Build/Intermediates.noindex/OrangeLen.build/Debug/OrangeLenCore.build/Objects-normal/arm64/OrangeLenCore-linker-args.resp

Ld /Users/huangzhe/Documents/GitHub/OrangeLen/build/DerivedData/Build/Products/Debug/OrangeLenPreviewData.appex/Contents/MacOS/OrangeLenPreviewData normal (in target 'OrangeLenPreviewData' from project 'OrangeLen' at path '/Users/huangzhe/Documents/GitHub/OrangeLen/OrangeLen.xcodeproj')
    cd /Users/huangzhe/Documents/GitHub/OrangeLen
    /Applications/Xcode.app/Contents/Developer/Toolchains/XcodeDefault.xctoolchain/usr/bin/clang -Xlinker -reproducible -target arm64-apple-macos14.0 -isysroot /Applications/Xcode.app/Contents/Developer/Platforms/MacOSX.platform/Developer/SDKs/MacOSX26.5.sdk -O0 -L/Users/huangzhe/Documents/GitHub/OrangeLen/build/DerivedData/Build/Intermediates.noindex/EagerLinkingTBDs/Debug -L/Users/huangzhe/Documents/GitHub/OrangeLen/build/DerivedData/Build/Products/Debug -F/Users/huangzhe/Documents/GitHub/OrangeLen/build/DerivedData/Build/Intermediates.noindex/EagerLinkingTBDs/Debug -F/Users/huangzhe/Documents/GitHub/OrangeLen/build/DerivedData/Build/Products/Debug/PackageFrameworks -F/Users/huangzhe/Documents/GitHub/OrangeLen/build/DerivedData/Build/Products/Debug/PackageFrameworks -F/Users/huangzhe/Documents/GitHub/OrangeLen/build/DerivedData/Build/Products/Debug/PackageFrameworks -F/Users/huangzhe/Documents/GitHub/OrangeLen/build/DerivedData/Build/Products/Debug/PackageFrameworks -F/Users/huangzhe/Documents/GitHub/OrangeLen/build/DerivedData/Build/Products/Debug/PackageFrameworks -F/Users/huangzhe/Documents/GitHub/OrangeLen/build/DerivedData/Build/Products/Debug/PackageFrameworks -F/Users/huangzhe/Documents/GitHub/OrangeLen/build/DerivedData/Build/Products/Debug -filelist /Users/huangzhe/Documents/GitHub/OrangeLen/build/DerivedData/Build/Intermediates.noindex/OrangeLen.build/Debug/OrangeLenPreviewData.build/Objects-normal/arm64/OrangeLenPreviewData.LinkFileList -Xlinker -rpath -Xlinker /usr/lib/swift -Xlinker -rpath -Xlinker /Users/huangzhe/Documents/GitHub/OrangeLen/build/DerivedData/Build/Products/Debug/PackageFrameworks -Xlinker -rpath -Xlinker @executable_path/../Frameworks -Xlinker -rpath -Xlinker @executable_path/../../../../Frameworks -Xlinker -object_path_lto -Xlinker /Users/huangzhe/Documents/GitHub/OrangeLen/build/DerivedData/Build/Intermediates.noindex/OrangeLen.build/Debug/OrangeLenPreviewData.build/Objects-normal/arm64/OrangeLenPreviewData_lto.o -rdynamic -Xlinker -no_deduplicate -Xlinker -dependency_info -Xlinker /Users/huangzhe/Documents/GitHub/OrangeLen/build/DerivedData/Build/Intermediates.noindex/OrangeLen.build/Debug/OrangeLenPreviewData.build/Objects-normal/arm64/OrangeLenPreviewData_dependency_info.dat -e _NSExtensionMain -fapplication-extension -fobjc-link-runtime -L/Applications/Xcode.app/Contents/Developer/Toolchains/XcodeDefault.xctoolchain/usr/lib/swift/macosx -L/usr/lib/swift -Xlinker -add_ast_path -Xlinker /Users/huangzhe/Documents/GitHub/OrangeLen/build/DerivedData/Build/Intermediates.noindex/OrangeLen.build/Debug/OrangeLenPreviewData.build/Objects-normal/arm64/OrangeLenPreviewData.swiftmodule @/Users/huangzhe/Documents/GitHub/OrangeLen/build/DerivedData/Build/Intermediates.noindex/OrangeLen.build/Debug/OrangeLenPreviewData.build/Objects-normal/arm64/OrangeLenPreviewData-linker-args.resp -Wl,-no_warn_duplicate_libraries -Wl,-no_warn_duplicate_libraries -Wl,-no_warn_duplicate_libraries -Wl,-no_warn_duplicate_libraries -Wl,-no_warn_duplicate_libraries -Wl,-no_warn_duplicate_libraries -Xlinker -no_adhoc_codesign -o /Users/huangzhe/Documents/GitHub/OrangeLen/build/DerivedData/Build/Products/Debug/OrangeLenPreviewData.appex/Contents/MacOS/OrangeLenPreviewData -Xlinker -add_ast_path -Xlinker /Users/huangzhe/Documents/GitHub/OrangeLen/build/DerivedData/Build/Intermediates.noindex/OrangeLen.build/Debug/OrangeLenUI.build/Objects-normal/arm64/OrangeLenUI.swiftmodule @/Users/huangzhe/Documents/GitHub/OrangeLen/build/DerivedData/Build/Intermediates.noindex/OrangeLen.build/Debug/OrangeLenUI.build/Objects-normal/arm64/OrangeLenUI-linker-args.resp -Xlinker -add_ast_path -Xlinker /Users/huangzhe/Documents/GitHub/OrangeLen/build/DerivedData/Build/Intermediates.noindex/swift-markdown.build/Debug/Markdown.build/Objects-normal/arm64/Markdown.swiftmodule @/Users/huangzhe/Documents/GitHub/OrangeLen/build/DerivedData/Build/Intermediates.noindex/swift-markdown.build/Debug/Markdown.build/Objects-normal/arm64/Markdown-linker-args.resp -Xlinker -add_ast_path -Xlinker /Users/huangzhe/Documents/GitHub/OrangeLen/build/DerivedData/Build/Intermediates.noindex/OrangeLen.build/Debug/OrangeLenCore.build/Objects-normal/arm64/OrangeLenCore.swiftmodule @/Users/huangzhe/Documents/GitHub/OrangeLen/build/DerivedData/Build/Intermediates.noindex/OrangeLen.build/Debug/OrangeLenCore.build/Objects-normal/arm64/OrangeLenCore-linker-args.resp

Ld /Users/huangzhe/Documents/GitHub/OrangeLen/build/DerivedData/Build/Products/Debug/OrangeLenPreview.appex/Contents/MacOS/OrangeLenPreview normal (in target 'OrangeLenPreview' from project 'OrangeLen' at path '/Users/huangzhe/Documents/GitHub/OrangeLen/OrangeLen.xcodeproj')
    cd /Users/huangzhe/Documents/GitHub/OrangeLen
    /Applications/Xcode.app/Contents/Developer/Toolchains/XcodeDefault.xctoolchain/usr/bin/clang -Xlinker -reproducible -target arm64-apple-macos14.0 -isysroot /Applications/Xcode.app/Contents/Developer/Platforms/MacOSX.platform/Developer/SDKs/MacOSX26.5.sdk -O0 -L/Users/huangzhe/Documents/GitHub/OrangeLen/build/DerivedData/Build/Intermediates.noindex/EagerLinkingTBDs/Debug -L/Users/huangzhe/Documents/GitHub/OrangeLen/build/DerivedData/Build/Products/Debug -F/Users/huangzhe/Documents/GitHub/OrangeLen/build/DerivedData/Build/Intermediates.noindex/EagerLinkingTBDs/Debug -F/Users/huangzhe/Documents/GitHub/OrangeLen/build/DerivedData/Build/Products/Debug/PackageFrameworks -F/Users/huangzhe/Documents/GitHub/OrangeLen/build/DerivedData/Build/Products/Debug/PackageFrameworks -F/Users/huangzhe/Documents/GitHub/OrangeLen/build/DerivedData/Build/Products/Debug/PackageFrameworks -F/Users/huangzhe/Documents/GitHub/OrangeLen/build/DerivedData/Build/Products/Debug/PackageFrameworks -F/Users/huangzhe/Documents/GitHub/OrangeLen/build/DerivedData/Build/Products/Debug/PackageFrameworks -F/Users/huangzhe/Documents/GitHub/OrangeLen/build/DerivedData/Build/Products/Debug/PackageFrameworks -F/Users/huangzhe/Documents/GitHub/OrangeLen/build/DerivedData/Build/Products/Debug -filelist /Users/huangzhe/Documents/GitHub/OrangeLen/build/DerivedData/Build/Intermediates.noindex/OrangeLen.build/Debug/OrangeLenPreview.build/Objects-normal/arm64/OrangeLenPreview.LinkFileList -Xlinker -rpath -Xlinker /usr/lib/swift -Xlinker -rpath -Xlinker /Users/huangzhe/Documents/GitHub/OrangeLen/build/DerivedData/Build/Products/Debug/PackageFrameworks -Xlinker -rpath -Xlinker @executable_path/../Frameworks -Xlinker -rpath -Xlinker @executable_path/../../../../Frameworks -Xlinker -object_path_lto -Xlinker /Users/huangzhe/Documents/GitHub/OrangeLen/build/DerivedData/Build/Intermediates.noindex/OrangeLen.build/Debug/OrangeLenPreview.build/Objects-normal/arm64/OrangeLenPreview_lto.o -rdynamic -Xlinker -no_deduplicate -Xlinker -dependency_info -Xlinker /Users/huangzhe/Documents/GitHub/OrangeLen/build/DerivedData/Build/Intermediates.noindex/OrangeLen.build/Debug/OrangeLenPreview.build/Objects-normal/arm64/OrangeLenPreview_dependency_info.dat -e _NSExtensionMain -fapplication-extension -fobjc-link-runtime -L/Applications/Xcode.app/Contents/Developer/Toolchains/XcodeDefault.xctoolchain/usr/lib/swift/macosx -L/usr/lib/swift -Xlinker -add_ast_path -Xlinker /Users/huangzhe/Documents/GitHub/OrangeLen/build/DerivedData/Build/Intermediates.noindex/OrangeLen.build/Debug/OrangeLenPreview.build/Objects-normal/arm64/OrangeLenPreview.swiftmodule @/Users/huangzhe/Documents/GitHub/OrangeLen/build/DerivedData/Build/Intermediates.noindex/OrangeLen.build/Debug/OrangeLenPreview.build/Objects-normal/arm64/OrangeLenPreview-linker-args.resp -Wl,-no_warn_duplicate_libraries -Wl,-no_warn_duplicate_libraries -Wl,-no_warn_duplicate_libraries -Wl,-no_warn_duplicate_libraries -Wl,-no_warn_duplicate_libraries -Wl,-no_warn_duplicate_libraries -Xlinker -no_adhoc_codesign -o /Users/huangzhe/Documents/GitHub/OrangeLen/build/DerivedData/Build/Products/Debug/OrangeLenPreview.appex/Contents/MacOS/OrangeLenPreview -Xlinker -add_ast_path -Xlinker /Users/huangzhe/Documents/GitHub/OrangeLen/build/DerivedData/Build/Intermediates.noindex/OrangeLen.build/Debug/OrangeLenUI.build/Objects-normal/arm64/OrangeLenUI.swiftmodule @/Users/huangzhe/Documents/GitHub/OrangeLen/build/DerivedData/Build/Intermediates.noindex/OrangeLen.build/Debug/OrangeLenUI.build/Objects-normal/arm64/OrangeLenUI-linker-args.resp -Xlinker -add_ast_path -Xlinker /Users/huangzhe/Documents/GitHub/OrangeLen/build/DerivedData/Build/Intermediates.noindex/swift-markdown.build/Debug/Markdown.build/Objects-normal/arm64/Markdown.swiftmodule @/Users/huangzhe/Documents/GitHub/OrangeLen/build/DerivedData/Build/Intermediates.noindex/swift-markdown.build/Debug/Markdown.build/Objects-normal/arm64/Markdown-linker-args.resp -Xlinker -add_ast_path -Xlinker /Users/huangzhe/Documents/GitHub/OrangeLen/build/DerivedData/Build/Intermediates.noindex/OrangeLen.build/Debug/OrangeLenCore.build/Objects-normal/arm64/OrangeLenCore.swiftmodule @/Users/huangzhe/Documents/GitHub/OrangeLen/build/DerivedData/Build/Intermediates.noindex/OrangeLen.build/Debug/OrangeLenCore.build/Objects-normal/arm64/OrangeLenCore-linker-args.resp

Ld /Users/huangzhe/Documents/GitHub/OrangeLen/build/DerivedData/Build/Products/Debug/OrangeLenPreviewBooks.appex/Contents/MacOS/OrangeLenPreviewBooks normal (in target 'OrangeLenPreviewBooks' from project 'OrangeLen' at path '/Users/huangzhe/Documents/GitHub/OrangeLen/OrangeLen.xcodeproj')
    cd /Users/huangzhe/Documents/GitHub/OrangeLen
    /Applications/Xcode.app/Contents/Developer/Toolchains/XcodeDefault.xctoolchain/usr/bin/clang -Xlinker -reproducible -target arm64-apple-macos14.0 -isysroot /Applications/Xcode.app/Contents/Developer/Platforms/MacOSX.platform/Developer/SDKs/MacOSX26.5.sdk -O0 -L/Users/huangzhe/Documents/GitHub/OrangeLen/build/DerivedData/Build/Intermediates.noindex/EagerLinkingTBDs/Debug -L/Users/huangzhe/Documents/GitHub/OrangeLen/build/DerivedData/Build/Products/Debug -F/Users/huangzhe/Documents/GitHub/OrangeLen/build/DerivedData/Build/Intermediates.noindex/EagerLinkingTBDs/Debug -F/Users/huangzhe/Documents/GitHub/OrangeLen/build/DerivedData/Build/Products/Debug/PackageFrameworks -F/Users/huangzhe/Documents/GitHub/OrangeLen/build/DerivedData/Build/Products/Debug/PackageFrameworks -F/Users/huangzhe/Documents/GitHub/OrangeLen/build/DerivedData/Build/Products/Debug/PackageFrameworks -F/Users/huangzhe/Documents/GitHub/OrangeLen/build/DerivedData/Build/Products/Debug/PackageFrameworks -F/Users/huangzhe/Documents/GitHub/OrangeLen/build/DerivedData/Build/Products/Debug/PackageFrameworks -F/Users/huangzhe/Documents/GitHub/OrangeLen/build/DerivedData/Build/Products/Debug/PackageFrameworks -F/Users/huangzhe/Documents/GitHub/OrangeLen/build/DerivedData/Build/Products/Debug -filelist /Users/huangzhe/Documents/GitHub/OrangeLen/build/DerivedData/Build/Intermediates.noindex/OrangeLen.build/Debug/OrangeLenPreviewBooks.build/Objects-normal/arm64/OrangeLenPreviewBooks.LinkFileList -Xlinker -rpath -Xlinker /usr/lib/swift -Xlinker -rpath -Xlinker /Users/huangzhe/Documents/GitHub/OrangeLen/build/DerivedData/Build/Products/Debug/PackageFrameworks -Xlinker -rpath -Xlinker @executable_path/../Frameworks -Xlinker -rpath -Xlinker @executable_path/../../../../Frameworks -Xlinker -object_path_lto -Xlinker /Users/huangzhe/Documents/GitHub/OrangeLen/build/DerivedData/Build/Intermediates.noindex/OrangeLen.build/Debug/OrangeLenPreviewBooks.build/Objects-normal/arm64/OrangeLenPreviewBooks_lto.o -rdynamic -Xlinker -no_deduplicate -Xlinker -dependency_info -Xlinker /Users/huangzhe/Documents/GitHub/OrangeLen/build/DerivedData/Build/Intermediates.noindex/OrangeLen.build/Debug/OrangeLenPreviewBooks.build/Objects-normal/arm64/OrangeLenPreviewBooks_dependency_info.dat -e _NSExtensionMain -fapplication-extension -fobjc-link-runtime -L/Applications/Xcode.app/Contents/Developer/Toolchains/XcodeDefault.xctoolchain/usr/lib/swift/macosx -L/usr/lib/swift -Xlinker -add_ast_path -Xlinker /Users/huangzhe/Documents/GitHub/OrangeLen/build/DerivedData/Build/Intermediates.noindex/OrangeLen.build/Debug/OrangeLenPreviewBooks.build/Objects-normal/arm64/OrangeLenPreviewBooks.swiftmodule @/Users/huangzhe/Documents/GitHub/OrangeLen/build/DerivedData/Build/Intermediates.noindex/OrangeLen.build/Debug/OrangeLenPreviewBooks.build/Objects-normal/arm64/OrangeLenPreviewBooks-linker-args.resp -Wl,-no_warn_duplicate_libraries -Wl,-no_warn_duplicate_libraries -Wl,-no_warn_duplicate_libraries -Wl,-no_warn_duplicate_libraries -Wl,-no_warn_duplicate_libraries -Wl,-no_warn_duplicate_libraries -Xlinker -no_adhoc_codesign -o /Users/huangzhe/Documents/GitHub/OrangeLen/build/DerivedData/Build/Products/Debug/OrangeLenPreviewBooks.appex/Contents/MacOS/OrangeLenPreviewBooks -Xlinker -add_ast_path -Xlinker /Users/huangzhe/Documents/GitHub/OrangeLen/build/DerivedData/Build/Intermediates.noindex/OrangeLen.build/Debug/OrangeLenUI.build/Objects-normal/arm64/OrangeLenUI.swiftmodule @/Users/huangzhe/Documents/GitHub/OrangeLen/build/DerivedData/Build/Intermediates.noindex/OrangeLen.build/Debug/OrangeLenUI.build/Objects-normal/arm64/OrangeLenUI-linker-args.resp -Xlinker -add_ast_path -Xlinker /Users/huangzhe/Documents/GitHub/OrangeLen/build/DerivedData/Build/Intermediates.noindex/swift-markdown.build/Debug/Markdown.build/Objects-normal/arm64/Markdown.swiftmodule @/Users/huangzhe/Documents/GitHub/OrangeLen/build/DerivedData/Build/Intermediates.noindex/swift-markdown.build/Debug/Markdown.build/Objects-normal/arm64/Markdown-linker-args.resp -Xlinker -add_ast_path -Xlinker /Users/huangzhe/Documents/GitHub/OrangeLen/build/DerivedData/Build/Intermediates.noindex/OrangeLen.build/Debug/OrangeLenCore.build/Objects-normal/arm64/OrangeLenCore.swiftmodule @/Users/huangzhe/Documents/GitHub/OrangeLen/build/DerivedData/Build/Intermediates.noindex/OrangeLen.build/Debug/OrangeLenCore.build/Objects-normal/arm64/OrangeLenCore-linker-args.resp

CodeSign /Users/huangzhe/Documents/GitHub/OrangeLen/build/DerivedData/Build/Products/Debug/OrangeLenPreviewArchives.appex (in target 'OrangeLenPreviewArchives' from project 'OrangeLen' at path '/Users/huangzhe/Documents/GitHub/OrangeLen/OrangeLen.xcodeproj')
    cd /Users/huangzhe/Documents/GitHub/OrangeLen
    
    Signing Identity:     "Sign to Run Locally"
    
    /usr/bin/codesign --force --sign - --entitlements /Users/huangzhe/Documents/GitHub/OrangeLen/build/DerivedData/Build/Intermediates.noindex/OrangeLen.build/Debug/OrangeLenPreviewArchives.build/OrangeLenPreviewArchives.appex.xcent --timestamp\=none --generate-entitlement-der /Users/huangzhe/Documents/GitHub/OrangeLen/build/DerivedData/Build/Products/Debug/OrangeLenPreviewArchives.appex

Copy /Users/huangzhe/Documents/GitHub/OrangeLen/build/DerivedData/Build/Products/Debug/OrangeLenPreviewFolders.appex/Contents/XPCServices/OrangeLenImageBroker.xpc /Users/huangzhe/Documents/GitHub/OrangeLen/build/DerivedData/Build/Products/Debug/OrangeLenImageBroker.xpc (in target 'OrangeLenPreviewFolders' from project 'OrangeLen' at path '/Users/huangzhe/Documents/GitHub/OrangeLen/OrangeLen.xcodeproj')
    cd /Users/huangzhe/Documents/GitHub/OrangeLen
    builtin-copy -exclude .DS_Store -exclude CVS -exclude .svn -exclude .git -exclude .hg -exclude Headers -exclude PrivateHeaders -exclude Modules -exclude \*.tbd -resolve-src-symlinks -remove-static-executable /Users/huangzhe/Documents/GitHub/OrangeLen/build/DerivedData/Build/Products/Debug/OrangeLenImageBroker.xpc /Users/huangzhe/Documents/GitHub/OrangeLen/build/DerivedData/Build/Products/Debug/OrangeLenPreviewFolders.appex/Contents/XPCServices

Copy /Users/huangzhe/Documents/GitHub/OrangeLen/build/DerivedData/Build/Products/Debug/OrangeLenPreviewBooks.appex/Contents/XPCServices/OrangeLenImageBroker.xpc /Users/huangzhe/Documents/GitHub/OrangeLen/build/DerivedData/Build/Products/Debug/OrangeLenImageBroker.xpc (in target 'OrangeLenPreviewBooks' from project 'OrangeLen' at path '/Users/huangzhe/Documents/GitHub/OrangeLen/OrangeLen.xcodeproj')
    cd /Users/huangzhe/Documents/GitHub/OrangeLen
    builtin-copy -exclude .DS_Store -exclude CVS -exclude .svn -exclude .git -exclude .hg -exclude Headers -exclude PrivateHeaders -exclude Modules -exclude \*.tbd -resolve-src-symlinks -remove-static-executable /Users/huangzhe/Documents/GitHub/OrangeLen/build/DerivedData/Build/Products/Debug/OrangeLenImageBroker.xpc /Users/huangzhe/Documents/GitHub/OrangeLen/build/DerivedData/Build/Products/Debug/OrangeLenPreviewBooks.appex/Contents/XPCServices

ExtractAppIntentsMetadata (in target 'OrangeLenPreviewBooks' from project 'OrangeLen' at path '/Users/huangzhe/Documents/GitHub/OrangeLen/OrangeLen.xcodeproj')
    cd /Users/huangzhe/Documents/GitHub/OrangeLen
    /Applications/Xcode.app/Contents/Developer/Toolchains/XcodeDefault.xctoolchain/usr/bin/appintentsmetadataprocessor --toolchain-dir /Applications/Xcode.app/Contents/Developer/Toolchains/XcodeDefault.xctoolchain --module-name OrangeLenPreviewBooks --sdk-root /Applications/Xcode.app/Contents/Developer/Platforms/MacOSX.platform/Developer/SDKs/MacOSX26.5.sdk --xcode-version 17F42 --platform-family macOS --deployment-target 14.0 --bundle-identifier local.OrangeLen.Preview.Books --output /Users/huangzhe/Documents/GitHub/OrangeLen/build/DerivedData/Build/Products/Debug/OrangeLenPreviewBooks.appex/Contents/Resources --target-triple arm64-apple-macos14.0 --binary-file /Users/huangzhe/Documents/GitHub/OrangeLen/build/DerivedData/Build/Products/Debug/OrangeLenPreviewBooks.appex/Contents/MacOS/OrangeLenPreviewBooks --dependency-file /Users/huangzhe/Documents/GitHub/OrangeLen/build/DerivedData/Build/Intermediates.noindex/OrangeLen.build/Debug/OrangeLenPreviewBooks.build/Objects-normal/arm64/OrangeLenPreviewBooks_dependency_info.dat --stringsdata-file /Users/huangzhe/Documents/GitHub/OrangeLen/build/DerivedData/Build/Intermediates.noindex/OrangeLen.build/Debug/OrangeLenPreviewBooks.build/Objects-normal/arm64/ExtractedAppShortcutsMetadata.stringsdata --source-file-list /Users/huangzhe/Documents/GitHub/OrangeLen/build/DerivedData/Build/Intermediates.noindex/OrangeLen.build/Debug/OrangeLenPreviewBooks.build/Objects-normal/arm64/OrangeLenPreviewBooks.SwiftFileList --metadata-file-list /Users/huangzhe/Documents/GitHub/OrangeLen/build/DerivedData/Build/Intermediates.noindex/OrangeLen.build/Debug/OrangeLenPreviewBooks.build/OrangeLenPreviewBooks.DependencyMetadataFileList --static-metadata-file-list /Users/huangzhe/Documents/GitHub/OrangeLen/build/DerivedData/Build/Intermediates.noindex/OrangeLen.build/Debug/OrangeLenPreviewBooks.build/OrangeLenPreviewBooks.DependencyStaticMetadataFileList --swift-const-vals-list /Users/huangzhe/Documents/GitHub/OrangeLen/build/DerivedData/Build/Intermediates.noindex/OrangeLen.build/Debug/OrangeLenPreviewBooks.build/Objects-normal/arm64/OrangeLenPreviewBooks.SwiftConstValuesFileList --compile-time-extraction --deployment-aware-processing --validate-assistant-intents --no-app-shortcuts-localization
2026-10-08 10:38:16.788 appintentsmetadataprocessor[95058:22977039] Starting appintentsmetadataprocessor export
2026-10-08 10:38:16.790 appintentsmetadataprocessor[95058:22977039] warning: Metadata extraction skipped. No AppIntents.framework dependency found.

ExtractAppIntentsMetadata (in target 'OrangeLenPreviewFolders' from project 'OrangeLen' at path '/Users/huangzhe/Documents/GitHub/OrangeLen/OrangeLen.xcodeproj')
    cd /Users/huangzhe/Documents/GitHub/OrangeLen
    /Applications/Xcode.app/Contents/Developer/Toolchains/XcodeDefault.xctoolchain/usr/bin/appintentsmetadataprocessor --toolchain-dir /Applications/Xcode.app/Contents/Developer/Toolchains/XcodeDefault.xctoolchain --module-name OrangeLenPreviewFolders --sdk-root /Applications/Xcode.app/Contents/Developer/Platforms/MacOSX.platform/Developer/SDKs/MacOSX26.5.sdk --xcode-version 17F42 --platform-family macOS --deployment-target 14.0 --bundle-identifier local.OrangeLen.Preview.Folders --output /Users/huangzhe/Documents/GitHub/OrangeLen/build/DerivedData/Build/Products/Debug/OrangeLenPreviewFolders.appex/Contents/Resources --target-triple arm64-apple-macos14.0 --binary-file /Users/huangzhe/Documents/GitHub/OrangeLen/build/DerivedData/Build/Products/Debug/OrangeLenPreviewFolders.appex/Contents/MacOS/OrangeLenPreviewFolders --dependency-file /Users/huangzhe/Documents/GitHub/OrangeLen/build/DerivedData/Build/Intermediates.noindex/OrangeLen.build/Debug/OrangeLenPreviewFolders.build/Objects-normal/arm64/OrangeLenPreviewFolders_dependency_info.dat --stringsdata-file /Users/huangzhe/Documents/GitHub/OrangeLen/build/DerivedData/Build/Intermediates.noindex/OrangeLen.build/Debug/OrangeLenPreviewFolders.build/Objects-normal/arm64/ExtractedAppShortcutsMetadata.stringsdata --source-file-list /Users/huangzhe/Documents/GitHub/OrangeLen/build/DerivedData/Build/Intermediates.noindex/OrangeLen.build/Debug/OrangeLenPreviewFolders.build/Objects-normal/arm64/OrangeLenPreviewFolders.SwiftFileList --metadata-file-list /Users/huangzhe/Documents/GitHub/OrangeLen/build/DerivedData/Build/Intermediates.noindex/OrangeLen.build/Debug/OrangeLenPreviewFolders.build/OrangeLenPreviewFolders.DependencyMetadataFileList --static-metadata-file-list /Users/huangzhe/Documents/GitHub/OrangeLen/build/DerivedData/Build/Intermediates.noindex/OrangeLen.build/Debug/OrangeLenPreviewFolders.build/OrangeLenPreviewFolders.DependencyStaticMetadataFileList --swift-const-vals-list /Users/huangzhe/Documents/GitHub/OrangeLen/build/DerivedData/Build/Intermediates.noindex/OrangeLen.build/Debug/OrangeLenPreviewFolders.build/Objects-normal/arm64/OrangeLenPreviewFolders.SwiftConstValuesFileList --compile-time-extraction --deployment-aware-processing --validate-assistant-intents --no-app-shortcuts-localization
2026-10-08 10:38:16.788 appintentsmetadataprocessor[95059:22977040] Starting appintentsmetadataprocessor export
2026-10-08 10:38:16.791 appintentsmetadataprocessor[95059:22977040] warning: Metadata extraction skipped. No AppIntents.framework dependency found.

Copy /Users/huangzhe/Documents/GitHub/OrangeLen/build/DerivedData/Build/Products/Debug/OrangeLenPreviewDrawings.appex/Contents/XPCServices/OrangeLenImageBroker.xpc /Users/huangzhe/Documents/GitHub/OrangeLen/build/DerivedData/Build/Products/Debug/OrangeLenImageBroker.xpc (in target 'OrangeLenPreviewDrawings' from project 'OrangeLen' at path '/Users/huangzhe/Documents/GitHub/OrangeLen/OrangeLen.xcodeproj')
    cd /Users/huangzhe/Documents/GitHub/OrangeLen
    builtin-copy -exclude .DS_Store -exclude CVS -exclude .svn -exclude .git -exclude .hg -exclude Headers -exclude PrivateHeaders -exclude Modules -exclude \*.tbd -resolve-src-symlinks -remove-static-executable /Users/huangzhe/Documents/GitHub/OrangeLen/build/DerivedData/Build/Products/Debug/OrangeLenImageBroker.xpc /Users/huangzhe/Documents/GitHub/OrangeLen/build/DerivedData/Build/Products/Debug/OrangeLenPreviewDrawings.appex/Contents/XPCServices

Copy /Users/huangzhe/Documents/GitHub/OrangeLen/build/DerivedData/Build/Products/Debug/OrangeLenPreviewData.appex/Contents/XPCServices/OrangeLenImageBroker.xpc /Users/huangzhe/Documents/GitHub/OrangeLen/build/DerivedData/Build/Products/Debug/OrangeLenImageBroker.xpc (in target 'OrangeLenPreviewData' from project 'OrangeLen' at path '/Users/huangzhe/Documents/GitHub/OrangeLen/OrangeLen.xcodeproj')
    cd /Users/huangzhe/Documents/GitHub/OrangeLen
    builtin-copy -exclude .DS_Store -exclude CVS -exclude .svn -exclude .git -exclude .hg -exclude Headers -exclude PrivateHeaders -exclude Modules -exclude \*.tbd -resolve-src-symlinks -remove-static-executable /Users/huangzhe/Documents/GitHub/OrangeLen/build/DerivedData/Build/Products/Debug/OrangeLenImageBroker.xpc /Users/huangzhe/Documents/GitHub/OrangeLen/build/DerivedData/Build/Products/Debug/OrangeLenPreviewData.appex/Contents/XPCServices

ExtractAppIntentsMetadata (in target 'OrangeLenPreviewDrawings' from project 'OrangeLen' at path '/Users/huangzhe/Documents/GitHub/OrangeLen/OrangeLen.xcodeproj')
    cd /Users/huangzhe/Documents/GitHub/OrangeLen
    /Applications/Xcode.app/Contents/Developer/Toolchains/XcodeDefault.xctoolchain/usr/bin/appintentsmetadataprocessor --toolchain-dir /Applications/Xcode.app/Contents/Developer/Toolchains/XcodeDefault.xctoolchain --module-name OrangeLenPreviewDrawings --sdk-root /Applications/Xcode.app/Contents/Developer/Platforms/MacOSX.platform/Developer/SDKs/MacOSX26.5.sdk --xcode-version 17F42 --platform-family macOS --deployment-target 14.0 --bundle-identifier local.OrangeLen.Preview.Drawings --output /Users/huangzhe/Documents/GitHub/OrangeLen/build/DerivedData/Build/Products/Debug/OrangeLenPreviewDrawings.appex/Contents/Resources --target-triple arm64-apple-macos14.0 --binary-file /Users/huangzhe/Documents/GitHub/OrangeLen/build/DerivedData/Build/Products/Debug/OrangeLenPreviewDrawings.appex/Contents/MacOS/OrangeLenPreviewDrawings --dependency-file /Users/huangzhe/Documents/GitHub/OrangeLen/build/DerivedData/Build/Intermediates.noindex/OrangeLen.build/Debug/OrangeLenPreviewDrawings.build/Objects-normal/arm64/OrangeLenPreviewDrawings_dependency_info.dat --stringsdata-file /Users/huangzhe/Documents/GitHub/OrangeLen/build/DerivedData/Build/Intermediates.noindex/OrangeLen.build/Debug/OrangeLenPreviewDrawings.build/Objects-normal/arm64/ExtractedAppShortcutsMetadata.stringsdata --source-file-list /Users/huangzhe/Documents/GitHub/OrangeLen/build/DerivedData/Build/Intermediates.noindex/OrangeLen.build/Debug/OrangeLenPreviewDrawings.build/Objects-normal/arm64/OrangeLenPreviewDrawings.SwiftFileList --metadata-file-list /Users/huangzhe/Documents/GitHub/OrangeLen/build/DerivedData/Build/Intermediates.noindex/OrangeLen.build/Debug/OrangeLenPreviewDrawings.build/OrangeLenPreviewDrawings.DependencyMetadataFileList --static-metadata-file-list /Users/huangzhe/Documents/GitHub/OrangeLen/build/DerivedData/Build/Intermediates.noindex/OrangeLen.build/Debug/OrangeLenPreviewDrawings.build/OrangeLenPreviewDrawings.DependencyStaticMetadataFileList --swift-const-vals-list /Users/huangzhe/Documents/GitHub/OrangeLen/build/DerivedData/Build/Intermediates.noindex/OrangeLen.build/Debug/OrangeLenPreviewDrawings.build/Objects-normal/arm64/OrangeLenPreviewDrawings.SwiftConstValuesFileList --compile-time-extraction --deployment-aware-processing --validate-assistant-intents --no-app-shortcuts-localization
2026-10-08 10:38:16.798 appintentsmetadataprocessor[95060:22977043] Starting appintentsmetadataprocessor export
2026-10-08 10:38:16.800 appintentsmetadataprocessor[95060:22977043] warning: Metadata extraction skipped. No AppIntents.framework dependency found.

Copy /Users/huangzhe/Documents/GitHub/OrangeLen/build/DerivedData/Build/Products/Debug/OrangeLenPreviewMarkdown.appex/Contents/XPCServices/OrangeLenImageBroker.xpc /Users/huangzhe/Documents/GitHub/OrangeLen/build/DerivedData/Build/Products/Debug/OrangeLenImageBroker.xpc (in target 'OrangeLenPreviewMarkdown' from project 'OrangeLen' at path '/Users/huangzhe/Documents/GitHub/OrangeLen/OrangeLen.xcodeproj')
    cd /Users/huangzhe/Documents/GitHub/OrangeLen
    builtin-copy -exclude .DS_Store -exclude CVS -exclude .svn -exclude .git -exclude .hg -exclude Headers -exclude PrivateHeaders -exclude Modules -exclude \*.tbd -resolve-src-symlinks -remove-static-executable /Users/huangzhe/Documents/GitHub/OrangeLen/build/DerivedData/Build/Products/Debug/OrangeLenImageBroker.xpc /Users/huangzhe/Documents/GitHub/OrangeLen/build/DerivedData/Build/Products/Debug/OrangeLenPreviewMarkdown.appex/Contents/XPCServices

ExtractAppIntentsMetadata (in target 'OrangeLenPreviewData' from project 'OrangeLen' at path '/Users/huangzhe/Documents/GitHub/OrangeLen/OrangeLen.xcodeproj')
    cd /Users/huangzhe/Documents/GitHub/OrangeLen
    /Applications/Xcode.app/Contents/Developer/Toolchains/XcodeDefault.xctoolchain/usr/bin/appintentsmetadataprocessor --toolchain-dir /Applications/Xcode.app/Contents/Developer/Toolchains/XcodeDefault.xctoolchain --module-name OrangeLenPreviewData --sdk-root /Applications/Xcode.app/Contents/Developer/Platforms/MacOSX.platform/Developer/SDKs/MacOSX26.5.sdk --xcode-version 17F42 --platform-family macOS --deployment-target 14.0 --bundle-identifier local.OrangeLen.Preview.Data --output /Users/huangzhe/Documents/GitHub/OrangeLen/build/DerivedData/Build/Products/Debug/OrangeLenPreviewData.appex/Contents/Resources --target-triple arm64-apple-macos14.0 --binary-file /Users/huangzhe/Documents/GitHub/OrangeLen/build/DerivedData/Build/Products/Debug/OrangeLenPreviewData.appex/Contents/MacOS/OrangeLenPreviewData --dependency-file /Users/huangzhe/Documents/GitHub/OrangeLen/build/DerivedData/Build/Intermediates.noindex/OrangeLen.build/Debug/OrangeLenPreviewData.build/Objects-normal/arm64/OrangeLenPreviewData_dependency_info.dat --stringsdata-file /Users/huangzhe/Documents/GitHub/OrangeLen/build/DerivedData/Build/Intermediates.noindex/OrangeLen.build/Debug/OrangeLenPreviewData.build/Objects-normal/arm64/ExtractedAppShortcutsMetadata.stringsdata --source-file-list /Users/huangzhe/Documents/GitHub/OrangeLen/build/DerivedData/Build/Intermediates.noindex/OrangeLen.build/Debug/OrangeLenPreviewData.build/Objects-normal/arm64/OrangeLenPreviewData.SwiftFileList --metadata-file-list /Users/huangzhe/Documents/GitHub/OrangeLen/build/DerivedData/Build/Intermediates.noindex/OrangeLen.build/Debug/OrangeLenPreviewData.build/OrangeLenPreviewData.DependencyMetadataFileList --static-metadata-file-list /Users/huangzhe/Documents/GitHub/OrangeLen/build/DerivedData/Build/Intermediates.noindex/OrangeLen.build/Debug/OrangeLenPreviewData.build/OrangeLenPreviewData.DependencyStaticMetadataFileList --swift-const-vals-list /Users/huangzhe/Documents/GitHub/OrangeLen/build/DerivedData/Build/Intermediates.noindex/OrangeLen.build/Debug/OrangeLenPreviewData.build/Objects-normal/arm64/OrangeLenPreviewData.SwiftConstValuesFileList --compile-time-extraction --deployment-aware-processing --validate-assistant-intents --no-app-shortcuts-localization
2026-10-08 10:38:16.806 appintentsmetadataprocessor[95061:22977044] Starting appintentsmetadataprocessor export
2026-10-08 10:38:16.807 appintentsmetadataprocessor[95061:22977044] warning: Metadata extraction skipped. No AppIntents.framework dependency found.

Copy /Users/huangzhe/Documents/GitHub/OrangeLen/build/DerivedData/Build/Products/Debug/OrangeLenPreview.appex/Contents/XPCServices/OrangeLenImageBroker.xpc /Users/huangzhe/Documents/GitHub/OrangeLen/build/DerivedData/Build/Products/Debug/OrangeLenImageBroker.xpc (in target 'OrangeLenPreview' from project 'OrangeLen' at path '/Users/huangzhe/Documents/GitHub/OrangeLen/OrangeLen.xcodeproj')
    cd /Users/huangzhe/Documents/GitHub/OrangeLen
    builtin-copy -exclude .DS_Store -exclude CVS -exclude .svn -exclude .git -exclude .hg -exclude Headers -exclude PrivateHeaders -exclude Modules -exclude \*.tbd -resolve-src-symlinks -remove-static-executable /Users/huangzhe/Documents/GitHub/OrangeLen/build/DerivedData/Build/Products/Debug/OrangeLenImageBroker.xpc /Users/huangzhe/Documents/GitHub/OrangeLen/build/DerivedData/Build/Products/Debug/OrangeLenPreview.appex/Contents/XPCServices

CodeSign /Users/huangzhe/Documents/GitHub/OrangeLen/build/DerivedData/Build/Products/Debug/OrangeLenPreviewBooks.appex (in target 'OrangeLenPreviewBooks' from project 'OrangeLen' at path '/Users/huangzhe/Documents/GitHub/OrangeLen/OrangeLen.xcodeproj')
    cd /Users/huangzhe/Documents/GitHub/OrangeLen
    
    Signing Identity:     "Sign to Run Locally"
    
    /usr/bin/codesign --force --sign - --entitlements /Users/huangzhe/Documents/GitHub/OrangeLen/build/DerivedData/Build/Intermediates.noindex/OrangeLen.build/Debug/OrangeLenPreviewBooks.build/OrangeLenPreviewBooks.appex.xcent --timestamp\=none --generate-entitlement-der /Users/huangzhe/Documents/GitHub/OrangeLen/build/DerivedData/Build/Products/Debug/OrangeLenPreviewBooks.appex

CodeSign /Users/huangzhe/Documents/GitHub/OrangeLen/build/DerivedData/Build/Products/Debug/OrangeLenPreviewFolders.appex (in target 'OrangeLenPreviewFolders' from project 'OrangeLen' at path '/Users/huangzhe/Documents/GitHub/OrangeLen/OrangeLen.xcodeproj')
    cd /Users/huangzhe/Documents/GitHub/OrangeLen
    
    Signing Identity:     "Sign to Run Locally"
    
    /usr/bin/codesign --force --sign - --entitlements /Users/huangzhe/Documents/GitHub/OrangeLen/build/DerivedData/Build/Intermediates.noindex/OrangeLen.build/Debug/OrangeLenPreviewFolders.build/OrangeLenPreviewFolders.appex.xcent --timestamp\=none --generate-entitlement-der /Users/huangzhe/Documents/GitHub/OrangeLen/build/DerivedData/Build/Products/Debug/OrangeLenPreviewFolders.appex

ExtractAppIntentsMetadata (in target 'OrangeLenPreviewMarkdown' from project 'OrangeLen' at path '/Users/huangzhe/Documents/GitHub/OrangeLen/OrangeLen.xcodeproj')
    cd /Users/huangzhe/Documents/GitHub/OrangeLen
    /Applications/Xcode.app/Contents/Developer/Toolchains/XcodeDefault.xctoolchain/usr/bin/appintentsmetadataprocessor --toolchain-dir /Applications/Xcode.app/Contents/Developer/Toolchains/XcodeDefault.xctoolchain --module-name OrangeLenPreviewMarkdown --sdk-root /Applications/Xcode.app/Contents/Developer/Platforms/MacOSX.platform/Developer/SDKs/MacOSX26.5.sdk --xcode-version 17F42 --platform-family macOS --deployment-target 14.0 --bundle-identifier local.OrangeLen.Preview.Markdown --output /Users/huangzhe/Documents/GitHub/OrangeLen/build/DerivedData/Build/Products/Debug/OrangeLenPreviewMarkdown.appex/Contents/Resources --target-triple arm64-apple-macos14.0 --binary-file /Users/huangzhe/Documents/GitHub/OrangeLen/build/DerivedData/Build/Products/Debug/OrangeLenPreviewMarkdown.appex/Contents/MacOS/OrangeLenPreviewMarkdown --dependency-file /Users/huangzhe/Documents/GitHub/OrangeLen/build/DerivedData/Build/Intermediates.noindex/OrangeLen.build/Debug/OrangeLenPreviewMarkdown.build/Objects-normal/arm64/OrangeLenPreviewMarkdown_dependency_info.dat --stringsdata-file /Users/huangzhe/Documents/GitHub/OrangeLen/build/DerivedData/Build/Intermediates.noindex/OrangeLen.build/Debug/OrangeLenPreviewMarkdown.build/Objects-normal/arm64/ExtractedAppShortcutsMetadata.stringsdata --source-file-list /Users/huangzhe/Documents/GitHub/OrangeLen/build/DerivedData/Build/Intermediates.noindex/OrangeLen.build/Debug/OrangeLenPreviewMarkdown.build/Objects-normal/arm64/OrangeLenPreviewMarkdown.SwiftFileList --metadata-file-list /Users/huangzhe/Documents/GitHub/OrangeLen/build/DerivedData/Build/Intermediates.noindex/OrangeLen.build/Debug/OrangeLenPreviewMarkdown.build/OrangeLenPreviewMarkdown.DependencyMetadataFileList --static-metadata-file-list /Users/huangzhe/Documents/GitHub/OrangeLen/build/DerivedData/Build/Intermediates.noindex/OrangeLen.build/Debug/OrangeLenPreviewMarkdown.build/OrangeLenPreviewMarkdown.DependencyStaticMetadataFileList --swift-const-vals-list /Users/huangzhe/Documents/GitHub/OrangeLen/build/DerivedData/Build/Intermediates.noindex/OrangeLen.build/Debug/OrangeLenPreviewMarkdown.build/Objects-normal/arm64/OrangeLenPreviewMarkdown.SwiftConstValuesFileList --compile-time-extraction --deployment-aware-processing --validate-assistant-intents --no-app-shortcuts-localization
2026-10-08 10:38:16.810 appintentsmetadataprocessor[95064:22977049] Starting appintentsmetadataprocessor export
2026-10-08 10:38:16.813 appintentsmetadataprocessor[95064:22977049] warning: Metadata extraction skipped. No AppIntents.framework dependency found.

ExtractAppIntentsMetadata (in target 'OrangeLenPreview' from project 'OrangeLen' at path '/Users/huangzhe/Documents/GitHub/OrangeLen/OrangeLen.xcodeproj')
    cd /Users/huangzhe/Documents/GitHub/OrangeLen
    /Applications/Xcode.app/Contents/Developer/Toolchains/XcodeDefault.xctoolchain/usr/bin/appintentsmetadataprocessor --toolchain-dir /Applications/Xcode.app/Contents/Developer/Toolchains/XcodeDefault.xctoolchain --module-name OrangeLenPreview --sdk-root /Applications/Xcode.app/Contents/Developer/Platforms/MacOSX.platform/Developer/SDKs/MacOSX26.5.sdk --xcode-version 17F42 --platform-family macOS --deployment-target 14.0 --bundle-identifier local.OrangeLen.Preview --output /Users/huangzhe/Documents/GitHub/OrangeLen/build/DerivedData/Build/Products/Debug/OrangeLenPreview.appex/Contents/Resources --target-triple arm64-apple-macos14.0 --binary-file /Users/huangzhe/Documents/GitHub/OrangeLen/build/DerivedData/Build/Products/Debug/OrangeLenPreview.appex/Contents/MacOS/OrangeLenPreview --dependency-file /Users/huangzhe/Documents/GitHub/OrangeLen/build/DerivedData/Build/Intermediates.noindex/OrangeLen.build/Debug/OrangeLenPreview.build/Objects-normal/arm64/OrangeLenPreview_dependency_info.dat --stringsdata-file /Users/huangzhe/Documents/GitHub/OrangeLen/build/DerivedData/Build/Intermediates.noindex/OrangeLen.build/Debug/OrangeLenPreview.build/Objects-normal/arm64/ExtractedAppShortcutsMetadata.stringsdata --source-file-list /Users/huangzhe/Documents/GitHub/OrangeLen/build/DerivedData/Build/Intermediates.noindex/OrangeLen.build/Debug/OrangeLenPreview.build/Objects-normal/arm64/OrangeLenPreview.SwiftFileList --metadata-file-list /Users/huangzhe/Documents/GitHub/OrangeLen/build/DerivedData/Build/Intermediates.noindex/OrangeLen.build/Debug/OrangeLenPreview.build/OrangeLenPreview.DependencyMetadataFileList --static-metadata-file-list /Users/huangzhe/Documents/GitHub/OrangeLen/build/DerivedData/Build/Intermediates.noindex/OrangeLen.build/Debug/OrangeLenPreview.build/OrangeLenPreview.DependencyStaticMetadataFileList --swift-const-vals-list /Users/huangzhe/Documents/GitHub/OrangeLen/build/DerivedData/Build/Intermediates.noindex/OrangeLen.build/Debug/OrangeLenPreview.build/Objects-normal/arm64/OrangeLenPreview.SwiftConstValuesFileList --compile-time-extraction --deployment-aware-processing --validate-assistant-intents --no-app-shortcuts-localization
2026-10-08 10:38:16.815 appintentsmetadataprocessor[95065:22977050] Starting appintentsmetadataprocessor export
2026-10-08 10:38:16.818 appintentsmetadataprocessor[95065:22977050] warning: Metadata extraction skipped. No AppIntents.framework dependency found.

CodeSign /Users/huangzhe/Documents/GitHub/OrangeLen/build/DerivedData/Build/Products/Debug/OrangeLenPreviewDrawings.appex (in target 'OrangeLenPreviewDrawings' from project 'OrangeLen' at path '/Users/huangzhe/Documents/GitHub/OrangeLen/OrangeLen.xcodeproj')
    cd /Users/huangzhe/Documents/GitHub/OrangeLen
    
    Signing Identity:     "Sign to Run Locally"
    
    /usr/bin/codesign --force --sign - --entitlements /Users/huangzhe/Documents/GitHub/OrangeLen/build/DerivedData/Build/Intermediates.noindex/OrangeLen.build/Debug/OrangeLenPreviewDrawings.build/OrangeLenPreviewDrawings.appex.xcent --timestamp\=none --generate-entitlement-der /Users/huangzhe/Documents/GitHub/OrangeLen/build/DerivedData/Build/Products/Debug/OrangeLenPreviewDrawings.appex

CodeSign /Users/huangzhe/Documents/GitHub/OrangeLen/build/DerivedData/Build/Products/Debug/OrangeLenPreviewData.appex (in target 'OrangeLenPreviewData' from project 'OrangeLen' at path '/Users/huangzhe/Documents/GitHub/OrangeLen/OrangeLen.xcodeproj')
    cd /Users/huangzhe/Documents/GitHub/OrangeLen
    
    Signing Identity:     "Sign to Run Locally"
    
    /usr/bin/codesign --force --sign - --entitlements /Users/huangzhe/Documents/GitHub/OrangeLen/build/DerivedData/Build/Intermediates.noindex/OrangeLen.build/Debug/OrangeLenPreviewData.build/OrangeLenPreviewData.appex.xcent --timestamp\=none --generate-entitlement-der /Users/huangzhe/Documents/GitHub/OrangeLen/build/DerivedData/Build/Products/Debug/OrangeLenPreviewData.appex

CodeSign /Users/huangzhe/Documents/GitHub/OrangeLen/build/DerivedData/Build/Products/Debug/OrangeLenPreviewMarkdown.appex (in target 'OrangeLenPreviewMarkdown' from project 'OrangeLen' at path '/Users/huangzhe/Documents/GitHub/OrangeLen/OrangeLen.xcodeproj')
    cd /Users/huangzhe/Documents/GitHub/OrangeLen
    
    Signing Identity:     "Sign to Run Locally"
    
    /usr/bin/codesign --force --sign - --entitlements /Users/huangzhe/Documents/GitHub/OrangeLen/build/DerivedData/Build/Intermediates.noindex/OrangeLen.build/Debug/OrangeLenPreviewMarkdown.build/OrangeLenPreviewMarkdown.appex.xcent --timestamp\=none --generate-entitlement-der /Users/huangzhe/Documents/GitHub/OrangeLen/build/DerivedData/Build/Products/Debug/OrangeLenPreviewMarkdown.appex

CodeSign /Users/huangzhe/Documents/GitHub/OrangeLen/build/DerivedData/Build/Products/Debug/OrangeLenPreview.appex (in target 'OrangeLenPreview' from project 'OrangeLen' at path '/Users/huangzhe/Documents/GitHub/OrangeLen/OrangeLen.xcodeproj')
    cd /Users/huangzhe/Documents/GitHub/OrangeLen
    
    Signing Identity:     "Sign to Run Locally"
    
    /usr/bin/codesign --force --sign - --entitlements /Users/huangzhe/Documents/GitHub/OrangeLen/build/DerivedData/Build/Intermediates.noindex/OrangeLen.build/Debug/OrangeLenPreview.build/OrangeLenPreview.appex.xcent --timestamp\=none --generate-entitlement-der /Users/huangzhe/Documents/GitHub/OrangeLen/build/DerivedData/Build/Products/Debug/OrangeLenPreview.appex

note: Disabling hardened runtime with ad-hoc codesigning. (in target 'OrangeLen' from project 'OrangeLen' at path '/Users/huangzhe/Documents/GitHub/OrangeLen/OrangeLen.xcodeproj')
Ld /Users/huangzhe/Documents/GitHub/OrangeLen/build/DerivedData/Build/Products/Debug/OrangeLen.app/Contents/MacOS/OrangeLen normal (in target 'OrangeLen' from project 'OrangeLen' at path '/Users/huangzhe/Documents/GitHub/OrangeLen/OrangeLen.xcodeproj')
    cd /Users/huangzhe/Documents/GitHub/OrangeLen
    /Applications/Xcode.app/Contents/Developer/Toolchains/XcodeDefault.xctoolchain/usr/bin/clang -Xlinker -reproducible -target arm64-apple-macos14.0 -isysroot /Applications/Xcode.app/Contents/Developer/Platforms/MacOSX.platform/Developer/SDKs/MacOSX26.5.sdk -O0 -L/Users/huangzhe/Documents/GitHub/OrangeLen/build/DerivedData/Build/Intermediates.noindex/EagerLinkingTBDs/Debug -L/Users/huangzhe/Documents/GitHub/OrangeLen/build/DerivedData/Build/Products/Debug -F/Users/huangzhe/Documents/GitHub/OrangeLen/build/DerivedData/Build/Intermediates.noindex/EagerLinkingTBDs/Debug -F/Users/huangzhe/Documents/GitHub/OrangeLen/build/DerivedData/Build/Products/Debug/PackageFrameworks -F/Users/huangzhe/Documents/GitHub/OrangeLen/build/DerivedData/Build/Products/Debug/PackageFrameworks -F/Users/huangzhe/Documents/GitHub/OrangeLen/build/DerivedData/Build/Products/Debug/PackageFrameworks -F/Users/huangzhe/Documents/GitHub/OrangeLen/build/DerivedData/Build/Products/Debug/PackageFrameworks -F/Users/huangzhe/Documents/GitHub/OrangeLen/build/DerivedData/Build/Products/Debug/PackageFrameworks -F/Users/huangzhe/Documents/GitHub/OrangeLen/build/DerivedData/Build/Products/Debug/PackageFrameworks -F/Users/huangzhe/Documents/GitHub/OrangeLen/build/DerivedData/Build/Products/Debug -filelist /Users/huangzhe/Documents/GitHub/OrangeLen/build/DerivedData/Build/Intermediates.noindex/OrangeLen.build/Debug/OrangeLen.build/Objects-normal/arm64/OrangeLen.LinkFileList -Xlinker -rpath -Xlinker /usr/lib/swift -Xlinker -rpath -Xlinker /Users/huangzhe/Documents/GitHub/OrangeLen/build/DerivedData/Build/Products/Debug/PackageFrameworks -Xlinker -rpath -Xlinker @executable_path/../Frameworks -Xlinker -object_path_lto -Xlinker /Users/huangzhe/Documents/GitHub/OrangeLen/build/DerivedData/Build/Intermediates.noindex/OrangeLen.build/Debug/OrangeLen.build/Objects-normal/arm64/OrangeLen_lto.o -rdynamic -Xlinker -no_deduplicate -Xlinker -dependency_info -Xlinker /Users/huangzhe/Documents/GitHub/OrangeLen/build/DerivedData/Build/Intermediates.noindex/OrangeLen.build/Debug/OrangeLen.build/Objects-normal/arm64/OrangeLen_dependency_info.dat -fobjc-link-runtime -L/Applications/Xcode.app/Contents/Developer/Toolchains/XcodeDefault.xctoolchain/usr/lib/swift/macosx -L/usr/lib/swift -Xlinker -add_ast_path -Xlinker /Users/huangzhe/Documents/GitHub/OrangeLen/build/DerivedData/Build/Intermediates.noindex/OrangeLen.build/Debug/OrangeLen.build/Objects-normal/arm64/OrangeLen.swiftmodule @/Users/huangzhe/Documents/GitHub/OrangeLen/build/DerivedData/Build/Intermediates.noindex/OrangeLen.build/Debug/OrangeLen.build/Objects-normal/arm64/OrangeLen-linker-args.resp -Wl,-no_warn_duplicate_libraries -Wl,-no_warn_duplicate_libraries -Wl,-no_warn_duplicate_libraries -Wl,-no_warn_duplicate_libraries -Wl,-no_warn_duplicate_libraries -Wl,-no_warn_duplicate_libraries -Xlinker -no_adhoc_codesign -o /Users/huangzhe/Documents/GitHub/OrangeLen/build/DerivedData/Build/Products/Debug/OrangeLen.app/Contents/MacOS/OrangeLen -Xlinker -add_ast_path -Xlinker /Users/huangzhe/Documents/GitHub/OrangeLen/build/DerivedData/Build/Intermediates.noindex/OrangeLen.build/Debug/OrangeLenUI.build/Objects-normal/arm64/OrangeLenUI.swiftmodule @/Users/huangzhe/Documents/GitHub/OrangeLen/build/DerivedData/Build/Intermediates.noindex/OrangeLen.build/Debug/OrangeLenUI.build/Objects-normal/arm64/OrangeLenUI-linker-args.resp -Xlinker -add_ast_path -Xlinker /Users/huangzhe/Documents/GitHub/OrangeLen/build/DerivedData/Build/Intermediates.noindex/swift-markdown.build/Debug/Markdown.build/Objects-normal/arm64/Markdown.swiftmodule @/Users/huangzhe/Documents/GitHub/OrangeLen/build/DerivedData/Build/Intermediates.noindex/swift-markdown.build/Debug/Markdown.build/Objects-normal/arm64/Markdown-linker-args.resp -Xlinker -add_ast_path -Xlinker /Users/huangzhe/Documents/GitHub/OrangeLen/build/DerivedData/Build/Intermediates.noindex/OrangeLen.build/Debug/OrangeLenCore.build/Objects-normal/arm64/OrangeLenCore.swiftmodule @/Users/huangzhe/Documents/GitHub/OrangeLen/build/DerivedData/Build/Intermediates.noindex/OrangeLen.build/Debug/OrangeLenCore.build/Objects-normal/arm64/OrangeLenCore-linker-args.resp

Copy /Users/huangzhe/Documents/GitHub/OrangeLen/build/DerivedData/Build/Products/Debug/OrangeLen.app/Contents/PlugIns/OrangeLenPreviewArchives.appex /Users/huangzhe/Documents/GitHub/OrangeLen/build/DerivedData/Build/Products/Debug/OrangeLenPreviewArchives.appex (in target 'OrangeLen' from project 'OrangeLen' at path '/Users/huangzhe/Documents/GitHub/OrangeLen/OrangeLen.xcodeproj')
    cd /Users/huangzhe/Documents/GitHub/OrangeLen
    builtin-copy -exclude .DS_Store -exclude CVS -exclude .svn -exclude .git -exclude .hg -exclude Headers -exclude PrivateHeaders -exclude Modules -exclude \*.tbd -resolve-src-symlinks -remove-static-executable /Users/huangzhe/Documents/GitHub/OrangeLen/build/DerivedData/Build/Products/Debug/OrangeLenPreviewArchives.appex /Users/huangzhe/Documents/GitHub/OrangeLen/build/DerivedData/Build/Products/Debug/OrangeLen.app/Contents/PlugIns

Copy /Users/huangzhe/Documents/GitHub/OrangeLen/build/DerivedData/Build/Products/Debug/OrangeLen.app/Contents/PlugIns/OrangeLenPreviewBooks.appex /Users/huangzhe/Documents/GitHub/OrangeLen/build/DerivedData/Build/Products/Debug/OrangeLenPreviewBooks.appex (in target 'OrangeLen' from project 'OrangeLen' at path '/Users/huangzhe/Documents/GitHub/OrangeLen/OrangeLen.xcodeproj')
    cd /Users/huangzhe/Documents/GitHub/OrangeLen
    builtin-copy -exclude .DS_Store -exclude CVS -exclude .svn -exclude .git -exclude .hg -exclude Headers -exclude PrivateHeaders -exclude Modules -exclude \*.tbd -resolve-src-symlinks -remove-static-executable /Users/huangzhe/Documents/GitHub/OrangeLen/build/DerivedData/Build/Products/Debug/OrangeLenPreviewBooks.appex /Users/huangzhe/Documents/GitHub/OrangeLen/build/DerivedData/Build/Products/Debug/OrangeLen.app/Contents/PlugIns

Copy /Users/huangzhe/Documents/GitHub/OrangeLen/build/DerivedData/Build/Products/Debug/OrangeLen.app/Contents/PlugIns/OrangeLenPreviewData.appex /Users/huangzhe/Documents/GitHub/OrangeLen/build/DerivedData/Build/Products/Debug/OrangeLenPreviewData.appex (in target 'OrangeLen' from project 'OrangeLen' at path '/Users/huangzhe/Documents/GitHub/OrangeLen/OrangeLen.xcodeproj')
    cd /Users/huangzhe/Documents/GitHub/OrangeLen
    builtin-copy -exclude .DS_Store -exclude CVS -exclude .svn -exclude .git -exclude .hg -exclude Headers -exclude PrivateHeaders -exclude Modules -exclude \*.tbd -resolve-src-symlinks -remove-static-executable /Users/huangzhe/Documents/GitHub/OrangeLen/build/DerivedData/Build/Products/Debug/OrangeLenPreviewData.appex /Users/huangzhe/Documents/GitHub/OrangeLen/build/DerivedData/Build/Products/Debug/OrangeLen.app/Contents/PlugIns

Copy /Users/huangzhe/Documents/GitHub/OrangeLen/build/DerivedData/Build/Products/Debug/OrangeLen.app/Contents/PlugIns/OrangeLenPreviewFolders.appex /Users/huangzhe/Documents/GitHub/OrangeLen/build/DerivedData/Build/Products/Debug/OrangeLenPreviewFolders.appex (in target 'OrangeLen' from project 'OrangeLen' at path '/Users/huangzhe/Documents/GitHub/OrangeLen/OrangeLen.xcodeproj')
    cd /Users/huangzhe/Documents/GitHub/OrangeLen
    builtin-copy -exclude .DS_Store -exclude CVS -exclude .svn -exclude .git -exclude .hg -exclude Headers -exclude PrivateHeaders -exclude Modules -exclude \*.tbd -resolve-src-symlinks -remove-static-executable /Users/huangzhe/Documents/GitHub/OrangeLen/build/DerivedData/Build/Products/Debug/OrangeLenPreviewFolders.appex /Users/huangzhe/Documents/GitHub/OrangeLen/build/DerivedData/Build/Products/Debug/OrangeLen.app/Contents/PlugIns

Copy /Users/huangzhe/Documents/GitHub/OrangeLen/build/DerivedData/Build/Products/Debug/OrangeLen.app/Contents/PlugIns/OrangeLenPreviewMarkdown.appex /Users/huangzhe/Documents/GitHub/OrangeLen/build/DerivedData/Build/Products/Debug/OrangeLenPreviewMarkdown.appex (in target 'OrangeLen' from project 'OrangeLen' at path '/Users/huangzhe/Documents/GitHub/OrangeLen/OrangeLen.xcodeproj')
    cd /Users/huangzhe/Documents/GitHub/OrangeLen
    builtin-copy -exclude .DS_Store -exclude CVS -exclude .svn -exclude .git -exclude .hg -exclude Headers -exclude PrivateHeaders -exclude Modules -exclude \*.tbd -resolve-src-symlinks -remove-static-executable /Users/huangzhe/Documents/GitHub/OrangeLen/build/DerivedData/Build/Products/Debug/OrangeLenPreviewMarkdown.appex /Users/huangzhe/Documents/GitHub/OrangeLen/build/DerivedData/Build/Products/Debug/OrangeLen.app/Contents/PlugIns

Copy /Users/huangzhe/Documents/GitHub/OrangeLen/build/DerivedData/Build/Products/Debug/OrangeLen.app/Contents/PlugIns/OrangeLenPreviewDrawings.appex /Users/huangzhe/Documents/GitHub/OrangeLen/build/DerivedData/Build/Products/Debug/OrangeLenPreviewDrawings.appex (in target 'OrangeLen' from project 'OrangeLen' at path '/Users/huangzhe/Documents/GitHub/OrangeLen/OrangeLen.xcodeproj')
    cd /Users/huangzhe/Documents/GitHub/OrangeLen
    builtin-copy -exclude .DS_Store -exclude CVS -exclude .svn -exclude .git -exclude .hg -exclude Headers -exclude PrivateHeaders -exclude Modules -exclude \*.tbd -resolve-src-symlinks -remove-static-executable /Users/huangzhe/Documents/GitHub/OrangeLen/build/DerivedData/Build/Products/Debug/OrangeLenPreviewDrawings.appex /Users/huangzhe/Documents/GitHub/OrangeLen/build/DerivedData/Build/Products/Debug/OrangeLen.app/Contents/PlugIns

Copy /Users/huangzhe/Documents/GitHub/OrangeLen/build/DerivedData/Build/Products/Debug/OrangeLen.app/Contents/PlugIns/OrangeLenPreview.appex /Users/huangzhe/Documents/GitHub/OrangeLen/build/DerivedData/Build/Products/Debug/OrangeLenPreview.appex (in target 'OrangeLen' from project 'OrangeLen' at path '/Users/huangzhe/Documents/GitHub/OrangeLen/OrangeLen.xcodeproj')
    cd /Users/huangzhe/Documents/GitHub/OrangeLen
    builtin-copy -exclude .DS_Store -exclude CVS -exclude .svn -exclude .git -exclude .hg -exclude Headers -exclude PrivateHeaders -exclude Modules -exclude \*.tbd -resolve-src-symlinks -remove-static-executable /Users/huangzhe/Documents/GitHub/OrangeLen/build/DerivedData/Build/Products/Debug/OrangeLenPreview.appex /Users/huangzhe/Documents/GitHub/OrangeLen/build/DerivedData/Build/Products/Debug/OrangeLen.app/Contents/PlugIns

ProcessInfoPlistFile /Users/huangzhe/Documents/GitHub/OrangeLen/build/DerivedData/Build/Products/Debug/OrangeLen.app/Contents/Info.plist /Users/huangzhe/Documents/GitHub/OrangeLen/App/Info.plist (in target 'OrangeLen' from project 'OrangeLen' at path '/Users/huangzhe/Documents/GitHub/OrangeLen/OrangeLen.xcodeproj')
    cd /Users/huangzhe/Documents/GitHub/OrangeLen
    builtin-infoPlistUtility /Users/huangzhe/Documents/GitHub/OrangeLen/App/Info.plist -producttype com.apple.product-type.application -genpkginfo /Users/huangzhe/Documents/GitHub/OrangeLen/build/DerivedData/Build/Products/Debug/OrangeLen.app/Contents/PkgInfo -expandbuildsettings -platform macosx -scanforprivacyfile /Users/huangzhe/Documents/GitHub/OrangeLen/build/DerivedData/Build/Products/Debug/OrangeLen.app/Contents/PlugIns/OrangeLenPreview.appex -scanforprivacyfile /Users/huangzhe/Documents/GitHub/OrangeLen/build/DerivedData/Build/Products/Debug/OrangeLen.app/Contents/PlugIns/OrangeLenPreviewArchives.appex -scanforprivacyfile /Users/huangzhe/Documents/GitHub/OrangeLen/build/DerivedData/Build/Products/Debug/OrangeLen.app/Contents/PlugIns/OrangeLenPreviewBooks.appex -scanforprivacyfile /Users/huangzhe/Documents/GitHub/OrangeLen/build/DerivedData/Build/Products/Debug/OrangeLen.app/Contents/PlugIns/OrangeLenPreviewData.appex -scanforprivacyfile /Users/huangzhe/Documents/GitHub/OrangeLen/build/DerivedData/Build/Products/Debug/OrangeLen.app/Contents/PlugIns/OrangeLenPreviewDrawings.appex -scanforprivacyfile /Users/huangzhe/Documents/GitHub/OrangeLen/build/DerivedData/Build/Products/Debug/OrangeLen.app/Contents/PlugIns/OrangeLenPreviewFolders.appex -scanforprivacyfile /Users/huangzhe/Documents/GitHub/OrangeLen/build/DerivedData/Build/Products/Debug/OrangeLen.app/Contents/PlugIns/OrangeLenPreviewMarkdown.appex -scanforprivacyfile /Users/huangzhe/Documents/GitHub/OrangeLen/build/DerivedData/Build/Products/Debug/OrangeLen.app/Contents/Resources/OrangeLen_OrangeLenUI.bundle -o /Users/huangzhe/Documents/GitHub/OrangeLen/build/DerivedData/Build/Products/Debug/OrangeLen.app/Contents/Info.plist

CopySwiftLibs /Users/huangzhe/Documents/GitHub/OrangeLen/build/DerivedData/Build/Products/Debug/OrangeLen.app (in target 'OrangeLen' from project 'OrangeLen' at path '/Users/huangzhe/Documents/GitHub/OrangeLen/OrangeLen.xcodeproj')
    cd /Users/huangzhe/Documents/GitHub/OrangeLen
    builtin-swiftStdLibTool --copy --verbose --sign - --scan-executable /Users/huangzhe/Documents/GitHub/OrangeLen/build/DerivedData/Build/Products/Debug/OrangeLen.app/Contents/MacOS/OrangeLen --scan-folder /Users/huangzhe/Documents/GitHub/OrangeLen/build/DerivedData/Build/Products/Debug/OrangeLen.app/Contents/Frameworks --scan-folder /Users/huangzhe/Documents/GitHub/OrangeLen/build/DerivedData/Build/Products/Debug/OrangeLen.app/Contents/PlugIns --scan-folder /Users/huangzhe/Documents/GitHub/OrangeLen/build/DerivedData/Build/Products/Debug/OrangeLen.app/Contents/Library/SystemExtensions --scan-folder /Users/huangzhe/Documents/GitHub/OrangeLen/build/DerivedData/Build/Products/Debug/OrangeLen.app/Contents/Extensions --platform macosx --toolchain /Applications/Xcode.app/Contents/Developer/Toolchains/XcodeDefault.xctoolchain --destination /Users/huangzhe/Documents/GitHub/OrangeLen/build/DerivedData/Build/Products/Debug/OrangeLen.app/Contents/Frameworks --strip-bitcode --strip-bitcode-tool /Applications/Xcode.app/Contents/Developer/Toolchains/XcodeDefault.xctoolchain/usr/bin/bitcode_strip --emit-dependency-info /Users/huangzhe/Documents/GitHub/OrangeLen/build/DerivedData/Build/Intermediates.noindex/OrangeLen.build/Debug/OrangeLen.build/SwiftStdLibToolInputDependencies.dep --filter-for-swift-os --back-deploy-swift-span

ExtractAppIntentsMetadata (in target 'OrangeLen' from project 'OrangeLen' at path '/Users/huangzhe/Documents/GitHub/OrangeLen/OrangeLen.xcodeproj')
    cd /Users/huangzhe/Documents/GitHub/OrangeLen
    /Applications/Xcode.app/Contents/Developer/Toolchains/XcodeDefault.xctoolchain/usr/bin/appintentsmetadataprocessor --toolchain-dir /Applications/Xcode.app/Contents/Developer/Toolchains/XcodeDefault.xctoolchain --module-name OrangeLen --sdk-root /Applications/Xcode.app/Contents/Developer/Platforms/MacOSX.platform/Developer/SDKs/MacOSX26.5.sdk --xcode-version 17F42 --platform-family macOS --deployment-target 14.0 --bundle-identifier local.OrangeLen --output /Users/huangzhe/Documents/GitHub/OrangeLen/build/DerivedData/Build/Products/Debug/OrangeLen.app/Contents/Resources --target-triple arm64-apple-macos14.0 --binary-file /Users/huangzhe/Documents/GitHub/OrangeLen/build/DerivedData/Build/Products/Debug/OrangeLen.app/Contents/MacOS/OrangeLen --dependency-file /Users/huangzhe/Documents/GitHub/OrangeLen/build/DerivedData/Build/Intermediates.noindex/OrangeLen.build/Debug/OrangeLen.build/Objects-normal/arm64/OrangeLen_dependency_info.dat --stringsdata-file /Users/huangzhe/Documents/GitHub/OrangeLen/build/DerivedData/Build/Intermediates.noindex/OrangeLen.build/Debug/OrangeLen.build/Objects-normal/arm64/ExtractedAppShortcutsMetadata.stringsdata --source-file-list /Users/huangzhe/Documents/GitHub/OrangeLen/build/DerivedData/Build/Intermediates.noindex/OrangeLen.build/Debug/OrangeLen.build/Objects-normal/arm64/OrangeLen.SwiftFileList --metadata-file-list /Users/huangzhe/Documents/GitHub/OrangeLen/build/DerivedData/Build/Intermediates.noindex/OrangeLen.build/Debug/OrangeLen.build/OrangeLen.DependencyMetadataFileList --static-metadata-file-list /Users/huangzhe/Documents/GitHub/OrangeLen/build/DerivedData/Build/Intermediates.noindex/OrangeLen.build/Debug/OrangeLen.build/OrangeLen.DependencyStaticMetadataFileList --swift-const-vals-list /Users/huangzhe/Documents/GitHub/OrangeLen/build/DerivedData/Build/Intermediates.noindex/OrangeLen.build/Debug/OrangeLen.build/Objects-normal/arm64/OrangeLen.SwiftConstValuesFileList --compile-time-extraction --deployment-aware-processing --validate-assistant-intents --no-app-shortcuts-localization
2026-10-08 10:38:17.468 appintentsmetadataprocessor[95074:22977145] Starting appintentsmetadataprocessor export
2026-10-08 10:38:17.469 appintentsmetadataprocessor[95074:22977145] warning: Metadata extraction skipped. No AppIntents.framework dependency found.

CodeSign /Users/huangzhe/Documents/GitHub/OrangeLen/build/DerivedData/Build/Products/Debug/OrangeLen.app (in target 'OrangeLen' from project 'OrangeLen' at path '/Users/huangzhe/Documents/GitHub/OrangeLen/OrangeLen.xcodeproj')
    cd /Users/huangzhe/Documents/GitHub/OrangeLen
    
    Signing Identity:     "Sign to Run Locally"
    
    /usr/bin/codesign --force --sign - --entitlements /Users/huangzhe/Documents/GitHub/OrangeLen/build/DerivedData/Build/Intermediates.noindex/OrangeLen.build/Debug/OrangeLen.build/OrangeLen.app.xcent --timestamp\=none --generate-entitlement-der /Users/huangzhe/Documents/GitHub/OrangeLen/build/DerivedData/Build/Products/Debug/OrangeLen.app

ValidateEmbeddedBinary /Users/huangzhe/Documents/GitHub/OrangeLen/build/DerivedData/Build/Products/Debug/OrangeLen.app/Contents/PlugIns/OrangeLenPreviewDrawings.appex (in target 'OrangeLen' from project 'OrangeLen' at path '/Users/huangzhe/Documents/GitHub/OrangeLen/OrangeLen.xcodeproj')
    cd /Users/huangzhe/Documents/GitHub/OrangeLen
    /Applications/Xcode.app/Contents/Developer/usr/bin/embeddedBinaryValidationUtility /Users/huangzhe/Documents/GitHub/OrangeLen/build/DerivedData/Build/Products/Debug/OrangeLen.app/Contents/PlugIns/OrangeLenPreviewDrawings.appex -signing-cert - -info-plist-path /Users/huangzhe/Documents/GitHub/OrangeLen/build/DerivedData/Build/Products/Debug/OrangeLen.app/Contents/Info.plist

ValidateEmbeddedBinary /Users/huangzhe/Documents/GitHub/OrangeLen/build/DerivedData/Build/Products/Debug/OrangeLen.app/Contents/PlugIns/OrangeLenPreviewFolders.appex (in target 'OrangeLen' from project 'OrangeLen' at path '/Users/huangzhe/Documents/GitHub/OrangeLen/OrangeLen.xcodeproj')
    cd /Users/huangzhe/Documents/GitHub/OrangeLen
    /Applications/Xcode.app/Contents/Developer/usr/bin/embeddedBinaryValidationUtility /Users/huangzhe/Documents/GitHub/OrangeLen/build/DerivedData/Build/Products/Debug/OrangeLen.app/Contents/PlugIns/OrangeLenPreviewFolders.appex -signing-cert - -info-plist-path /Users/huangzhe/Documents/GitHub/OrangeLen/build/DerivedData/Build/Products/Debug/OrangeLen.app/Contents/Info.plist

ValidateEmbeddedBinary /Users/huangzhe/Documents/GitHub/OrangeLen/build/DerivedData/Build/Products/Debug/OrangeLen.app/Contents/PlugIns/OrangeLenPreviewData.appex (in target 'OrangeLen' from project 'OrangeLen' at path '/Users/huangzhe/Documents/GitHub/OrangeLen/OrangeLen.xcodeproj')
    cd /Users/huangzhe/Documents/GitHub/OrangeLen
    /Applications/Xcode.app/Contents/Developer/usr/bin/embeddedBinaryValidationUtility /Users/huangzhe/Documents/GitHub/OrangeLen/build/DerivedData/Build/Products/Debug/OrangeLen.app/Contents/PlugIns/OrangeLenPreviewData.appex -signing-cert - -info-plist-path /Users/huangzhe/Documents/GitHub/OrangeLen/build/DerivedData/Build/Products/Debug/OrangeLen.app/Contents/Info.plist

ValidateEmbeddedBinary /Users/huangzhe/Documents/GitHub/OrangeLen/build/DerivedData/Build/Products/Debug/OrangeLen.app/Contents/PlugIns/OrangeLenPreviewMarkdown.appex (in target 'OrangeLen' from project 'OrangeLen' at path '/Users/huangzhe/Documents/GitHub/OrangeLen/OrangeLen.xcodeproj')
    cd /Users/huangzhe/Documents/GitHub/OrangeLen
    /Applications/Xcode.app/Contents/Developer/usr/bin/embeddedBinaryValidationUtility /Users/huangzhe/Documents/GitHub/OrangeLen/build/DerivedData/Build/Products/Debug/OrangeLen.app/Contents/PlugIns/OrangeLenPreviewMarkdown.appex -signing-cert - -info-plist-path /Users/huangzhe/Documents/GitHub/OrangeLen/build/DerivedData/Build/Products/Debug/OrangeLen.app/Contents/Info.plist

ValidateEmbeddedBinary /Users/huangzhe/Documents/GitHub/OrangeLen/build/DerivedData/Build/Products/Debug/OrangeLen.app/Contents/PlugIns/OrangeLenPreviewBooks.appex (in target 'OrangeLen' from project 'OrangeLen' at path '/Users/huangzhe/Documents/GitHub/OrangeLen/OrangeLen.xcodeproj')
    cd /Users/huangzhe/Documents/GitHub/OrangeLen
    /Applications/Xcode.app/Contents/Developer/usr/bin/embeddedBinaryValidationUtility /Users/huangzhe/Documents/GitHub/OrangeLen/build/DerivedData/Build/Products/Debug/OrangeLen.app/Contents/PlugIns/OrangeLenPreviewBooks.appex -signing-cert - -info-plist-path /Users/huangzhe/Documents/GitHub/OrangeLen/build/DerivedData/Build/Products/Debug/OrangeLen.app/Contents/Info.plist

ValidateEmbeddedBinary /Users/huangzhe/Documents/GitHub/OrangeLen/build/DerivedData/Build/Products/Debug/OrangeLen.app/Contents/PlugIns/OrangeLenPreviewArchives.appex (in target 'OrangeLen' from project 'OrangeLen' at path '/Users/huangzhe/Documents/GitHub/OrangeLen/OrangeLen.xcodeproj')
    cd /Users/huangzhe/Documents/GitHub/OrangeLen
    /Applications/Xcode.app/Contents/Developer/usr/bin/embeddedBinaryValidationUtility /Users/huangzhe/Documents/GitHub/OrangeLen/build/DerivedData/Build/Products/Debug/OrangeLen.app/Contents/PlugIns/OrangeLenPreviewArchives.appex -signing-cert - -info-plist-path /Users/huangzhe/Documents/GitHub/OrangeLen/build/DerivedData/Build/Products/Debug/OrangeLen.app/Contents/Info.plist

ValidateEmbeddedBinary /Users/huangzhe/Documents/GitHub/OrangeLen/build/DerivedData/Build/Products/Debug/OrangeLen.app/Contents/PlugIns/OrangeLenPreview.appex (in target 'OrangeLen' from project 'OrangeLen' at path '/Users/huangzhe/Documents/GitHub/OrangeLen/OrangeLen.xcodeproj')
    cd /Users/huangzhe/Documents/GitHub/OrangeLen
    /Applications/Xcode.app/Contents/Developer/usr/bin/embeddedBinaryValidationUtility /Users/huangzhe/Documents/GitHub/OrangeLen/build/DerivedData/Build/Products/Debug/OrangeLen.app/Contents/PlugIns/OrangeLenPreview.appex -signing-cert - -info-plist-path /Users/huangzhe/Documents/GitHub/OrangeLen/build/DerivedData/Build/Products/Debug/OrangeLen.app/Contents/Info.plist

Validate /Users/huangzhe/Documents/GitHub/OrangeLen/build/DerivedData/Build/Products/Debug/OrangeLen.app (in target 'OrangeLen' from project 'OrangeLen' at path '/Users/huangzhe/Documents/GitHub/OrangeLen/OrangeLen.xcodeproj')
    cd /Users/huangzhe/Documents/GitHub/OrangeLen
    builtin-validationUtility /Users/huangzhe/Documents/GitHub/OrangeLen/build/DerivedData/Build/Products/Debug/OrangeLen.app -no-validate-extension -infoplist-subpath Contents/Info.plist

RegisterWithLaunchServices /Users/huangzhe/Documents/GitHub/OrangeLen/build/DerivedData/Build/Products/Debug/OrangeLen.app (in target 'OrangeLen' from project 'OrangeLen' at path '/Users/huangzhe/Documents/GitHub/OrangeLen/OrangeLen.xcodeproj')
    cd /Users/huangzhe/Documents/GitHub/OrangeLen
    /System/Library/Frameworks/CoreServices.framework/Versions/Current/Frameworks/LaunchServices.framework/Versions/Current/Support/lsregister -f -R -trusted /Users/huangzhe/Documents/GitHub/OrangeLen/build/DerivedData/Build/Products/Debug/OrangeLen.app

note: Disabling hardened runtime with ad-hoc codesigning. (in target 'OrangeLenImageBroker' from project 'OrangeLen' at path '/Users/huangzhe/Documents/GitHub/OrangeLen/OrangeLen.xcodeproj')
note: Disabling hardened runtime with ad-hoc codesigning. (in target 'OrangeLenPreviewMarkdown' from project 'OrangeLen' at path '/Users/huangzhe/Documents/GitHub/OrangeLen/OrangeLen.xcodeproj')
note: Disabling hardened runtime with ad-hoc codesigning. (in target 'OrangeLenPreviewDrawings' from project 'OrangeLen' at path '/Users/huangzhe/Documents/GitHub/OrangeLen/OrangeLen.xcodeproj')
note: Disabling hardened runtime with ad-hoc codesigning. (in target 'OrangeLenPreviewData' from project 'OrangeLen' at path '/Users/huangzhe/Documents/GitHub/OrangeLen/OrangeLen.xcodeproj')
note: Disabling hardened runtime with ad-hoc codesigning. (in target 'OrangeLenPreview' from project 'OrangeLen' at path '/Users/huangzhe/Documents/GitHub/OrangeLen/OrangeLen.xcodeproj')
note: Disabling hardened runtime with ad-hoc codesigning. (in target 'OrangeLenPreviewBooks' from project 'OrangeLen' at path '/Users/huangzhe/Documents/GitHub/OrangeLen/OrangeLen.xcodeproj')
** BUILD SUCCEEDED **

