Command line invocation:
    /Applications/Xcode.app/Contents/Developer/usr/bin/xcodebuild -project OrangeLen.xcodeproj -scheme OrangeLen -configuration Debug -derivedDataPath build/DerivedData build

Resolve Package Graph
Source files for target OrangeLenCoreTests should be located under 'Tests/OrangeLenCoreTests', 'Tests', or a custom sources path can be set with the 'path' property in Package.swift

Resolved source packages:
  OrangeLen: /Users/huangzhe/Documents/GitHub/OrangeLen/Packages/OrangeLen

--- xcodebuild: WARNING: Using the first of multiple matching destinations:
{ platform:macOS, arch:arm64, id:00006030-000E18D22188001C, name:My Mac }
{ platform:macOS, arch:x86_64, id:00006030-000E18D22188001C, name:My Mac }
{ platform:macOS, name:Any Mac }
ComputePackagePrebuildTargetDependencyGraph

Prepare packages

CreateBuildRequest

SendProjectDescription

CreateBuildOperation

ComputeTargetDependencyGraph
note: Building targets in dependency order
note: Target dependency graph (5 targets)
    Target 'OrangeLen' in project 'OrangeLen'
        ➜ Explicit dependency on target 'OrangeLenPreview' in project 'OrangeLen'
        ➜ Explicit dependency on target 'OrangeLenUI' in project 'OrangeLen'
    Target 'OrangeLenPreview' in project 'OrangeLen'
        ➜ Explicit dependency on target 'OrangeLenUI' in project 'OrangeLen'
    Target 'OrangeLenUI' in project 'OrangeLen'
        ➜ Explicit dependency on target 'OrangeLenUI' in project 'OrangeLen'
        ➜ Explicit dependency on target 'OrangeLenCore' in project 'OrangeLen'
    Target 'OrangeLenUI' in project 'OrangeLen'
        ➜ Explicit dependency on target 'OrangeLenCore' in project 'OrangeLen'
    Target 'OrangeLenCore' in project 'OrangeLen' (no dependencies)

GatherProvisioningInputs

CreateBuildDescription

ExecuteExternalTool /Applications/Xcode.app/Contents/Developer/Toolchains/XcodeDefault.xctoolchain/usr/bin/swiftc --version

ExecuteExternalTool /Applications/Xcode.app/Contents/Developer/Toolchains/XcodeDefault.xctoolchain/usr/bin/clang -v -E -dM -isysroot /Applications/Xcode.app/Contents/Developer/Platforms/MacOSX.platform/Developer/SDKs/MacOSX26.5.sdk -x c -c /dev/null

ExecuteExternalTool /Applications/Xcode.app/Contents/Developer/Toolchains/XcodeDefault.xctoolchain/usr/bin/ld -version_details

Build description signature: 3c65d85b43f96c086c658499c25224e1
Build description path: /Users/huangzhe/Documents/GitHub/OrangeLen/build/DerivedData/Build/Intermediates.noindex/XCBuildData/3c65d85b43f96c086c658499c25224e1.xcbuilddata
CreateBuildDirectory /Users/huangzhe/Documents/GitHub/OrangeLen/build/DerivedData/Build/Intermediates.noindex
    cd /Users/huangzhe/Documents/GitHub/OrangeLen/OrangeLen.xcodeproj
    builtin-create-build-directory /Users/huangzhe/Documents/GitHub/OrangeLen/build/DerivedData/Build/Intermediates.noindex

CreateBuildDirectory /Users/huangzhe/Documents/GitHub/OrangeLen/build/DerivedData/Build/Products
    cd /Users/huangzhe/Documents/GitHub/OrangeLen/OrangeLen.xcodeproj
    builtin-create-build-directory /Users/huangzhe/Documents/GitHub/OrangeLen/build/DerivedData/Build/Products

ClangStatCache /Applications/Xcode.app/Contents/Developer/Toolchains/XcodeDefault.xctoolchain/usr/bin/clang-stat-cache /Applications/Xcode.app/Contents/Developer/Platforms/MacOSX.platform/Developer/SDKs/MacOSX26.5.sdk /Users/huangzhe/Documents/GitHub/OrangeLen/build/DerivedData/SDKStatCaches.noindex/macosx26.5-25F70-e082c4a02f00227109f4ed75e425c832.sdkstatcache
    cd /Users/huangzhe/Documents/GitHub/OrangeLen/OrangeLen.xcodeproj
    /Applications/Xcode.app/Contents/Developer/Toolchains/XcodeDefault.xctoolchain/usr/bin/clang-stat-cache /Applications/Xcode.app/Contents/Developer/Platforms/MacOSX.platform/Developer/SDKs/MacOSX26.5.sdk -o /Users/huangzhe/Documents/GitHub/OrangeLen/build/DerivedData/SDKStatCaches.noindex/macosx26.5-25F70-e082c4a02f00227109f4ed75e425c832.sdkstatcache

CreateBuildDirectory /Users/huangzhe/Documents/GitHub/OrangeLen/build/DerivedData/Build/Products/Debug
    cd /Users/huangzhe/Documents/GitHub/OrangeLen/OrangeLen.xcodeproj
    builtin-create-build-directory /Users/huangzhe/Documents/GitHub/OrangeLen/build/DerivedData/Build/Products/Debug

CreateBuildDirectory /Users/huangzhe/Documents/GitHub/OrangeLen/build/DerivedData/Build/Intermediates.noindex/SwiftExplicitPrecompiledModules
    cd /Users/huangzhe/Documents/GitHub/OrangeLen/OrangeLen.xcodeproj
    builtin-create-build-directory /Users/huangzhe/Documents/GitHub/OrangeLen/build/DerivedData/Build/Intermediates.noindex/SwiftExplicitPrecompiledModules

CreateBuildDirectory /Users/huangzhe/Documents/GitHub/OrangeLen/build/DerivedData/Build/Intermediates.noindex/ExplicitPrecompiledModules
    cd /Users/huangzhe/Documents/GitHub/OrangeLen/OrangeLen.xcodeproj
    builtin-create-build-directory /Users/huangzhe/Documents/GitHub/OrangeLen/build/DerivedData/Build/Intermediates.noindex/ExplicitPrecompiledModules

CreateBuildDirectory /Users/huangzhe/Documents/GitHub/OrangeLen/build/DerivedData/Build/Intermediates.noindex/EagerLinkingTBDs/Debug
    cd /Users/huangzhe/Documents/GitHub/OrangeLen/OrangeLen.xcodeproj
    builtin-create-build-directory /Users/huangzhe/Documents/GitHub/OrangeLen/build/DerivedData/Build/Intermediates.noindex/EagerLinkingTBDs/Debug

WriteAuxiliaryFile /Users/huangzhe/Documents/GitHub/OrangeLen/build/DerivedData/Build/Intermediates.noindex/OrangeLen.build/Debug/OrangeLen-858e2ff2c7d6a1eb168211f71310dee6-VFS/all-product-headers.yaml
    cd /Users/huangzhe/Documents/GitHub/OrangeLen/OrangeLen.xcodeproj
    write-file /Users/huangzhe/Documents/GitHub/OrangeLen/build/DerivedData/Build/Intermediates.noindex/OrangeLen.build/Debug/OrangeLen-858e2ff2c7d6a1eb168211f71310dee6-VFS/all-product-headers.yaml

CreateBuildDirectory /Users/huangzhe/Documents/GitHub/OrangeLen/build/DerivedData/Build/Products/Debug/PackageFrameworks
    cd /Users/huangzhe/Documents/GitHub/OrangeLen/OrangeLen.xcodeproj
    builtin-create-build-directory /Users/huangzhe/Documents/GitHub/OrangeLen/build/DerivedData/Build/Products/Debug/PackageFrameworks

WriteAuxiliaryFile /Users/huangzhe/Documents/GitHub/OrangeLen/build/DerivedData/Build/Intermediates.noindex/OrangeLen.build/Debug/OrangeLenUI.build/OrangeLenUI.DependencyMetadataFileList (in target 'OrangeLenUI' from project 'OrangeLen' at path '/Users/huangzhe/Documents/GitHub/OrangeLen/Packages/OrangeLen/Package.swift')
    cd /Users/huangzhe/Documents/GitHub/OrangeLen/Packages/OrangeLen
    write-file /Users/huangzhe/Documents/GitHub/OrangeLen/build/DerivedData/Build/Intermediates.noindex/OrangeLen.build/Debug/OrangeLenUI.build/OrangeLenUI.DependencyMetadataFileList

WriteAuxiliaryFile /Users/huangzhe/Documents/GitHub/OrangeLen/build/DerivedData/Build/Intermediates.noindex/OrangeLen.build/Debug/OrangeLenUI.build/OrangeLenUI.modulemap (in target 'OrangeLenUI' from project 'OrangeLen' at path '/Users/huangzhe/Documents/GitHub/OrangeLen/Packages/OrangeLen/Package.swift')
    cd /Users/huangzhe/Documents/GitHub/OrangeLen/Packages/OrangeLen
    write-file /Users/huangzhe/Documents/GitHub/OrangeLen/build/DerivedData/Build/Intermediates.noindex/OrangeLen.build/Debug/OrangeLenUI.build/OrangeLenUI.modulemap

WriteAuxiliaryFile /Users/huangzhe/Documents/GitHub/OrangeLen/build/DerivedData/Build/Intermediates.noindex/OrangeLen.build/Debug/OrangeLenUI.build/OrangeLenUI.DependencyStaticMetadataFileList (in target 'OrangeLenUI' from project 'OrangeLen' at path '/Users/huangzhe/Documents/GitHub/OrangeLen/Packages/OrangeLen/Package.swift')
    cd /Users/huangzhe/Documents/GitHub/OrangeLen/Packages/OrangeLen
    write-file /Users/huangzhe/Documents/GitHub/OrangeLen/build/DerivedData/Build/Intermediates.noindex/OrangeLen.build/Debug/OrangeLenUI.build/OrangeLenUI.DependencyStaticMetadataFileList

WriteAuxiliaryFile /Users/huangzhe/Documents/GitHub/OrangeLen/build/DerivedData/Build/Intermediates.noindex/OrangeLen.build/Debug/OrangeLenUI.build/Objects-normal/arm64/OrangeLenUI_const_extract_protocols.json (in target 'OrangeLenUI' from project 'OrangeLen' at path '/Users/huangzhe/Documents/GitHub/OrangeLen/Packages/OrangeLen/Package.swift')
    cd /Users/huangzhe/Documents/GitHub/OrangeLen/Packages/OrangeLen
    write-file /Users/huangzhe/Documents/GitHub/OrangeLen/build/DerivedData/Build/Intermediates.noindex/OrangeLen.build/Debug/OrangeLenUI.build/Objects-normal/arm64/OrangeLenUI_const_extract_protocols.json

WriteAuxiliaryFile /Users/huangzhe/Documents/GitHub/OrangeLen/build/DerivedData/Build/Intermediates.noindex/OrangeLen.build/Debug/OrangeLenUI.build/Objects-normal/arm64/OrangeLenUI.LinkFileList (in target 'OrangeLenUI' from project 'OrangeLen' at path '/Users/huangzhe/Documents/GitHub/OrangeLen/Packages/OrangeLen/Package.swift')
    cd /Users/huangzhe/Documents/GitHub/OrangeLen/Packages/OrangeLen
    write-file /Users/huangzhe/Documents/GitHub/OrangeLen/build/DerivedData/Build/Intermediates.noindex/OrangeLen.build/Debug/OrangeLenUI.build/Objects-normal/arm64/OrangeLenUI.LinkFileList

WriteAuxiliaryFile /Users/huangzhe/Documents/GitHub/OrangeLen/build/DerivedData/Build/Intermediates.noindex/OrangeLen.build/Debug/OrangeLenUI.build/Objects-normal/arm64/OrangeLenUI.SwiftFileList (in target 'OrangeLenUI' from project 'OrangeLen' at path '/Users/huangzhe/Documents/GitHub/OrangeLen/Packages/OrangeLen/Package.swift')
    cd /Users/huangzhe/Documents/GitHub/OrangeLen/Packages/OrangeLen
    write-file /Users/huangzhe/Documents/GitHub/OrangeLen/build/DerivedData/Build/Intermediates.noindex/OrangeLen.build/Debug/OrangeLenUI.build/Objects-normal/arm64/OrangeLenUI.SwiftFileList

WriteAuxiliaryFile /Users/huangzhe/Documents/GitHub/OrangeLen/build/DerivedData/Build/Intermediates.noindex/OrangeLen.build/Debug/OrangeLenUI.build/Objects-normal/arm64/OrangeLenUI.SwiftConstValuesFileList (in target 'OrangeLenUI' from project 'OrangeLen' at path '/Users/huangzhe/Documents/GitHub/OrangeLen/Packages/OrangeLen/Package.swift')
    cd /Users/huangzhe/Documents/GitHub/OrangeLen/Packages/OrangeLen
    write-file /Users/huangzhe/Documents/GitHub/OrangeLen/build/DerivedData/Build/Intermediates.noindex/OrangeLen.build/Debug/OrangeLenUI.build/Objects-normal/arm64/OrangeLenUI.SwiftConstValuesFileList

WriteAuxiliaryFile /Users/huangzhe/Documents/GitHub/OrangeLen/build/DerivedData/Build/Intermediates.noindex/OrangeLen.build/Debug/OrangeLenUI.build/Objects-normal/arm64/OrangeLenUI-OutputFileMap.json (in target 'OrangeLenUI' from project 'OrangeLen' at path '/Users/huangzhe/Documents/GitHub/OrangeLen/Packages/OrangeLen/Package.swift')
    cd /Users/huangzhe/Documents/GitHub/OrangeLen/Packages/OrangeLen
    write-file /Users/huangzhe/Documents/GitHub/OrangeLen/build/DerivedData/Build/Intermediates.noindex/OrangeLen.build/Debug/OrangeLenUI.build/Objects-normal/arm64/OrangeLenUI-OutputFileMap.json

WriteAuxiliaryFile /Users/huangzhe/Documents/GitHub/OrangeLen/build/DerivedData/Build/Intermediates.noindex/OrangeLen.build/Debug/OrangeLenPreview.build/OrangeLenPreview.hmap (in target 'OrangeLenPreview' from project 'OrangeLen' at path '/Users/huangzhe/Documents/GitHub/OrangeLen/OrangeLen.xcodeproj')
    cd /Users/huangzhe/Documents/GitHub/OrangeLen
    write-file /Users/huangzhe/Documents/GitHub/OrangeLen/build/DerivedData/Build/Intermediates.noindex/OrangeLen.build/Debug/OrangeLenPreview.build/OrangeLenPreview.hmap

WriteAuxiliaryFile /Users/huangzhe/Documents/GitHub/OrangeLen/build/DerivedData/Build/Intermediates.noindex/OrangeLen.build/Debug/OrangeLenPreview.build/OrangeLenPreview.DependencyStaticMetadataFileList (in target 'OrangeLenPreview' from project 'OrangeLen' at path '/Users/huangzhe/Documents/GitHub/OrangeLen/OrangeLen.xcodeproj')
    cd /Users/huangzhe/Documents/GitHub/OrangeLen
    write-file /Users/huangzhe/Documents/GitHub/OrangeLen/build/DerivedData/Build/Intermediates.noindex/OrangeLen.build/Debug/OrangeLenPreview.build/OrangeLenPreview.DependencyStaticMetadataFileList

WriteAuxiliaryFile /Users/huangzhe/Documents/GitHub/OrangeLen/build/DerivedData/Build/Intermediates.noindex/OrangeLen.build/Debug/OrangeLenPreview.build/OrangeLenPreview.DependencyMetadataFileList (in target 'OrangeLenPreview' from project 'OrangeLen' at path '/Users/huangzhe/Documents/GitHub/OrangeLen/OrangeLen.xcodeproj')
    cd /Users/huangzhe/Documents/GitHub/OrangeLen
    write-file /Users/huangzhe/Documents/GitHub/OrangeLen/build/DerivedData/Build/Intermediates.noindex/OrangeLen.build/Debug/OrangeLenPreview.build/OrangeLenPreview.DependencyMetadataFileList

WriteAuxiliaryFile /Users/huangzhe/Documents/GitHub/OrangeLen/build/DerivedData/Build/Intermediates.noindex/OrangeLen.build/Debug/OrangeLenPreview.build/OrangeLenPreview-project-headers.hmap (in target 'OrangeLenPreview' from project 'OrangeLen' at path '/Users/huangzhe/Documents/GitHub/OrangeLen/OrangeLen.xcodeproj')
    cd /Users/huangzhe/Documents/GitHub/OrangeLen
    write-file /Users/huangzhe/Documents/GitHub/OrangeLen/build/DerivedData/Build/Intermediates.noindex/OrangeLen.build/Debug/OrangeLenPreview.build/OrangeLenPreview-project-headers.hmap

Copy /Users/huangzhe/Documents/GitHub/OrangeLen/build/DerivedData/Build/Intermediates.noindex/GeneratedModuleMaps/OrangeLenUI.modulemap /Users/huangzhe/Documents/GitHub/OrangeLen/build/DerivedData/Build/Intermediates.noindex/OrangeLen.build/Debug/OrangeLenUI.build/OrangeLenUI.modulemap (in target 'OrangeLenUI' from project 'OrangeLen' at path '/Users/huangzhe/Documents/GitHub/OrangeLen/Packages/OrangeLen/Package.swift')
    cd /Users/huangzhe/Documents/GitHub/OrangeLen/Packages/OrangeLen
    builtin-copy -exclude .DS_Store -exclude CVS -exclude .svn -exclude .git -exclude .hg -resolve-src-symlinks /Users/huangzhe/Documents/GitHub/OrangeLen/build/DerivedData/Build/Intermediates.noindex/OrangeLen.build/Debug/OrangeLenUI.build/OrangeLenUI.modulemap /Users/huangzhe/Documents/GitHub/OrangeLen/build/DerivedData/Build/Intermediates.noindex/GeneratedModuleMaps

WriteAuxiliaryFile /Users/huangzhe/Documents/GitHub/OrangeLen/build/DerivedData/Build/Intermediates.noindex/OrangeLen.build/Debug/OrangeLenPreview.build/OrangeLenPreview-own-target-headers.hmap (in target 'OrangeLenPreview' from project 'OrangeLen' at path '/Users/huangzhe/Documents/GitHub/OrangeLen/OrangeLen.xcodeproj')
    cd /Users/huangzhe/Documents/GitHub/OrangeLen
    write-file /Users/huangzhe/Documents/GitHub/OrangeLen/build/DerivedData/Build/Intermediates.noindex/OrangeLen.build/Debug/OrangeLenPreview.build/OrangeLenPreview-own-target-headers.hmap

WriteAuxiliaryFile /Users/huangzhe/Documents/GitHub/OrangeLen/build/DerivedData/Build/Intermediates.noindex/OrangeLen.build/Debug/OrangeLenPreview.build/OrangeLenPreview-generated-files.hmap (in target 'OrangeLenPreview' from project 'OrangeLen' at path '/Users/huangzhe/Documents/GitHub/OrangeLen/OrangeLen.xcodeproj')
    cd /Users/huangzhe/Documents/GitHub/OrangeLen
    write-file /Users/huangzhe/Documents/GitHub/OrangeLen/build/DerivedData/Build/Intermediates.noindex/OrangeLen.build/Debug/OrangeLenPreview.build/OrangeLenPreview-generated-files.hmap

WriteAuxiliaryFile /Users/huangzhe/Documents/GitHub/OrangeLen/build/DerivedData/Build/Intermediates.noindex/OrangeLen.build/Debug/OrangeLenPreview.build/OrangeLenPreview-all-target-headers.hmap (in target 'OrangeLenPreview' from project 'OrangeLen' at path '/Users/huangzhe/Documents/GitHub/OrangeLen/OrangeLen.xcodeproj')
    cd /Users/huangzhe/Documents/GitHub/OrangeLen
    write-file /Users/huangzhe/Documents/GitHub/OrangeLen/build/DerivedData/Build/Intermediates.noindex/OrangeLen.build/Debug/OrangeLenPreview.build/OrangeLenPreview-all-target-headers.hmap

WriteAuxiliaryFile /Users/huangzhe/Documents/GitHub/OrangeLen/build/DerivedData/Build/Intermediates.noindex/OrangeLen.build/Debug/OrangeLenPreview.build/OrangeLenPreview-all-non-framework-target-headers.hmap (in target 'OrangeLenPreview' from project 'OrangeLen' at path '/Users/huangzhe/Documents/GitHub/OrangeLen/OrangeLen.xcodeproj')
    cd /Users/huangzhe/Documents/GitHub/OrangeLen
    write-file /Users/huangzhe/Documents/GitHub/OrangeLen/build/DerivedData/Build/Intermediates.noindex/OrangeLen.build/Debug/OrangeLenPreview.build/OrangeLenPreview-all-non-framework-target-headers.hmap

WriteAuxiliaryFile /Users/huangzhe/Documents/GitHub/OrangeLen/build/DerivedData/Build/Intermediates.noindex/OrangeLen.build/Debug/OrangeLenPreview.build/OrangeLenPreview-DebugEntryPoint-normal-arm64.txt (in target 'OrangeLenPreview' from project 'OrangeLen' at path '/Users/huangzhe/Documents/GitHub/OrangeLen/OrangeLen.xcodeproj')
    cd /Users/huangzhe/Documents/GitHub/OrangeLen
    write-file /Users/huangzhe/Documents/GitHub/OrangeLen/build/DerivedData/Build/Intermediates.noindex/OrangeLen.build/Debug/OrangeLenPreview.build/OrangeLenPreview-DebugEntryPoint-normal-arm64.txt

WriteAuxiliaryFile /Users/huangzhe/Documents/GitHub/OrangeLen/build/DerivedData/Build/Intermediates.noindex/OrangeLen.build/Debug/OrangeLenPreview.build/OrangeLenPreview-DebugDylibPath-normal-arm64.txt (in target 'OrangeLenPreview' from project 'OrangeLen' at path '/Users/huangzhe/Documents/GitHub/OrangeLen/OrangeLen.xcodeproj')
    cd /Users/huangzhe/Documents/GitHub/OrangeLen
    write-file /Users/huangzhe/Documents/GitHub/OrangeLen/build/DerivedData/Build/Intermediates.noindex/OrangeLen.build/Debug/OrangeLenPreview.build/OrangeLenPreview-DebugDylibPath-normal-arm64.txt

WriteAuxiliaryFile /Users/huangzhe/Documents/GitHub/OrangeLen/build/DerivedData/Build/Intermediates.noindex/OrangeLen.build/Debug/OrangeLenPreview.build/OrangeLenPreview-DebugDylibInstallName-normal-arm64.txt (in target 'OrangeLenPreview' from project 'OrangeLen' at path '/Users/huangzhe/Documents/GitHub/OrangeLen/OrangeLen.xcodeproj')
    cd /Users/huangzhe/Documents/GitHub/OrangeLen
    write-file /Users/huangzhe/Documents/GitHub/OrangeLen/build/DerivedData/Build/Intermediates.noindex/OrangeLen.build/Debug/OrangeLenPreview.build/OrangeLenPreview-DebugDylibInstallName-normal-arm64.txt

WriteAuxiliaryFile /Users/huangzhe/Documents/GitHub/OrangeLen/build/DerivedData/Build/Intermediates.noindex/OrangeLen.build/Debug/OrangeLenPreview.build/Objects-normal/arm64/OrangeLenPreview_const_extract_protocols.json (in target 'OrangeLenPreview' from project 'OrangeLen' at path '/Users/huangzhe/Documents/GitHub/OrangeLen/OrangeLen.xcodeproj')
    cd /Users/huangzhe/Documents/GitHub/OrangeLen
    write-file /Users/huangzhe/Documents/GitHub/OrangeLen/build/DerivedData/Build/Intermediates.noindex/OrangeLen.build/Debug/OrangeLenPreview.build/Objects-normal/arm64/OrangeLenPreview_const_extract_protocols.json

WriteAuxiliaryFile /Users/huangzhe/Documents/GitHub/OrangeLen/build/DerivedData/Build/Intermediates.noindex/OrangeLen.build/Debug/OrangeLenPreview.build/Objects-normal/arm64/OrangeLenPreview.SwiftFileList (in target 'OrangeLenPreview' from project 'OrangeLen' at path '/Users/huangzhe/Documents/GitHub/OrangeLen/OrangeLen.xcodeproj')
    cd /Users/huangzhe/Documents/GitHub/OrangeLen
    write-file /Users/huangzhe/Documents/GitHub/OrangeLen/build/DerivedData/Build/Intermediates.noindex/OrangeLen.build/Debug/OrangeLenPreview.build/Objects-normal/arm64/OrangeLenPreview.SwiftFileList

WriteAuxiliaryFile /Users/huangzhe/Documents/GitHub/OrangeLen/build/DerivedData/Build/Intermediates.noindex/OrangeLen.build/Debug/OrangeLenPreview.build/Objects-normal/arm64/OrangeLenPreview.SwiftConstValuesFileList (in target 'OrangeLenPreview' from project 'OrangeLen' at path '/Users/huangzhe/Documents/GitHub/OrangeLen/OrangeLen.xcodeproj')
    cd /Users/huangzhe/Documents/GitHub/OrangeLen
    write-file /Users/huangzhe/Documents/GitHub/OrangeLen/build/DerivedData/Build/Intermediates.noindex/OrangeLen.build/Debug/OrangeLenPreview.build/Objects-normal/arm64/OrangeLenPreview.SwiftConstValuesFileList

WriteAuxiliaryFile /Users/huangzhe/Documents/GitHub/OrangeLen/build/DerivedData/Build/Intermediates.noindex/OrangeLen.build/Debug/OrangeLenPreview.build/Objects-normal/arm64/OrangeLenPreview.LinkFileList (in target 'OrangeLenPreview' from project 'OrangeLen' at path '/Users/huangzhe/Documents/GitHub/OrangeLen/OrangeLen.xcodeproj')
    cd /Users/huangzhe/Documents/GitHub/OrangeLen
    write-file /Users/huangzhe/Documents/GitHub/OrangeLen/build/DerivedData/Build/Intermediates.noindex/OrangeLen.build/Debug/OrangeLenPreview.build/Objects-normal/arm64/OrangeLenPreview.LinkFileList

WriteAuxiliaryFile /Users/huangzhe/Documents/GitHub/OrangeLen/build/DerivedData/Build/Intermediates.noindex/OrangeLen.build/Debug/OrangeLenPreview.build/Objects-normal/arm64/OrangeLenPreview-OutputFileMap.json (in target 'OrangeLenPreview' from project 'OrangeLen' at path '/Users/huangzhe/Documents/GitHub/OrangeLen/OrangeLen.xcodeproj')
    cd /Users/huangzhe/Documents/GitHub/OrangeLen
    write-file /Users/huangzhe/Documents/GitHub/OrangeLen/build/DerivedData/Build/Intermediates.noindex/OrangeLen.build/Debug/OrangeLenPreview.build/Objects-normal/arm64/OrangeLenPreview-OutputFileMap.json

WriteAuxiliaryFile /Users/huangzhe/Documents/GitHub/OrangeLen/build/DerivedData/Build/Intermediates.noindex/OrangeLen.build/Debug/OrangeLenCore.build/OrangeLenCore.modulemap (in target 'OrangeLenCore' from project 'OrangeLen' at path '/Users/huangzhe/Documents/GitHub/OrangeLen/Packages/OrangeLen/Package.swift')
    cd /Users/huangzhe/Documents/GitHub/OrangeLen/Packages/OrangeLen
    write-file /Users/huangzhe/Documents/GitHub/OrangeLen/build/DerivedData/Build/Intermediates.noindex/OrangeLen.build/Debug/OrangeLenCore.build/OrangeLenCore.modulemap

WriteAuxiliaryFile /Users/huangzhe/Documents/GitHub/OrangeLen/build/DerivedData/Build/Intermediates.noindex/OrangeLen.build/Debug/OrangeLenPreview.build/DerivedSources/Entitlements.plist (in target 'OrangeLenPreview' from project 'OrangeLen' at path '/Users/huangzhe/Documents/GitHub/OrangeLen/OrangeLen.xcodeproj')
    cd /Users/huangzhe/Documents/GitHub/OrangeLen
    write-file /Users/huangzhe/Documents/GitHub/OrangeLen/build/DerivedData/Build/Intermediates.noindex/OrangeLen.build/Debug/OrangeLenPreview.build/DerivedSources/Entitlements.plist

WriteAuxiliaryFile /Users/huangzhe/Documents/GitHub/OrangeLen/build/DerivedData/Build/Intermediates.noindex/OrangeLen.build/Debug/OrangeLenCore.build/OrangeLenCore.DependencyStaticMetadataFileList (in target 'OrangeLenCore' from project 'OrangeLen' at path '/Users/huangzhe/Documents/GitHub/OrangeLen/Packages/OrangeLen/Package.swift')
    cd /Users/huangzhe/Documents/GitHub/OrangeLen/Packages/OrangeLen
    write-file /Users/huangzhe/Documents/GitHub/OrangeLen/build/DerivedData/Build/Intermediates.noindex/OrangeLen.build/Debug/OrangeLenCore.build/OrangeLenCore.DependencyStaticMetadataFileList

WriteAuxiliaryFile /Users/huangzhe/Documents/GitHub/OrangeLen/build/DerivedData/Build/Intermediates.noindex/OrangeLen.build/Debug/OrangeLenCore.build/OrangeLenCore.DependencyMetadataFileList (in target 'OrangeLenCore' from project 'OrangeLen' at path '/Users/huangzhe/Documents/GitHub/OrangeLen/Packages/OrangeLen/Package.swift')
    cd /Users/huangzhe/Documents/GitHub/OrangeLen/Packages/OrangeLen
    write-file /Users/huangzhe/Documents/GitHub/OrangeLen/build/DerivedData/Build/Intermediates.noindex/OrangeLen.build/Debug/OrangeLenCore.build/OrangeLenCore.DependencyMetadataFileList

WriteAuxiliaryFile /Users/huangzhe/Documents/GitHub/OrangeLen/build/DerivedData/Build/Intermediates.noindex/OrangeLen.build/Debug/OrangeLenCore.build/Objects-normal/arm64/OrangeLenCore_const_extract_protocols.json (in target 'OrangeLenCore' from project 'OrangeLen' at path '/Users/huangzhe/Documents/GitHub/OrangeLen/Packages/OrangeLen/Package.swift')
    cd /Users/huangzhe/Documents/GitHub/OrangeLen/Packages/OrangeLen
    write-file /Users/huangzhe/Documents/GitHub/OrangeLen/build/DerivedData/Build/Intermediates.noindex/OrangeLen.build/Debug/OrangeLenCore.build/Objects-normal/arm64/OrangeLenCore_const_extract_protocols.json

WriteAuxiliaryFile /Users/huangzhe/Documents/GitHub/OrangeLen/build/DerivedData/Build/Intermediates.noindex/OrangeLen.build/Debug/OrangeLenCore.build/Objects-normal/arm64/OrangeLenCore.SwiftFileList (in target 'OrangeLenCore' from project 'OrangeLen' at path '/Users/huangzhe/Documents/GitHub/OrangeLen/Packages/OrangeLen/Package.swift')
    cd /Users/huangzhe/Documents/GitHub/OrangeLen/Packages/OrangeLen
    write-file /Users/huangzhe/Documents/GitHub/OrangeLen/build/DerivedData/Build/Intermediates.noindex/OrangeLen.build/Debug/OrangeLenCore.build/Objects-normal/arm64/OrangeLenCore.SwiftFileList

WriteAuxiliaryFile /Users/huangzhe/Documents/GitHub/OrangeLen/build/DerivedData/Build/Intermediates.noindex/OrangeLen.build/Debug/OrangeLenCore.build/Objects-normal/arm64/OrangeLenCore.SwiftConstValuesFileList (in target 'OrangeLenCore' from project 'OrangeLen' at path '/Users/huangzhe/Documents/GitHub/OrangeLen/Packages/OrangeLen/Package.swift')
    cd /Users/huangzhe/Documents/GitHub/OrangeLen/Packages/OrangeLen
    write-file /Users/huangzhe/Documents/GitHub/OrangeLen/build/DerivedData/Build/Intermediates.noindex/OrangeLen.build/Debug/OrangeLenCore.build/Objects-normal/arm64/OrangeLenCore.SwiftConstValuesFileList

WriteAuxiliaryFile /Users/huangzhe/Documents/GitHub/OrangeLen/build/DerivedData/Build/Intermediates.noindex/OrangeLen.build/Debug/OrangeLenCore.build/Objects-normal/arm64/OrangeLenCore.LinkFileList (in target 'OrangeLenCore' from project 'OrangeLen' at path '/Users/huangzhe/Documents/GitHub/OrangeLen/Packages/OrangeLen/Package.swift')
    cd /Users/huangzhe/Documents/GitHub/OrangeLen/Packages/OrangeLen
    write-file /Users/huangzhe/Documents/GitHub/OrangeLen/build/DerivedData/Build/Intermediates.noindex/OrangeLen.build/Debug/OrangeLenCore.build/Objects-normal/arm64/OrangeLenCore.LinkFileList

WriteAuxiliaryFile /Users/huangzhe/Documents/GitHub/OrangeLen/build/DerivedData/Build/Intermediates.noindex/OrangeLen.build/Debug/OrangeLenCore.build/Objects-normal/arm64/OrangeLenCore-OutputFileMap.json (in target 'OrangeLenCore' from project 'OrangeLen' at path '/Users/huangzhe/Documents/GitHub/OrangeLen/Packages/OrangeLen/Package.swift')
    cd /Users/huangzhe/Documents/GitHub/OrangeLen/Packages/OrangeLen
    write-file /Users/huangzhe/Documents/GitHub/OrangeLen/build/DerivedData/Build/Intermediates.noindex/OrangeLen.build/Debug/OrangeLenCore.build/Objects-normal/arm64/OrangeLenCore-OutputFileMap.json

WriteAuxiliaryFile /Users/huangzhe/Documents/GitHub/OrangeLen/build/DerivedData/Build/Intermediates.noindex/OrangeLen.build/Debug/OrangeLen.build/OrangeLen.hmap (in target 'OrangeLen' from project 'OrangeLen' at path '/Users/huangzhe/Documents/GitHub/OrangeLen/OrangeLen.xcodeproj')
    cd /Users/huangzhe/Documents/GitHub/OrangeLen
    write-file /Users/huangzhe/Documents/GitHub/OrangeLen/build/DerivedData/Build/Intermediates.noindex/OrangeLen.build/Debug/OrangeLen.build/OrangeLen.hmap

Copy /Users/huangzhe/Documents/GitHub/OrangeLen/build/DerivedData/Build/Intermediates.noindex/GeneratedModuleMaps/OrangeLenCore.modulemap /Users/huangzhe/Documents/GitHub/OrangeLen/build/DerivedData/Build/Intermediates.noindex/OrangeLen.build/Debug/OrangeLenCore.build/OrangeLenCore.modulemap (in target 'OrangeLenCore' from project 'OrangeLen' at path '/Users/huangzhe/Documents/GitHub/OrangeLen/Packages/OrangeLen/Package.swift')
    cd /Users/huangzhe/Documents/GitHub/OrangeLen/Packages/OrangeLen
    builtin-copy -exclude .DS_Store -exclude CVS -exclude .svn -exclude .git -exclude .hg -resolve-src-symlinks /Users/huangzhe/Documents/GitHub/OrangeLen/build/DerivedData/Build/Intermediates.noindex/OrangeLen.build/Debug/OrangeLenCore.build/OrangeLenCore.modulemap /Users/huangzhe/Documents/GitHub/OrangeLen/build/DerivedData/Build/Intermediates.noindex/GeneratedModuleMaps

WriteAuxiliaryFile /Users/huangzhe/Documents/GitHub/OrangeLen/build/DerivedData/Build/Intermediates.noindex/OrangeLen.build/Debug/OrangeLen.build/OrangeLen.DependencyStaticMetadataFileList (in target 'OrangeLen' from project 'OrangeLen' at path '/Users/huangzhe/Documents/GitHub/OrangeLen/OrangeLen.xcodeproj')
    cd /Users/huangzhe/Documents/GitHub/OrangeLen
    write-file /Users/huangzhe/Documents/GitHub/OrangeLen/build/DerivedData/Build/Intermediates.noindex/OrangeLen.build/Debug/OrangeLen.build/OrangeLen.DependencyStaticMetadataFileList

WriteAuxiliaryFile /Users/huangzhe/Documents/GitHub/OrangeLen/build/DerivedData/Build/Intermediates.noindex/OrangeLen.build/Debug/OrangeLen.build/OrangeLen.DependencyMetadataFileList (in target 'OrangeLen' from project 'OrangeLen' at path '/Users/huangzhe/Documents/GitHub/OrangeLen/OrangeLen.xcodeproj')
    cd /Users/huangzhe/Documents/GitHub/OrangeLen
    write-file /Users/huangzhe/Documents/GitHub/OrangeLen/build/DerivedData/Build/Intermediates.noindex/OrangeLen.build/Debug/OrangeLen.build/OrangeLen.DependencyMetadataFileList

WriteAuxiliaryFile /Users/huangzhe/Documents/GitHub/OrangeLen/build/DerivedData/Build/Intermediates.noindex/OrangeLen.build/Debug/OrangeLen.build/OrangeLen-project-headers.hmap (in target 'OrangeLen' from project 'OrangeLen' at path '/Users/huangzhe/Documents/GitHub/OrangeLen/OrangeLen.xcodeproj')
    cd /Users/huangzhe/Documents/GitHub/OrangeLen
    write-file /Users/huangzhe/Documents/GitHub/OrangeLen/build/DerivedData/Build/Intermediates.noindex/OrangeLen.build/Debug/OrangeLen.build/OrangeLen-project-headers.hmap

WriteAuxiliaryFile /Users/huangzhe/Documents/GitHub/OrangeLen/build/DerivedData/Build/Intermediates.noindex/OrangeLen.build/Debug/OrangeLen.build/OrangeLen-own-target-headers.hmap (in target 'OrangeLen' from project 'OrangeLen' at path '/Users/huangzhe/Documents/GitHub/OrangeLen/OrangeLen.xcodeproj')
    cd /Users/huangzhe/Documents/GitHub/OrangeLen
    write-file /Users/huangzhe/Documents/GitHub/OrangeLen/build/DerivedData/Build/Intermediates.noindex/OrangeLen.build/Debug/OrangeLen.build/OrangeLen-own-target-headers.hmap

WriteAuxiliaryFile /Users/huangzhe/Documents/GitHub/OrangeLen/build/DerivedData/Build/Intermediates.noindex/OrangeLen.build/Debug/OrangeLen.build/OrangeLen-generated-files.hmap (in target 'OrangeLen' from project 'OrangeLen' at path '/Users/huangzhe/Documents/GitHub/OrangeLen/OrangeLen.xcodeproj')
    cd /Users/huangzhe/Documents/GitHub/OrangeLen
    write-file /Users/huangzhe/Documents/GitHub/OrangeLen/build/DerivedData/Build/Intermediates.noindex/OrangeLen.build/Debug/OrangeLen.build/OrangeLen-generated-files.hmap

WriteAuxiliaryFile /Users/huangzhe/Documents/GitHub/OrangeLen/build/DerivedData/Build/Intermediates.noindex/OrangeLen.build/Debug/OrangeLen.build/OrangeLen-all-target-headers.hmap (in target 'OrangeLen' from project 'OrangeLen' at path '/Users/huangzhe/Documents/GitHub/OrangeLen/OrangeLen.xcodeproj')
    cd /Users/huangzhe/Documents/GitHub/OrangeLen
    write-file /Users/huangzhe/Documents/GitHub/OrangeLen/build/DerivedData/Build/Intermediates.noindex/OrangeLen.build/Debug/OrangeLen.build/OrangeLen-all-target-headers.hmap

WriteAuxiliaryFile /Users/huangzhe/Documents/GitHub/OrangeLen/build/DerivedData/Build/Intermediates.noindex/OrangeLen.build/Debug/OrangeLen.build/OrangeLen-all-non-framework-target-headers.hmap (in target 'OrangeLen' from project 'OrangeLen' at path '/Users/huangzhe/Documents/GitHub/OrangeLen/OrangeLen.xcodeproj')
    cd /Users/huangzhe/Documents/GitHub/OrangeLen
    write-file /Users/huangzhe/Documents/GitHub/OrangeLen/build/DerivedData/Build/Intermediates.noindex/OrangeLen.build/Debug/OrangeLen.build/OrangeLen-all-non-framework-target-headers.hmap

WriteAuxiliaryFile /Users/huangzhe/Documents/GitHub/OrangeLen/build/DerivedData/Build/Intermediates.noindex/OrangeLen.build/Debug/OrangeLen.build/OrangeLen-DebugDylibPath-normal-arm64.txt (in target 'OrangeLen' from project 'OrangeLen' at path '/Users/huangzhe/Documents/GitHub/OrangeLen/OrangeLen.xcodeproj')
    cd /Users/huangzhe/Documents/GitHub/OrangeLen
    write-file /Users/huangzhe/Documents/GitHub/OrangeLen/build/DerivedData/Build/Intermediates.noindex/OrangeLen.build/Debug/OrangeLen.build/OrangeLen-DebugDylibPath-normal-arm64.txt

WriteAuxiliaryFile /Users/huangzhe/Documents/GitHub/OrangeLen/build/DerivedData/Build/Intermediates.noindex/OrangeLen.build/Debug/OrangeLen.build/OrangeLen-DebugDylibInstallName-normal-arm64.txt (in target 'OrangeLen' from project 'OrangeLen' at path '/Users/huangzhe/Documents/GitHub/OrangeLen/OrangeLen.xcodeproj')
    cd /Users/huangzhe/Documents/GitHub/OrangeLen
    write-file /Users/huangzhe/Documents/GitHub/OrangeLen/build/DerivedData/Build/Intermediates.noindex/OrangeLen.build/Debug/OrangeLen.build/OrangeLen-DebugDylibInstallName-normal-arm64.txt

WriteAuxiliaryFile /Users/huangzhe/Documents/GitHub/OrangeLen/build/DerivedData/Build/Intermediates.noindex/OrangeLen.build/Debug/OrangeLen.build/Objects-normal/arm64/OrangeLen_const_extract_protocols.json (in target 'OrangeLen' from project 'OrangeLen' at path '/Users/huangzhe/Documents/GitHub/OrangeLen/OrangeLen.xcodeproj')
    cd /Users/huangzhe/Documents/GitHub/OrangeLen
    write-file /Users/huangzhe/Documents/GitHub/OrangeLen/build/DerivedData/Build/Intermediates.noindex/OrangeLen.build/Debug/OrangeLen.build/Objects-normal/arm64/OrangeLen_const_extract_protocols.json

WriteAuxiliaryFile /Users/huangzhe/Documents/GitHub/OrangeLen/build/DerivedData/Build/Intermediates.noindex/OrangeLen.build/Debug/OrangeLen.build/Objects-normal/arm64/OrangeLen.SwiftFileList (in target 'OrangeLen' from project 'OrangeLen' at path '/Users/huangzhe/Documents/GitHub/OrangeLen/OrangeLen.xcodeproj')
    cd /Users/huangzhe/Documents/GitHub/OrangeLen
    write-file /Users/huangzhe/Documents/GitHub/OrangeLen/build/DerivedData/Build/Intermediates.noindex/OrangeLen.build/Debug/OrangeLen.build/Objects-normal/arm64/OrangeLen.SwiftFileList

WriteAuxiliaryFile /Users/huangzhe/Documents/GitHub/OrangeLen/build/DerivedData/Build/Intermediates.noindex/OrangeLen.build/Debug/OrangeLen.build/Objects-normal/arm64/OrangeLen.SwiftConstValuesFileList (in target 'OrangeLen' from project 'OrangeLen' at path '/Users/huangzhe/Documents/GitHub/OrangeLen/OrangeLen.xcodeproj')
    cd /Users/huangzhe/Documents/GitHub/OrangeLen
    write-file /Users/huangzhe/Documents/GitHub/OrangeLen/build/DerivedData/Build/Intermediates.noindex/OrangeLen.build/Debug/OrangeLen.build/Objects-normal/arm64/OrangeLen.SwiftConstValuesFileList

WriteAuxiliaryFile /Users/huangzhe/Documents/GitHub/OrangeLen/build/DerivedData/Build/Intermediates.noindex/OrangeLen.build/Debug/OrangeLen.build/Objects-normal/arm64/OrangeLen.LinkFileList (in target 'OrangeLen' from project 'OrangeLen' at path '/Users/huangzhe/Documents/GitHub/OrangeLen/OrangeLen.xcodeproj')
    cd /Users/huangzhe/Documents/GitHub/OrangeLen
    write-file /Users/huangzhe/Documents/GitHub/OrangeLen/build/DerivedData/Build/Intermediates.noindex/OrangeLen.build/Debug/OrangeLen.build/Objects-normal/arm64/OrangeLen.LinkFileList

WriteAuxiliaryFile /Users/huangzhe/Documents/GitHub/OrangeLen/build/DerivedData/Build/Intermediates.noindex/OrangeLen.build/Debug/OrangeLen.build/Objects-normal/arm64/OrangeLen-OutputFileMap.json (in target 'OrangeLen' from project 'OrangeLen' at path '/Users/huangzhe/Documents/GitHub/OrangeLen/OrangeLen.xcodeproj')
    cd /Users/huangzhe/Documents/GitHub/OrangeLen
    write-file /Users/huangzhe/Documents/GitHub/OrangeLen/build/DerivedData/Build/Intermediates.noindex/OrangeLen.build/Debug/OrangeLen.build/Objects-normal/arm64/OrangeLen-OutputFileMap.json

WriteAuxiliaryFile /Users/huangzhe/Documents/GitHub/OrangeLen/build/DerivedData/Build/Intermediates.noindex/OrangeLen.build/Debug/OrangeLen.build/DerivedSources/Entitlements.plist (in target 'OrangeLen' from project 'OrangeLen' at path '/Users/huangzhe/Documents/GitHub/OrangeLen/OrangeLen.xcodeproj')
    cd /Users/huangzhe/Documents/GitHub/OrangeLen
    write-file /Users/huangzhe/Documents/GitHub/OrangeLen/build/DerivedData/Build/Intermediates.noindex/OrangeLen.build/Debug/OrangeLen.build/DerivedSources/Entitlements.plist

MkDir /Users/huangzhe/Documents/GitHub/OrangeLen/build/DerivedData/Build/Products/Debug/OrangeLenPreview.appex/Contents (in target 'OrangeLenPreview' from project 'OrangeLen' at path '/Users/huangzhe/Documents/GitHub/OrangeLen/OrangeLen.xcodeproj')
    cd /Users/huangzhe/Documents/GitHub/OrangeLen
    /bin/mkdir -p /Users/huangzhe/Documents/GitHub/OrangeLen/build/DerivedData/Build/Products/Debug/OrangeLenPreview.appex/Contents

MkDir /Users/huangzhe/Documents/GitHub/OrangeLen/build/DerivedData/Build/Products/Debug/OrangeLenPreview.appex/Contents/MacOS (in target 'OrangeLenPreview' from project 'OrangeLen' at path '/Users/huangzhe/Documents/GitHub/OrangeLen/OrangeLen.xcodeproj')
    cd /Users/huangzhe/Documents/GitHub/OrangeLen
    /bin/mkdir -p /Users/huangzhe/Documents/GitHub/OrangeLen/build/DerivedData/Build/Products/Debug/OrangeLenPreview.appex/Contents/MacOS

MkDir /Users/huangzhe/Documents/GitHub/OrangeLen/build/DerivedData/Build/Products/Debug/OrangeLenPreview.appex (in target 'OrangeLenPreview' from project 'OrangeLen' at path '/Users/huangzhe/Documents/GitHub/OrangeLen/OrangeLen.xcodeproj')
    cd /Users/huangzhe/Documents/GitHub/OrangeLen
    /bin/mkdir -p /Users/huangzhe/Documents/GitHub/OrangeLen/build/DerivedData/Build/Products/Debug/OrangeLenPreview.appex

MkDir /Users/huangzhe/Documents/GitHub/OrangeLen/build/DerivedData/Build/Products/Debug/OrangeLen.app/Contents/PlugIns (in target 'OrangeLen' from project 'OrangeLen' at path '/Users/huangzhe/Documents/GitHub/OrangeLen/OrangeLen.xcodeproj')
    cd /Users/huangzhe/Documents/GitHub/OrangeLen
    /bin/mkdir -p /Users/huangzhe/Documents/GitHub/OrangeLen/build/DerivedData/Build/Products/Debug/OrangeLen.app/Contents/PlugIns

MkDir /Users/huangzhe/Documents/GitHub/OrangeLen/build/DerivedData/Build/Products/Debug/OrangeLen.app/Contents/MacOS (in target 'OrangeLen' from project 'OrangeLen' at path '/Users/huangzhe/Documents/GitHub/OrangeLen/OrangeLen.xcodeproj')
    cd /Users/huangzhe/Documents/GitHub/OrangeLen
    /bin/mkdir -p /Users/huangzhe/Documents/GitHub/OrangeLen/build/DerivedData/Build/Products/Debug/OrangeLen.app/Contents/MacOS

MkDir /Users/huangzhe/Documents/GitHub/OrangeLen/build/DerivedData/Build/Products/Debug/OrangeLen.app/Contents (in target 'OrangeLen' from project 'OrangeLen' at path '/Users/huangzhe/Documents/GitHub/OrangeLen/OrangeLen.xcodeproj')
    cd /Users/huangzhe/Documents/GitHub/OrangeLen
    /bin/mkdir -p /Users/huangzhe/Documents/GitHub/OrangeLen/build/DerivedData/Build/Products/Debug/OrangeLen.app/Contents

MkDir /Users/huangzhe/Documents/GitHub/OrangeLen/build/DerivedData/Build/Products/Debug/OrangeLen.app (in target 'OrangeLen' from project 'OrangeLen' at path '/Users/huangzhe/Documents/GitHub/OrangeLen/OrangeLen.xcodeproj')
    cd /Users/huangzhe/Documents/GitHub/OrangeLen
    /bin/mkdir -p /Users/huangzhe/Documents/GitHub/OrangeLen/build/DerivedData/Build/Products/Debug/OrangeLen.app

SwiftDriver OrangeLenCore normal arm64 com.apple.xcode.tools.swift.compiler (in target 'OrangeLenCore' from project 'OrangeLen' at path '/Users/huangzhe/Documents/GitHub/OrangeLen/Packages/OrangeLen/Package.swift')
    cd /Users/huangzhe/Documents/GitHub/OrangeLen/OrangeLen.xcodeproj
    builtin-SwiftDriver -- /Applications/Xcode.app/Contents/Developer/Toolchains/XcodeDefault.xctoolchain/usr/bin/swiftc -module-name OrangeLenCore -Onone @/Users/huangzhe/Documents/GitHub/OrangeLen/build/DerivedData/Build/Intermediates.noindex/OrangeLen.build/Debug/OrangeLenCore.build/Objects-normal/arm64/OrangeLenCore.SwiftFileList -DSWIFT_PACKAGE -DDEBUG -DSWIFT_MODULE_RESOURCE_BUNDLE_UNAVAILABLE -DXcode -plugin-path /Applications/Xcode.app/Contents/Developer/Toolchains/XcodeDefault.xctoolchain/usr/lib/swift/host/plugins/testing -enable-experimental-feature DebugDescriptionMacro -sdk /Applications/Xcode.app/Contents/Developer/Platforms/MacOSX.platform/Developer/SDKs/MacOSX26.5.sdk -target arm64-apple-macos14.0 -g -module-cache-path /Users/huangzhe/Documents/GitHub/OrangeLen/build/DerivedData/ModuleCache.noindex -Xfrontend -serialize-debugging-options -enable-testing -index-store-path /Users/huangzhe/Documents/GitHub/OrangeLen/build/DerivedData/Index.noindex/DataStore -Xcc -D_LIBCPP_HARDENING_MODE\=_LIBCPP_HARDENING_MODE_DEBUG -swift-version 5 -I /Users/huangzhe/Documents/GitHub/OrangeLen/build/DerivedData/Build/Products/Debug -Isystem /Applications/Xcode.app/Contents/Developer/Platforms/MacOSX.platform/Developer/usr/lib -F /Users/huangzhe/Documents/GitHub/OrangeLen/build/DerivedData/Build/Products/Debug -F /Applications/Xcode.app/Contents/Developer/Platforms/MacOSX.platform/Developer/Library/Frameworks -parse-as-library -c -j11 -enable-batch-mode -incremental -Xcc -ivfsstatcache -Xcc /Users/huangzhe/Documents/GitHub/OrangeLen/build/DerivedData/SDKStatCaches.noindex/macosx26.5-25F70-e082c4a02f00227109f4ed75e425c832.sdkstatcache -output-file-map /Users/huangzhe/Documents/GitHub/OrangeLen/build/DerivedData/Build/Intermediates.noindex/OrangeLen.build/Debug/OrangeLenCore.build/Objects-normal/arm64/OrangeLenCore-OutputFileMap.json -use-frontend-parseable-output -save-temps -no-color-diagnostics -explicit-module-build -module-cache-path /Users/huangzhe/Documents/GitHub/OrangeLen/build/DerivedData/Build/Intermediates.noindex/SwiftExplicitPrecompiledModules -clang-scanner-module-cache-path /Users/huangzhe/Documents/GitHub/OrangeLen/build/DerivedData/ModuleCache.noindex -sdk-module-cache-path /Users/huangzhe/Documents/GitHub/OrangeLen/build/DerivedData/ModuleCache.noindex -serialize-diagnostics -emit-dependencies -emit-module -emit-module-path /Users/huangzhe/Documents/GitHub/OrangeLen/build/DerivedData/Build/Intermediates.noindex/OrangeLen.build/Debug/OrangeLenCore.build/Objects-normal/arm64/OrangeLenCore.swiftmodule -validate-clang-modules-once -clang-build-session-file /Users/huangzhe/Documents/GitHub/OrangeLen/build/DerivedData/ModuleCache.noindex/Session.modulevalidation -package-name orangelen -Xcc -I/Users/huangzhe/Documents/GitHub/OrangeLen/build/DerivedData/Build/Intermediates.noindex/OrangeLen.build/Debug/OrangeLenCore.build/swift-overrides.hmap -emit-const-values -Xfrontend -const-gather-protocols-file -Xfrontend /Users/huangzhe/Documents/GitHub/OrangeLen/build/DerivedData/Build/Intermediates.noindex/OrangeLen.build/Debug/OrangeLenCore.build/Objects-normal/arm64/OrangeLenCore_const_extract_protocols.json -Xcc -I/Users/huangzhe/Documents/GitHub/OrangeLen/build/DerivedData/Build/Products/Debug/include -Xcc -I/Users/huangzhe/Documents/GitHub/OrangeLen/build/DerivedData/Build/Intermediates.noindex/OrangeLen.build/Debug/OrangeLenCore.build/DerivedSources-normal/arm64 -Xcc -I/Users/huangzhe/Documents/GitHub/OrangeLen/build/DerivedData/Build/Intermediates.noindex/OrangeLen.build/Debug/OrangeLenCore.build/DerivedSources/arm64 -Xcc -I/Users/huangzhe/Documents/GitHub/OrangeLen/build/DerivedData/Build/Intermediates.noindex/OrangeLen.build/Debug/OrangeLenCore.build/DerivedSources -Xcc -DSWIFT_PACKAGE -Xcc -DDEBUG\=1 -emit-objc-header -emit-objc-header-path /Users/huangzhe/Documents/GitHub/OrangeLen/build/DerivedData/Build/Intermediates.noindex/OrangeLen.build/Debug/OrangeLenCore.build/Objects-normal/arm64/OrangeLenCore-Swift.h -working-directory /Users/huangzhe/Documents/GitHub/OrangeLen/OrangeLen.xcodeproj -experimental-emit-module-separately -disable-cmo

SwiftExplicitDependencyGeneratePcm arm64 /Users/huangzhe/Documents/GitHub/OrangeLen/build/DerivedData/ModuleCache.noindex/_Builtin_float-9ZYYWHFXSKHLIAQMA2RMVA2JM.pcm

SwiftExplicitDependencyGeneratePcm arm64 /Users/huangzhe/Documents/GitHub/OrangeLen/build/DerivedData/ModuleCache.noindex/ptrauth-3W05C2I7W1LLPNGV46UPNW2YA.pcm

SwiftExplicitDependencyGeneratePcm arm64 /Users/huangzhe/Documents/GitHub/OrangeLen/build/DerivedData/ModuleCache.noindex/_AvailabilityInternal-DOMD99IJG8ZIFDCK3V2AONBM6.pcm

SwiftExplicitDependencyGeneratePcm arm64 /Users/huangzhe/Documents/GitHub/OrangeLen/build/DerivedData/ModuleCache.noindex/_Builtin_stddef-4QJ4NMUK1FV98P1J0QS2B3AOA.pcm

SwiftExplicitDependencyGeneratePcm arm64 /Users/huangzhe/Documents/GitHub/OrangeLen/build/DerivedData/ModuleCache.noindex/SwiftShims-ERT7UEM3VO8WWQM26OBUP91DC.pcm

SwiftExplicitDependencyGeneratePcm arm64 /Users/huangzhe/Documents/GitHub/OrangeLen/build/DerivedData/ModuleCache.noindex/ptrcheck-2ZD23RVL7QPSTPJYQ3XX7PV2B.pcm

SwiftExplicitDependencyGeneratePcm arm64 /Users/huangzhe/Documents/GitHub/OrangeLen/build/DerivedData/ModuleCache.noindex/_Builtin_stdarg-AQJRQSCQ4BXHHQFH8V3X6DPHG.pcm

SwiftExplicitDependencyGeneratePcm arm64 /Users/huangzhe/Documents/GitHub/OrangeLen/build/DerivedData/ModuleCache.noindex/_SwiftConcurrencyShims-EHW6RPS5MSQ7WYU40Y4KFW5B8.pcm

SwiftExplicitDependencyGeneratePcm arm64 /Users/huangzhe/Documents/GitHub/OrangeLen/build/DerivedData/ModuleCache.noindex/_Builtin_stdbool-85RRN53JZU9NY2EIKV5XCA6QZ.pcm

SwiftExplicitDependencyGeneratePcm arm64 /Users/huangzhe/Documents/GitHub/OrangeLen/build/DerivedData/ModuleCache.noindex/_DarwinFoundation1-T9CZH3LWJTEIVLTBLEJAJXUP.pcm

SwiftExplicitDependencyGeneratePcm arm64 /Users/huangzhe/Documents/GitHub/OrangeLen/build/DerivedData/ModuleCache.noindex/_DarwinFoundation2-CAPXOMANDIKGE0I1IRWZLCR3G.pcm

SwiftExplicitDependencyGeneratePcm arm64 /Users/huangzhe/Documents/GitHub/OrangeLen/build/DerivedData/ModuleCache.noindex/_Builtin_limits-C8X0YEQ03S9DBH29F1WTBF6C.pcm

SwiftExplicitDependencyGeneratePcm arm64 /Users/huangzhe/Documents/GitHub/OrangeLen/build/DerivedData/ModuleCache.noindex/sys_types-2MSTX2ZLK0BDTHT5MQWRJ1D12.pcm

SwiftExplicitDependencyGeneratePcm arm64 /Users/huangzhe/Documents/GitHub/OrangeLen/build/DerivedData/ModuleCache.noindex/_Builtin_stdint-EZHQYB2R49LVHMEE5MDHVD2LV.pcm

SwiftExplicitDependencyGeneratePcm arm64 /Users/huangzhe/Documents/GitHub/OrangeLen/build/DerivedData/ModuleCache.noindex/_DarwinFoundation3-DOD0QBL0YPMMCPLON3GCAFWWD.pcm

SwiftExplicitDependencyGeneratePcm arm64 /Users/huangzhe/Documents/GitHub/OrangeLen/build/DerivedData/ModuleCache.noindex/libDER-CVEDNWWE0M2IBAUUL1KZ87S8A.pcm

SwiftExplicitDependencyGeneratePcm arm64 /Users/huangzhe/Documents/GitHub/OrangeLen/build/DerivedData/ModuleCache.noindex/_Builtin_inttypes-2S28NWFSIFQAD1X7JB9T149UF.pcm

SwiftExplicitDependencyGeneratePcm arm64 /Users/huangzhe/Documents/GitHub/OrangeLen/build/DerivedData/ModuleCache.noindex/Darwin-5DRVOSY03K5C64K7WE4FX8NX0.pcm

SwiftExplicitDependencyGeneratePcm arm64 /Users/huangzhe/Documents/GitHub/OrangeLen/build/DerivedData/ModuleCache.noindex/libkern-DI1W1PB1UH3X9HS8YZ3NUNHQU.pcm

SwiftExplicitDependencyGeneratePcm arm64 /Users/huangzhe/Documents/GitHub/OrangeLen/build/DerivedData/ModuleCache.noindex/MachO-845PMTPVMV692WQ4VSZSCBCE9.pcm

SwiftExplicitDependencyGeneratePcm arm64 /Users/huangzhe/Documents/GitHub/OrangeLen/build/DerivedData/ModuleCache.noindex/launch-DEJTBX59YHNP9AGDF7ULGUOOR.pcm

SwiftExplicitDependencyGeneratePcm arm64 /Users/huangzhe/Documents/GitHub/OrangeLen/build/DerivedData/ModuleCache.noindex/ObjectiveC-2RHE0I4JGBO9RNZ2R4HBDGL4K.pcm

SwiftExplicitDependencyGeneratePcm arm64 /Users/huangzhe/Documents/GitHub/OrangeLen/build/DerivedData/ModuleCache.noindex/os_object-ESR8LDP5NOZN0HMBVD5PZXHJV.pcm

SwiftExplicitDependencyGeneratePcm arm64 /Users/huangzhe/Documents/GitHub/OrangeLen/build/DerivedData/ModuleCache.noindex/os_workgroup-7CHFNAYAO6CTVMAQ40MP304AN.pcm

SwiftExplicitDependencyGeneratePcm arm64 /Users/huangzhe/Documents/GitHub/OrangeLen/build/DerivedData/ModuleCache.noindex/Dispatch-1XQUU7BG10SSXS3QCP7XLSP7E.pcm

SwiftExplicitDependencyGeneratePcm arm64 /Users/huangzhe/Documents/GitHub/OrangeLen/build/DerivedData/ModuleCache.noindex/XPC-AMPD03W03K7J9R9NC0THGCWHM.pcm

SwiftExplicitDependencyGeneratePcm arm64 /Users/huangzhe/Documents/GitHub/OrangeLen/build/DerivedData/ModuleCache.noindex/CoreFoundation-BFYI6FZ1CNMKFQ5B1Q794KVD6.pcm

SwiftExplicitDependencyGeneratePcm arm64 /Users/huangzhe/Documents/GitHub/OrangeLen/build/DerivedData/ModuleCache.noindex/Security-15SVCUXR8XA1VH3PPE2WM5FKM.pcm

SwiftExplicitDependencyGeneratePcm arm64 /Users/huangzhe/Documents/GitHub/OrangeLen/build/DerivedData/ModuleCache.noindex/IOKit-47YZO8BQ1DX6IUB5ZT8NJIJ9E.pcm

SwiftExplicitDependencyGeneratePcm arm64 /Users/huangzhe/Documents/GitHub/OrangeLen/build/DerivedData/ModuleCache.noindex/CFNetwork-2V8NDR9L0DZERJVW7LYX27RYZ.pcm

SwiftExplicitDependencyGeneratePcm arm64 /Users/huangzhe/Documents/GitHub/OrangeLen/build/DerivedData/ModuleCache.noindex/DiskArbitration-7XMTWBN3QRM8U1RG9SR9DJ8JJ.pcm

SwiftExplicitDependencyGeneratePcm arm64 /Users/huangzhe/Documents/GitHub/OrangeLen/build/DerivedData/ModuleCache.noindex/CoreServices-DH06PSLI24JPXUJG4VOJM3I2B.pcm

SwiftExplicitDependencyGeneratePcm arm64 /Users/huangzhe/Documents/GitHub/OrangeLen/build/DerivedData/ModuleCache.noindex/Foundation-4YAU0CH9GT6VRPQOVAB0TR50S.pcm

SwiftEmitModule normal arm64 Emitting\ module\ for\ OrangeLenCore (in target 'OrangeLenCore' from project 'OrangeLen' at path '/Users/huangzhe/Documents/GitHub/OrangeLen/Packages/OrangeLen/Package.swift')

SwiftCompile normal arm64 /Users/huangzhe/Documents/GitHub/OrangeLen/Packages/OrangeLen/Sources/OrangeLenCore/Limits.swift (in target 'OrangeLenCore' from project 'OrangeLen' at path '/Users/huangzhe/Documents/GitHub/OrangeLen/Packages/OrangeLen/Package.swift')
    cd /Users/huangzhe/Documents/GitHub/OrangeLen/OrangeLen.xcodeproj
    

SwiftCompile normal arm64 Compiling\ Limits.swift /Users/huangzhe/Documents/GitHub/OrangeLen/Packages/OrangeLen/Sources/OrangeLenCore/Limits.swift (in target 'OrangeLenCore' from project 'OrangeLen' at path '/Users/huangzhe/Documents/GitHub/OrangeLen/Packages/OrangeLen/Package.swift')
SwiftCompile normal arm64 /Users/huangzhe/Documents/GitHub/OrangeLen/Packages/OrangeLen/Sources/OrangeLenCore/Limits.swift (in target 'OrangeLenCore' from project 'OrangeLen' at path '/Users/huangzhe/Documents/GitHub/OrangeLen/Packages/OrangeLen/Package.swift')
    cd /Users/huangzhe/Documents/GitHub/OrangeLen/OrangeLen.xcodeproj
    

SwiftDriverJobDiscovery normal arm64 Emitting module for OrangeLenCore (in target 'OrangeLenCore' from project 'OrangeLen' at path '/Users/huangzhe/Documents/GitHub/OrangeLen/Packages/OrangeLen/Package.swift')

SwiftDriver\ Compilation\ Requirements OrangeLenCore normal arm64 com.apple.xcode.tools.swift.compiler (in target 'OrangeLenCore' from project 'OrangeLen' at path '/Users/huangzhe/Documents/GitHub/OrangeLen/Packages/OrangeLen/Package.swift')
    cd /Users/huangzhe/Documents/GitHub/OrangeLen/OrangeLen.xcodeproj
    builtin-Swift-Compilation-Requirements -- /Applications/Xcode.app/Contents/Developer/Toolchains/XcodeDefault.xctoolchain/usr/bin/swiftc -module-name OrangeLenCore -Onone @/Users/huangzhe/Documents/GitHub/OrangeLen/build/DerivedData/Build/Intermediates.noindex/OrangeLen.build/Debug/OrangeLenCore.build/Objects-normal/arm64/OrangeLenCore.SwiftFileList -DSWIFT_PACKAGE -DDEBUG -DSWIFT_MODULE_RESOURCE_BUNDLE_UNAVAILABLE -DXcode -plugin-path /Applications/Xcode.app/Contents/Developer/Toolchains/XcodeDefault.xctoolchain/usr/lib/swift/host/plugins/testing -enable-experimental-feature DebugDescriptionMacro -sdk /Applications/Xcode.app/Contents/Developer/Platforms/MacOSX.platform/Developer/SDKs/MacOSX26.5.sdk -target arm64-apple-macos14.0 -g -module-cache-path /Users/huangzhe/Documents/GitHub/OrangeLen/build/DerivedData/ModuleCache.noindex -Xfrontend -serialize-debugging-options -enable-testing -index-store-path /Users/huangzhe/Documents/GitHub/OrangeLen/build/DerivedData/Index.noindex/DataStore -Xcc -D_LIBCPP_HARDENING_MODE\=_LIBCPP_HARDENING_MODE_DEBUG -swift-version 5 -I /Users/huangzhe/Documents/GitHub/OrangeLen/build/DerivedData/Build/Products/Debug -Isystem /Applications/Xcode.app/Contents/Developer/Platforms/MacOSX.platform/Developer/usr/lib -F /Users/huangzhe/Documents/GitHub/OrangeLen/build/DerivedData/Build/Products/Debug -F /Applications/Xcode.app/Contents/Developer/Platforms/MacOSX.platform/Developer/Library/Frameworks -parse-as-library -c -j11 -enable-batch-mode -incremental -Xcc -ivfsstatcache -Xcc /Users/huangzhe/Documents/GitHub/OrangeLen/build/DerivedData/SDKStatCaches.noindex/macosx26.5-25F70-e082c4a02f00227109f4ed75e425c832.sdkstatcache -output-file-map /Users/huangzhe/Documents/GitHub/OrangeLen/build/DerivedData/Build/Intermediates.noindex/OrangeLen.build/Debug/OrangeLenCore.build/Objects-normal/arm64/OrangeLenCore-OutputFileMap.json -use-frontend-parseable-output -save-temps -no-color-diagnostics -explicit-module-build -module-cache-path /Users/huangzhe/Documents/GitHub/OrangeLen/build/DerivedData/Build/Intermediates.noindex/SwiftExplicitPrecompiledModules -clang-scanner-module-cache-path /Users/huangzhe/Documents/GitHub/OrangeLen/build/DerivedData/ModuleCache.noindex -sdk-module-cache-path /Users/huangzhe/Documents/GitHub/OrangeLen/build/DerivedData/ModuleCache.noindex -serialize-diagnostics -emit-dependencies -emit-module -emit-module-path /Users/huangzhe/Documents/GitHub/OrangeLen/build/DerivedData/Build/Intermediates.noindex/OrangeLen.build/Debug/OrangeLenCore.build/Objects-normal/arm64/OrangeLenCore.swiftmodule -validate-clang-modules-once -clang-build-session-file /Users/huangzhe/Documents/GitHub/OrangeLen/build/DerivedData/ModuleCache.noindex/Session.modulevalidation -package-name orangelen -Xcc -I/Users/huangzhe/Documents/GitHub/OrangeLen/build/DerivedData/Build/Intermediates.noindex/OrangeLen.build/Debug/OrangeLenCore.build/swift-overrides.hmap -emit-const-values -Xfrontend -const-gather-protocols-file -Xfrontend /Users/huangzhe/Documents/GitHub/OrangeLen/build/DerivedData/Build/Intermediates.noindex/OrangeLen.build/Debug/OrangeLenCore.build/Objects-normal/arm64/OrangeLenCore_const_extract_protocols.json -Xcc -I/Users/huangzhe/Documents/GitHub/OrangeLen/build/DerivedData/Build/Products/Debug/include -Xcc -I/Users/huangzhe/Documents/GitHub/OrangeLen/build/DerivedData/Build/Intermediates.noindex/OrangeLen.build/Debug/OrangeLenCore.build/DerivedSources-normal/arm64 -Xcc -I/Users/huangzhe/Documents/GitHub/OrangeLen/build/DerivedData/Build/Intermediates.noindex/OrangeLen.build/Debug/OrangeLenCore.build/DerivedSources/arm64 -Xcc -I/Users/huangzhe/Documents/GitHub/OrangeLen/build/DerivedData/Build/Intermediates.noindex/OrangeLen.build/Debug/OrangeLenCore.build/DerivedSources -Xcc -DSWIFT_PACKAGE -Xcc -DDEBUG\=1 -emit-objc-header -emit-objc-header-path /Users/huangzhe/Documents/GitHub/OrangeLen/build/DerivedData/Build/Intermediates.noindex/OrangeLen.build/Debug/OrangeLenCore.build/Objects-normal/arm64/OrangeLenCore-Swift.h -working-directory /Users/huangzhe/Documents/GitHub/OrangeLen/OrangeLen.xcodeproj -experimental-emit-module-separately -disable-cmo

SwiftMergeGeneratedHeaders /Users/huangzhe/Documents/GitHub/OrangeLen/build/DerivedData/Build/Intermediates.noindex/GeneratedModuleMaps/OrangeLenCore-Swift.h /Users/huangzhe/Documents/GitHub/OrangeLen/build/DerivedData/Build/Intermediates.noindex/OrangeLen.build/Debug/OrangeLenCore.build/Objects-normal/arm64/OrangeLenCore-Swift.h (in target 'OrangeLenCore' from project 'OrangeLen' at path '/Users/huangzhe/Documents/GitHub/OrangeLen/Packages/OrangeLen/Package.swift')
    cd /Users/huangzhe/Documents/GitHub/OrangeLen/Packages/OrangeLen
    builtin-swiftHeaderTool -arch arm64 /Users/huangzhe/Documents/GitHub/OrangeLen/build/DerivedData/Build/Intermediates.noindex/OrangeLen.build/Debug/OrangeLenCore.build/Objects-normal/arm64/OrangeLenCore-Swift.h -o /Users/huangzhe/Documents/GitHub/OrangeLen/build/DerivedData/Build/Intermediates.noindex/GeneratedModuleMaps/OrangeLenCore-Swift.h

Copy /Users/huangzhe/Documents/GitHub/OrangeLen/build/DerivedData/Build/Products/Debug/OrangeLenCore.swiftmodule/arm64-apple-macos.swiftdoc /Users/huangzhe/Documents/GitHub/OrangeLen/build/DerivedData/Build/Intermediates.noindex/OrangeLen.build/Debug/OrangeLenCore.build/Objects-normal/arm64/OrangeLenCore.swiftdoc (in target 'OrangeLenCore' from project 'OrangeLen' at path '/Users/huangzhe/Documents/GitHub/OrangeLen/Packages/OrangeLen/Package.swift')
    cd /Users/huangzhe/Documents/GitHub/OrangeLen/Packages/OrangeLen
    builtin-copy -exclude .DS_Store -exclude CVS -exclude .svn -exclude .git -exclude .hg -resolve-src-symlinks -rename /Users/huangzhe/Documents/GitHub/OrangeLen/build/DerivedData/Build/Intermediates.noindex/OrangeLen.build/Debug/OrangeLenCore.build/Objects-normal/arm64/OrangeLenCore.swiftdoc /Users/huangzhe/Documents/GitHub/OrangeLen/build/DerivedData/Build/Products/Debug/OrangeLenCore.swiftmodule/arm64-apple-macos.swiftdoc

Copy /Users/huangzhe/Documents/GitHub/OrangeLen/build/DerivedData/Build/Products/Debug/OrangeLenCore.swiftmodule/arm64-apple-macos.abi.json /Users/huangzhe/Documents/GitHub/OrangeLen/build/DerivedData/Build/Intermediates.noindex/OrangeLen.build/Debug/OrangeLenCore.build/Objects-normal/arm64/OrangeLenCore.abi.json (in target 'OrangeLenCore' from project 'OrangeLen' at path '/Users/huangzhe/Documents/GitHub/OrangeLen/Packages/OrangeLen/Package.swift')
    cd /Users/huangzhe/Documents/GitHub/OrangeLen/Packages/OrangeLen
    builtin-copy -exclude .DS_Store -exclude CVS -exclude .svn -exclude .git -exclude .hg -resolve-src-symlinks -rename /Users/huangzhe/Documents/GitHub/OrangeLen/build/DerivedData/Build/Intermediates.noindex/OrangeLen.build/Debug/OrangeLenCore.build/Objects-normal/arm64/OrangeLenCore.abi.json /Users/huangzhe/Documents/GitHub/OrangeLen/build/DerivedData/Build/Products/Debug/OrangeLenCore.swiftmodule/arm64-apple-macos.abi.json

Copy /Users/huangzhe/Documents/GitHub/OrangeLen/build/DerivedData/Build/Products/Debug/OrangeLenCore.swiftmodule/arm64-apple-macos.swiftmodule /Users/huangzhe/Documents/GitHub/OrangeLen/build/DerivedData/Build/Intermediates.noindex/OrangeLen.build/Debug/OrangeLenCore.build/Objects-normal/arm64/OrangeLenCore.swiftmodule (in target 'OrangeLenCore' from project 'OrangeLen' at path '/Users/huangzhe/Documents/GitHub/OrangeLen/Packages/OrangeLen/Package.swift')
    cd /Users/huangzhe/Documents/GitHub/OrangeLen/Packages/OrangeLen
    builtin-copy -exclude .DS_Store -exclude CVS -exclude .svn -exclude .git -exclude .hg -resolve-src-symlinks -rename /Users/huangzhe/Documents/GitHub/OrangeLen/build/DerivedData/Build/Intermediates.noindex/OrangeLen.build/Debug/OrangeLenCore.build/Objects-normal/arm64/OrangeLenCore.swiftmodule /Users/huangzhe/Documents/GitHub/OrangeLen/build/DerivedData/Build/Products/Debug/OrangeLenCore.swiftmodule/arm64-apple-macos.swiftmodule

Copy /Users/huangzhe/Documents/GitHub/OrangeLen/build/DerivedData/Build/Products/Debug/OrangeLenCore.swiftmodule/Project/arm64-apple-macos.swiftsourceinfo /Users/huangzhe/Documents/GitHub/OrangeLen/build/DerivedData/Build/Intermediates.noindex/OrangeLen.build/Debug/OrangeLenCore.build/Objects-normal/arm64/OrangeLenCore.swiftsourceinfo (in target 'OrangeLenCore' from project 'OrangeLen' at path '/Users/huangzhe/Documents/GitHub/OrangeLen/Packages/OrangeLen/Package.swift')
    cd /Users/huangzhe/Documents/GitHub/OrangeLen/Packages/OrangeLen
    builtin-copy -exclude .DS_Store -exclude CVS -exclude .svn -exclude .git -exclude .hg -resolve-src-symlinks -rename /Users/huangzhe/Documents/GitHub/OrangeLen/build/DerivedData/Build/Intermediates.noindex/OrangeLen.build/Debug/OrangeLenCore.build/Objects-normal/arm64/OrangeLenCore.swiftsourceinfo /Users/huangzhe/Documents/GitHub/OrangeLen/build/DerivedData/Build/Products/Debug/OrangeLenCore.swiftmodule/Project/arm64-apple-macos.swiftsourceinfo

SwiftDriver OrangeLenUI normal arm64 com.apple.xcode.tools.swift.compiler (in target 'OrangeLenUI' from project 'OrangeLen' at path '/Users/huangzhe/Documents/GitHub/OrangeLen/Packages/OrangeLen/Package.swift')
    cd /Users/huangzhe/Documents/GitHub/OrangeLen/OrangeLen.xcodeproj
    builtin-SwiftDriver -- /Applications/Xcode.app/Contents/Developer/Toolchains/XcodeDefault.xctoolchain/usr/bin/swiftc -module-name OrangeLenUI -Onone @/Users/huangzhe/Documents/GitHub/OrangeLen/build/DerivedData/Build/Intermediates.noindex/OrangeLen.build/Debug/OrangeLenUI.build/Objects-normal/arm64/OrangeLenUI.SwiftFileList -DSWIFT_PACKAGE -DDEBUG -DSWIFT_MODULE_RESOURCE_BUNDLE_UNAVAILABLE -DXcode -plugin-path /Applications/Xcode.app/Contents/Developer/Toolchains/XcodeDefault.xctoolchain/usr/lib/swift/host/plugins/testing -enable-experimental-feature DebugDescriptionMacro -sdk /Applications/Xcode.app/Contents/Developer/Platforms/MacOSX.platform/Developer/SDKs/MacOSX26.5.sdk -target arm64-apple-macos14.0 -g -module-cache-path /Users/huangzhe/Documents/GitHub/OrangeLen/build/DerivedData/ModuleCache.noindex -Xfrontend -serialize-debugging-options -enable-testing -index-store-path /Users/huangzhe/Documents/GitHub/OrangeLen/build/DerivedData/Index.noindex/DataStore -Xcc -D_LIBCPP_HARDENING_MODE\=_LIBCPP_HARDENING_MODE_DEBUG -swift-version 5 -I /Users/huangzhe/Documents/GitHub/OrangeLen/build/DerivedData/Build/Products/Debug -Isystem /Applications/Xcode.app/Contents/Developer/Platforms/MacOSX.platform/Developer/usr/lib -F /Users/huangzhe/Documents/GitHub/OrangeLen/build/DerivedData/Build/Products/Debug/PackageFrameworks -F /Users/huangzhe/Documents/GitHub/OrangeLen/build/DerivedData/Build/Products/Debug -F /Applications/Xcode.app/Contents/Developer/Platforms/MacOSX.platform/Developer/Library/Frameworks -parse-as-library -c -j11 -enable-batch-mode -incremental -Xcc -ivfsstatcache -Xcc /Users/huangzhe/Documents/GitHub/OrangeLen/build/DerivedData/SDKStatCaches.noindex/macosx26.5-25F70-e082c4a02f00227109f4ed75e425c832.sdkstatcache -output-file-map /Users/huangzhe/Documents/GitHub/OrangeLen/build/DerivedData/Build/Intermediates.noindex/OrangeLen.build/Debug/OrangeLenUI.build/Objects-normal/arm64/OrangeLenUI-OutputFileMap.json -use-frontend-parseable-output -save-temps -no-color-diagnostics -explicit-module-build -module-cache-path /Users/huangzhe/Documents/GitHub/OrangeLen/build/DerivedData/Build/Intermediates.noindex/SwiftExplicitPrecompiledModules -clang-scanner-module-cache-path /Users/huangzhe/Documents/GitHub/OrangeLen/build/DerivedData/ModuleCache.noindex -sdk-module-cache-path /Users/huangzhe/Documents/GitHub/OrangeLen/build/DerivedData/ModuleCache.noindex -serialize-diagnostics -emit-dependencies -emit-module -emit-module-path /Users/huangzhe/Documents/GitHub/OrangeLen/build/DerivedData/Build/Intermediates.noindex/OrangeLen.build/Debug/OrangeLenUI.build/Objects-normal/arm64/OrangeLenUI.swiftmodule -validate-clang-modules-once -clang-build-session-file /Users/huangzhe/Documents/GitHub/OrangeLen/build/DerivedData/ModuleCache.noindex/Session.modulevalidation -package-name orangelen -Xcc -I/Users/huangzhe/Documents/GitHub/OrangeLen/build/DerivedData/Build/Intermediates.noindex/OrangeLen.build/Debug/OrangeLenUI.build/swift-overrides.hmap -emit-const-values -Xfrontend -const-gather-protocols-file -Xfrontend /Users/huangzhe/Documents/GitHub/OrangeLen/build/DerivedData/Build/Intermediates.noindex/OrangeLen.build/Debug/OrangeLenUI.build/Objects-normal/arm64/OrangeLenUI_const_extract_protocols.json -Xcc -I/Users/huangzhe/Documents/GitHub/OrangeLen/build/DerivedData/Build/Products/Debug/include -Xcc -I/Users/huangzhe/Documents/GitHub/OrangeLen/build/DerivedData/Build/Intermediates.noindex/OrangeLen.build/Debug/OrangeLenUI.build/DerivedSources-normal/arm64 -Xcc -I/Users/huangzhe/Documents/GitHub/OrangeLen/build/DerivedData/Build/Intermediates.noindex/OrangeLen.build/Debug/OrangeLenUI.build/DerivedSources/arm64 -Xcc -I/Users/huangzhe/Documents/GitHub/OrangeLen/build/DerivedData/Build/Intermediates.noindex/OrangeLen.build/Debug/OrangeLenUI.build/DerivedSources -Xcc -DSWIFT_PACKAGE -Xcc -DDEBUG\=1 -emit-objc-header -emit-objc-header-path /Users/huangzhe/Documents/GitHub/OrangeLen/build/DerivedData/Build/Intermediates.noindex/OrangeLen.build/Debug/OrangeLenUI.build/Objects-normal/arm64/OrangeLenUI-Swift.h -working-directory /Users/huangzhe/Documents/GitHub/OrangeLen/OrangeLen.xcodeproj -experimental-emit-module-separately -disable-cmo

SwiftExplicitDependencyGeneratePcm arm64 /Users/huangzhe/Documents/GitHub/OrangeLen/build/DerivedData/ModuleCache.noindex/DeveloperToolsSupport-BGKAU6PIGXWJSM6QBJ5KR7FW3.pcm

SwiftExplicitDependencyGeneratePcm arm64 /Users/huangzhe/Documents/GitHub/OrangeLen/build/DerivedData/ModuleCache.noindex/CUPS-9AGFSVL7M6Z154RTNS4AV7X3O.pcm

SwiftExplicitDependencyGeneratePcm arm64 /Users/huangzhe/Documents/GitHub/OrangeLen/build/DerivedData/ModuleCache.noindex/_Builtin_intrinsics-1RRT4N429C1EKL2VRGVU6SR6F.pcm

SwiftExplicitDependencyGeneratePcm arm64 /Users/huangzhe/Documents/GitHub/OrangeLen/build/DerivedData/ModuleCache.noindex/OpenGL-1CZ21FUSDE46W6TXMAGCXGXCF.pcm

SwiftExplicitDependencyGeneratePcm arm64 /Users/huangzhe/Documents/GitHub/OrangeLen/build/DerivedData/ModuleCache.noindex/CoreGraphics-BBRI0H458237F97XQA3WY6300.pcm

SwiftExplicitDependencyGeneratePcm arm64 /Users/huangzhe/Documents/GitHub/OrangeLen/build/DerivedData/ModuleCache.noindex/_Builtin_stdatomic-E2U6RC0EDXPKFN4KAC2Y06BO3.pcm

SwiftExplicitDependencyGeneratePcm arm64 /Users/huangzhe/Documents/GitHub/OrangeLen/build/DerivedData/ModuleCache.noindex/CoreTransferable-68S22DD3X1OAC0JCI2C1V591O.pcm

SwiftExplicitDependencyGeneratePcm arm64 /Users/huangzhe/Documents/GitHub/OrangeLen/build/DerivedData/ModuleCache.noindex/Symbols-769EZU8DWALIZBH1MIZ5Q9FVP.pcm

SwiftExplicitDependencyGeneratePcm arm64 /Users/huangzhe/Documents/GitHub/OrangeLen/build/DerivedData/ModuleCache.noindex/_Builtin_tgmath-AY1PXFGFR3RNT69BVYH7Z7TSE.pcm

SwiftExplicitDependencyGeneratePcm arm64 /Users/huangzhe/Documents/GitHub/OrangeLen/build/DerivedData/ModuleCache.noindex/ColorSync-1EY748U9D21S498SH91T8P0JC.pcm

SwiftExplicitDependencyGeneratePcm arm64 /Users/huangzhe/Documents/GitHub/OrangeLen/build/DerivedData/ModuleCache.noindex/DataDetection-DC14346EMGWIK9UFT6AVZRFFC.pcm

SwiftExplicitDependencyGeneratePcm arm64 /Users/huangzhe/Documents/GitHub/OrangeLen/build/DerivedData/ModuleCache.noindex/CoreData-CCBIRWLJHRCQKI35YWLDBGPD4.pcm

SwiftExplicitDependencyGeneratePcm arm64 /Users/huangzhe/Documents/GitHub/OrangeLen/build/DerivedData/ModuleCache.noindex/IOSurface-1LQ0PRPJSNNMPV9WMSSHCKDOL.pcm

SwiftExplicitDependencyGeneratePcm arm64 /Users/huangzhe/Documents/GitHub/OrangeLen/build/DerivedData/ModuleCache.noindex/UniformTypeIdentifiers-9LW8SFNAOQSOHWTF8DQZ0CBI.pcm

SwiftExplicitDependencyGeneratePcm arm64 /Users/huangzhe/Documents/GitHub/OrangeLen/build/DerivedData/ModuleCache.noindex/os-A6HLFSBFG2V3YXP40Q9YMNR3A.pcm

SwiftExplicitDependencyGeneratePcm arm64 /Users/huangzhe/Documents/GitHub/OrangeLen/build/DerivedData/ModuleCache.noindex/CoreText-9CVTYF08EAONBN57OH76TX6WZ.pcm

SwiftExplicitDependencyGeneratePcm arm64 /Users/huangzhe/Documents/GitHub/OrangeLen/build/DerivedData/ModuleCache.noindex/Accessibility-835DFUYTTW5DEPQTTXPBXBYM0.pcm

SwiftExplicitDependencyGeneratePcm arm64 /Users/huangzhe/Documents/GitHub/OrangeLen/build/DerivedData/ModuleCache.noindex/ImageIO-2UMZ6L5RM4MFMZBDLM5BBM014.pcm

SwiftExplicitDependencyGeneratePcm arm64 /Users/huangzhe/Documents/GitHub/OrangeLen/build/DerivedData/ModuleCache.noindex/OSLog-PXLCVYAAYRSR5R3UHJSW4OAJ.pcm

SwiftExplicitDependencyGeneratePcm arm64 /Users/huangzhe/Documents/GitHub/OrangeLen/build/DerivedData/ModuleCache.noindex/Metal-EWT37LRHNOR3TOQ9P0319THDJ.pcm

SwiftExplicitDependencyGeneratePcm arm64 /Users/huangzhe/Documents/GitHub/OrangeLen/build/DerivedData/ModuleCache.noindex/simd-1XDGQODUEGO5P3JPWH9O7FHYK.pcm

SwiftExplicitDependencyGeneratePcm arm64 /Users/huangzhe/Documents/GitHub/OrangeLen/build/DerivedData/ModuleCache.noindex/ApplicationServices-5DF8WNUNAT5ET3DRWDO9IRQIK.pcm

SwiftExplicitDependencyGeneratePcm arm64 /Users/huangzhe/Documents/GitHub/OrangeLen/build/DerivedData/ModuleCache.noindex/CoreVideo-9FJ5U4UPF0QXEETC1R972J1EO.pcm

SwiftExplicitDependencyGeneratePcm arm64 /Users/huangzhe/Documents/GitHub/OrangeLen/build/DerivedData/ModuleCache.noindex/QuartzCore-8DQN77IP12J94XBR8WC8ZCS6V.pcm

SwiftExplicitDependencyGeneratePcm arm64 /Users/huangzhe/Documents/GitHub/OrangeLen/build/DerivedData/ModuleCache.noindex/CoreImage-1XBAX9CJLFFTQO3W0TBU86GWW.pcm

SwiftExplicitDependencyGeneratePcm arm64 /Users/huangzhe/Documents/GitHub/OrangeLen/build/DerivedData/ModuleCache.noindex/Spatial-4F76NFIQPH0TZEXTL0NDFQ64A.pcm

SwiftExplicitDependencyGeneratePcm arm64 /Users/huangzhe/Documents/GitHub/OrangeLen/build/DerivedData/ModuleCache.noindex/SwiftUICore-A4Q6YIFRLBWIJT0882BCVCH0T.pcm

SwiftExplicitDependencyGeneratePcm arm64 /Users/huangzhe/Documents/GitHub/OrangeLen/build/DerivedData/ModuleCache.noindex/AppKit-1YV6P4JYV9URU0L7PEV1TXMO8.pcm

SwiftDriverJobDiscovery normal arm64 Compiling Limits.swift (in target 'OrangeLenCore' from project 'OrangeLen' at path '/Users/huangzhe/Documents/GitHub/OrangeLen/Packages/OrangeLen/Package.swift')

SwiftDriver\ Compilation OrangeLenCore normal arm64 com.apple.xcode.tools.swift.compiler (in target 'OrangeLenCore' from project 'OrangeLen' at path '/Users/huangzhe/Documents/GitHub/OrangeLen/Packages/OrangeLen/Package.swift')
    cd /Users/huangzhe/Documents/GitHub/OrangeLen/OrangeLen.xcodeproj
    builtin-Swift-Compilation -- /Applications/Xcode.app/Contents/Developer/Toolchains/XcodeDefault.xctoolchain/usr/bin/swiftc -module-name OrangeLenCore -Onone @/Users/huangzhe/Documents/GitHub/OrangeLen/build/DerivedData/Build/Intermediates.noindex/OrangeLen.build/Debug/OrangeLenCore.build/Objects-normal/arm64/OrangeLenCore.SwiftFileList -DSWIFT_PACKAGE -DDEBUG -DSWIFT_MODULE_RESOURCE_BUNDLE_UNAVAILABLE -DXcode -plugin-path /Applications/Xcode.app/Contents/Developer/Toolchains/XcodeDefault.xctoolchain/usr/lib/swift/host/plugins/testing -enable-experimental-feature DebugDescriptionMacro -sdk /Applications/Xcode.app/Contents/Developer/Platforms/MacOSX.platform/Developer/SDKs/MacOSX26.5.sdk -target arm64-apple-macos14.0 -g -module-cache-path /Users/huangzhe/Documents/GitHub/OrangeLen/build/DerivedData/ModuleCache.noindex -Xfrontend -serialize-debugging-options -enable-testing -index-store-path /Users/huangzhe/Documents/GitHub/OrangeLen/build/DerivedData/Index.noindex/DataStore -Xcc -D_LIBCPP_HARDENING_MODE\=_LIBCPP_HARDENING_MODE_DEBUG -swift-version 5 -I /Users/huangzhe/Documents/GitHub/OrangeLen/build/DerivedData/Build/Products/Debug -Isystem /Applications/Xcode.app/Contents/Developer/Platforms/MacOSX.platform/Developer/usr/lib -F /Users/huangzhe/Documents/GitHub/OrangeLen/build/DerivedData/Build/Products/Debug -F /Applications/Xcode.app/Contents/Developer/Platforms/MacOSX.platform/Developer/Library/Frameworks -parse-as-library -c -j11 -enable-batch-mode -incremental -Xcc -ivfsstatcache -Xcc /Users/huangzhe/Documents/GitHub/OrangeLen/build/DerivedData/SDKStatCaches.noindex/macosx26.5-25F70-e082c4a02f00227109f4ed75e425c832.sdkstatcache -output-file-map /Users/huangzhe/Documents/GitHub/OrangeLen/build/DerivedData/Build/Intermediates.noindex/OrangeLen.build/Debug/OrangeLenCore.build/Objects-normal/arm64/OrangeLenCore-OutputFileMap.json -use-frontend-parseable-output -save-temps -no-color-diagnostics -explicit-module-build -module-cache-path /Users/huangzhe/Documents/GitHub/OrangeLen/build/DerivedData/Build/Intermediates.noindex/SwiftExplicitPrecompiledModules -clang-scanner-module-cache-path /Users/huangzhe/Documents/GitHub/OrangeLen/build/DerivedData/ModuleCache.noindex -sdk-module-cache-path /Users/huangzhe/Documents/GitHub/OrangeLen/build/DerivedData/ModuleCache.noindex -serialize-diagnostics -emit-dependencies -emit-module -emit-module-path /Users/huangzhe/Documents/GitHub/OrangeLen/build/DerivedData/Build/Intermediates.noindex/OrangeLen.build/Debug/OrangeLenCore.build/Objects-normal/arm64/OrangeLenCore.swiftmodule -validate-clang-modules-once -clang-build-session-file /Users/huangzhe/Documents/GitHub/OrangeLen/build/DerivedData/ModuleCache.noindex/Session.modulevalidation -package-name orangelen -Xcc -I/Users/huangzhe/Documents/GitHub/OrangeLen/build/DerivedData/Build/Intermediates.noindex/OrangeLen.build/Debug/OrangeLenCore.build/swift-overrides.hmap -emit-const-values -Xfrontend -const-gather-protocols-file -Xfrontend /Users/huangzhe/Documents/GitHub/OrangeLen/build/DerivedData/Build/Intermediates.noindex/OrangeLen.build/Debug/OrangeLenCore.build/Objects-normal/arm64/OrangeLenCore_const_extract_protocols.json -Xcc -I/Users/huangzhe/Documents/GitHub/OrangeLen/build/DerivedData/Build/Products/Debug/include -Xcc -I/Users/huangzhe/Documents/GitHub/OrangeLen/build/DerivedData/Build/Intermediates.noindex/OrangeLen.build/Debug/OrangeLenCore.build/DerivedSources-normal/arm64 -Xcc -I/Users/huangzhe/Documents/GitHub/OrangeLen/build/DerivedData/Build/Intermediates.noindex/OrangeLen.build/Debug/OrangeLenCore.build/DerivedSources/arm64 -Xcc -I/Users/huangzhe/Documents/GitHub/OrangeLen/build/DerivedData/Build/Intermediates.noindex/OrangeLen.build/Debug/OrangeLenCore.build/DerivedSources -Xcc -DSWIFT_PACKAGE -Xcc -DDEBUG\=1 -emit-objc-header -emit-objc-header-path /Users/huangzhe/Documents/GitHub/OrangeLen/build/DerivedData/Build/Intermediates.noindex/OrangeLen.build/Debug/OrangeLenCore.build/Objects-normal/arm64/OrangeLenCore-Swift.h -working-directory /Users/huangzhe/Documents/GitHub/OrangeLen/OrangeLen.xcodeproj -experimental-emit-module-separately -disable-cmo

Ld /Users/huangzhe/Documents/GitHub/OrangeLen/build/DerivedData/Build/Products/Debug/OrangeLenCore.o normal (in target 'OrangeLenCore' from project 'OrangeLen' at path '/Users/huangzhe/Documents/GitHub/OrangeLen/Packages/OrangeLen/Package.swift')
    cd /Users/huangzhe/Documents/GitHub/OrangeLen/Packages/OrangeLen
    /Applications/Xcode.app/Contents/Developer/Toolchains/XcodeDefault.xctoolchain/usr/bin/clang -Xlinker -reproducible -target arm64-apple-macos14.0 -r -isysroot /Applications/Xcode.app/Contents/Developer/Platforms/MacOSX.platform/Developer/SDKs/MacOSX26.5.sdk -O0 -F/Users/huangzhe/Documents/GitHub/OrangeLen/build/DerivedData/Build/Intermediates.noindex/EagerLinkingTBDs/Debug -F/Users/huangzhe/Documents/GitHub/OrangeLen/build/DerivedData/Build/Products/Debug -iframework /Applications/Xcode.app/Contents/Developer/Platforms/MacOSX.platform/Developer/Library/Frameworks -filelist /Users/huangzhe/Documents/GitHub/OrangeLen/build/DerivedData/Build/Intermediates.noindex/OrangeLen.build/Debug/OrangeLenCore.build/Objects-normal/arm64/OrangeLenCore.LinkFileList -nostdlib -Xlinker -object_path_lto -Xlinker /Users/huangzhe/Documents/GitHub/OrangeLen/build/DerivedData/Build/Intermediates.noindex/OrangeLen.build/Debug/OrangeLenCore.build/Objects-normal/arm64/OrangeLenCore_lto.o -Xlinker -no_deduplicate -Xlinker -dependency_info -Xlinker /Users/huangzhe/Documents/GitHub/OrangeLen/build/DerivedData/Build/Intermediates.noindex/OrangeLen.build/Debug/OrangeLenCore.build/Objects-normal/arm64/OrangeLenCore_dependency_info.dat -fobjc-link-runtime -L/Applications/Xcode.app/Contents/Developer/Toolchains/XcodeDefault.xctoolchain/usr/lib/swift/macosx -L/usr/lib/swift -Xlinker -add_ast_path -Xlinker /Users/huangzhe/Documents/GitHub/OrangeLen/build/DerivedData/Build/Intermediates.noindex/OrangeLen.build/Debug/OrangeLenCore.build/Objects-normal/arm64/OrangeLenCore.swiftmodule @/Users/huangzhe/Documents/GitHub/OrangeLen/build/DerivedData/Build/Intermediates.noindex/OrangeLen.build/Debug/OrangeLenCore.build/Objects-normal/arm64/OrangeLenCore-linker-args.resp -o /Users/huangzhe/Documents/GitHub/OrangeLen/build/DerivedData/Build/Products/Debug/OrangeLenCore.o

ExtractAppIntentsMetadata (in target 'OrangeLenCore' from project 'OrangeLen' at path '/Users/huangzhe/Documents/GitHub/OrangeLen/Packages/OrangeLen/Package.swift')
    cd /Users/huangzhe/Documents/GitHub/OrangeLen/Packages/OrangeLen
    /Applications/Xcode.app/Contents/Developer/Toolchains/XcodeDefault.xctoolchain/usr/bin/appintentsmetadataprocessor --toolchain-dir /Applications/Xcode.app/Contents/Developer/Toolchains/XcodeDefault.xctoolchain --module-name OrangeLenCore --sdk-root /Applications/Xcode.app/Contents/Developer/Platforms/MacOSX.platform/Developer/SDKs/MacOSX26.5.sdk --xcode-version 17F42 --platform-family macOS --deployment-target 14.0 --bundle-identifier orangelen.OrangeLenCore --output /Users/huangzhe/Documents/GitHub/OrangeLen/build/DerivedData/Build/Products/Debug/OrangeLenCore.appintents --target-triple arm64-apple-macos14.0 --binary-file /Users/huangzhe/Documents/GitHub/OrangeLen/build/DerivedData/Build/Products/Debug/OrangeLenCore.o --dependency-file /Users/huangzhe/Documents/GitHub/OrangeLen/build/DerivedData/Build/Intermediates.noindex/OrangeLen.build/Debug/OrangeLenCore.build/Objects-normal/arm64/OrangeLenCore_dependency_info.dat --stringsdata-file /Users/huangzhe/Documents/GitHub/OrangeLen/build/DerivedData/Build/Intermediates.noindex/OrangeLen.build/Debug/OrangeLenCore.build/Objects-normal/arm64/ExtractedAppShortcutsMetadata.stringsdata --source-file-list /Users/huangzhe/Documents/GitHub/OrangeLen/build/DerivedData/Build/Intermediates.noindex/OrangeLen.build/Debug/OrangeLenCore.build/Objects-normal/arm64/OrangeLenCore.SwiftFileList --metadata-file-list /Users/huangzhe/Documents/GitHub/OrangeLen/build/DerivedData/Build/Intermediates.noindex/OrangeLen.build/Debug/OrangeLenCore.build/OrangeLenCore.DependencyMetadataFileList --static-metadata-file-list /Users/huangzhe/Documents/GitHub/OrangeLen/build/DerivedData/Build/Intermediates.noindex/OrangeLen.build/Debug/OrangeLenCore.build/OrangeLenCore.DependencyStaticMetadataFileList --swift-const-vals-list /Users/huangzhe/Documents/GitHub/OrangeLen/build/DerivedData/Build/Intermediates.noindex/OrangeLen.build/Debug/OrangeLenCore.build/Objects-normal/arm64/OrangeLenCore.SwiftConstValuesFileList --force --compile-time-extraction --deployment-aware-processing --validate-assistant-intents --no-app-shortcuts-localization
2026-10-03 11:47:15.008 appintentsmetadataprocessor[71307:12504912] Starting appintentsmetadataprocessor export
2026-10-03 11:47:15.034 appintentsmetadataprocessor[71307:12504912] Extracted no relevant App Intents symbols, skipping writing output

RegisterExecutionPolicyException /Users/huangzhe/Documents/GitHub/OrangeLen/build/DerivedData/Build/Products/Debug/OrangeLenCore.o (in target 'OrangeLenCore' from project 'OrangeLen' at path '/Users/huangzhe/Documents/GitHub/OrangeLen/Packages/OrangeLen/Package.swift')
    cd /Users/huangzhe/Documents/GitHub/OrangeLen/Packages/OrangeLen
    builtin-RegisterExecutionPolicyException /Users/huangzhe/Documents/GitHub/OrangeLen/build/DerivedData/Build/Products/Debug/OrangeLenCore.o

SwiftCompile normal arm64 Compiling\ ReaderController.swift /Users/huangzhe/Documents/GitHub/OrangeLen/Packages/OrangeLen/Sources/OrangeLenUI/ReaderController.swift (in target 'OrangeLenUI' from project 'OrangeLen' at path '/Users/huangzhe/Documents/GitHub/OrangeLen/Packages/OrangeLen/Package.swift')

SwiftCompile normal arm64 /Users/huangzhe/Documents/GitHub/OrangeLen/Packages/OrangeLen/Sources/OrangeLenUI/ReaderController.swift (in target 'OrangeLenUI' from project 'OrangeLen' at path '/Users/huangzhe/Documents/GitHub/OrangeLen/Packages/OrangeLen/Package.swift')
    cd /Users/huangzhe/Documents/GitHub/OrangeLen/OrangeLen.xcodeproj
    

SwiftEmitModule normal arm64 Emitting\ module\ for\ OrangeLenUI (in target 'OrangeLenUI' from project 'OrangeLen' at path '/Users/huangzhe/Documents/GitHub/OrangeLen/Packages/OrangeLen/Package.swift')

SwiftCompile normal arm64 /Users/huangzhe/Documents/GitHub/OrangeLen/Packages/OrangeLen/Sources/OrangeLenUI/ReaderController.swift (in target 'OrangeLenUI' from project 'OrangeLen' at path '/Users/huangzhe/Documents/GitHub/OrangeLen/Packages/OrangeLen/Package.swift')
    cd /Users/huangzhe/Documents/GitHub/OrangeLen/OrangeLen.xcodeproj
    

SwiftDriverJobDiscovery normal arm64 Emitting module for OrangeLenUI (in target 'OrangeLenUI' from project 'OrangeLen' at path '/Users/huangzhe/Documents/GitHub/OrangeLen/Packages/OrangeLen/Package.swift')

SwiftDriver\ Compilation\ Requirements OrangeLenUI normal arm64 com.apple.xcode.tools.swift.compiler (in target 'OrangeLenUI' from project 'OrangeLen' at path '/Users/huangzhe/Documents/GitHub/OrangeLen/Packages/OrangeLen/Package.swift')
    cd /Users/huangzhe/Documents/GitHub/OrangeLen/OrangeLen.xcodeproj
    builtin-Swift-Compilation-Requirements -- /Applications/Xcode.app/Contents/Developer/Toolchains/XcodeDefault.xctoolchain/usr/bin/swiftc -module-name OrangeLenUI -Onone @/Users/huangzhe/Documents/GitHub/OrangeLen/build/DerivedData/Build/Intermediates.noindex/OrangeLen.build/Debug/OrangeLenUI.build/Objects-normal/arm64/OrangeLenUI.SwiftFileList -DSWIFT_PACKAGE -DDEBUG -DSWIFT_MODULE_RESOURCE_BUNDLE_UNAVAILABLE -DXcode -plugin-path /Applications/Xcode.app/Contents/Developer/Toolchains/XcodeDefault.xctoolchain/usr/lib/swift/host/plugins/testing -enable-experimental-feature DebugDescriptionMacro -sdk /Applications/Xcode.app/Contents/Developer/Platforms/MacOSX.platform/Developer/SDKs/MacOSX26.5.sdk -target arm64-apple-macos14.0 -g -module-cache-path /Users/huangzhe/Documents/GitHub/OrangeLen/build/DerivedData/ModuleCache.noindex -Xfrontend -serialize-debugging-options -enable-testing -index-store-path /Users/huangzhe/Documents/GitHub/OrangeLen/build/DerivedData/Index.noindex/DataStore -Xcc -D_LIBCPP_HARDENING_MODE\=_LIBCPP_HARDENING_MODE_DEBUG -swift-version 5 -I /Users/huangzhe/Documents/GitHub/OrangeLen/build/DerivedData/Build/Products/Debug -Isystem /Applications/Xcode.app/Contents/Developer/Platforms/MacOSX.platform/Developer/usr/lib -F /Users/huangzhe/Documents/GitHub/OrangeLen/build/DerivedData/Build/Products/Debug/PackageFrameworks -F /Users/huangzhe/Documents/GitHub/OrangeLen/build/DerivedData/Build/Products/Debug -F /Applications/Xcode.app/Contents/Developer/Platforms/MacOSX.platform/Developer/Library/Frameworks -parse-as-library -c -j11 -enable-batch-mode -incremental -Xcc -ivfsstatcache -Xcc /Users/huangzhe/Documents/GitHub/OrangeLen/build/DerivedData/SDKStatCaches.noindex/macosx26.5-25F70-e082c4a02f00227109f4ed75e425c832.sdkstatcache -output-file-map /Users/huangzhe/Documents/GitHub/OrangeLen/build/DerivedData/Build/Intermediates.noindex/OrangeLen.build/Debug/OrangeLenUI.build/Objects-normal/arm64/OrangeLenUI-OutputFileMap.json -use-frontend-parseable-output -save-temps -no-color-diagnostics -explicit-module-build -module-cache-path /Users/huangzhe/Documents/GitHub/OrangeLen/build/DerivedData/Build/Intermediates.noindex/SwiftExplicitPrecompiledModules -clang-scanner-module-cache-path /Users/huangzhe/Documents/GitHub/OrangeLen/build/DerivedData/ModuleCache.noindex -sdk-module-cache-path /Users/huangzhe/Documents/GitHub/OrangeLen/build/DerivedData/ModuleCache.noindex -serialize-diagnostics -emit-dependencies -emit-module -emit-module-path /Users/huangzhe/Documents/GitHub/OrangeLen/build/DerivedData/Build/Intermediates.noindex/OrangeLen.build/Debug/OrangeLenUI.build/Objects-normal/arm64/OrangeLenUI.swiftmodule -validate-clang-modules-once -clang-build-session-file /Users/huangzhe/Documents/GitHub/OrangeLen/build/DerivedData/ModuleCache.noindex/Session.modulevalidation -package-name orangelen -Xcc -I/Users/huangzhe/Documents/GitHub/OrangeLen/build/DerivedData/Build/Intermediates.noindex/OrangeLen.build/Debug/OrangeLenUI.build/swift-overrides.hmap -emit-const-values -Xfrontend -const-gather-protocols-file -Xfrontend /Users/huangzhe/Documents/GitHub/OrangeLen/build/DerivedData/Build/Intermediates.noindex/OrangeLen.build/Debug/OrangeLenUI.build/Objects-normal/arm64/OrangeLenUI_const_extract_protocols.json -Xcc -I/Users/huangzhe/Documents/GitHub/OrangeLen/build/DerivedData/Build/Products/Debug/include -Xcc -I/Users/huangzhe/Documents/GitHub/OrangeLen/build/DerivedData/Build/Intermediates.noindex/OrangeLen.build/Debug/OrangeLenUI.build/DerivedSources-normal/arm64 -Xcc -I/Users/huangzhe/Documents/GitHub/OrangeLen/build/DerivedData/Build/Intermediates.noindex/OrangeLen.build/Debug/OrangeLenUI.build/DerivedSources/arm64 -Xcc -I/Users/huangzhe/Documents/GitHub/OrangeLen/build/DerivedData/Build/Intermediates.noindex/OrangeLen.build/Debug/OrangeLenUI.build/DerivedSources -Xcc -DSWIFT_PACKAGE -Xcc -DDEBUG\=1 -emit-objc-header -emit-objc-header-path /Users/huangzhe/Documents/GitHub/OrangeLen/build/DerivedData/Build/Intermediates.noindex/OrangeLen.build/Debug/OrangeLenUI.build/Objects-normal/arm64/OrangeLenUI-Swift.h -working-directory /Users/huangzhe/Documents/GitHub/OrangeLen/OrangeLen.xcodeproj -experimental-emit-module-separately -disable-cmo

SwiftMergeGeneratedHeaders /Users/huangzhe/Documents/GitHub/OrangeLen/build/DerivedData/Build/Intermediates.noindex/GeneratedModuleMaps/OrangeLenUI-Swift.h /Users/huangzhe/Documents/GitHub/OrangeLen/build/DerivedData/Build/Intermediates.noindex/OrangeLen.build/Debug/OrangeLenUI.build/Objects-normal/arm64/OrangeLenUI-Swift.h (in target 'OrangeLenUI' from project 'OrangeLen' at path '/Users/huangzhe/Documents/GitHub/OrangeLen/Packages/OrangeLen/Package.swift')
    cd /Users/huangzhe/Documents/GitHub/OrangeLen/Packages/OrangeLen
    builtin-swiftHeaderTool -arch arm64 /Users/huangzhe/Documents/GitHub/OrangeLen/build/DerivedData/Build/Intermediates.noindex/OrangeLen.build/Debug/OrangeLenUI.build/Objects-normal/arm64/OrangeLenUI-Swift.h -o /Users/huangzhe/Documents/GitHub/OrangeLen/build/DerivedData/Build/Intermediates.noindex/GeneratedModuleMaps/OrangeLenUI-Swift.h

Copy /Users/huangzhe/Documents/GitHub/OrangeLen/build/DerivedData/Build/Products/Debug/OrangeLenUI.swiftmodule/arm64-apple-macos.swiftdoc /Users/huangzhe/Documents/GitHub/OrangeLen/build/DerivedData/Build/Intermediates.noindex/OrangeLen.build/Debug/OrangeLenUI.build/Objects-normal/arm64/OrangeLenUI.swiftdoc (in target 'OrangeLenUI' from project 'OrangeLen' at path '/Users/huangzhe/Documents/GitHub/OrangeLen/Packages/OrangeLen/Package.swift')
    cd /Users/huangzhe/Documents/GitHub/OrangeLen/Packages/OrangeLen
    builtin-copy -exclude .DS_Store -exclude CVS -exclude .svn -exclude .git -exclude .hg -resolve-src-symlinks -rename /Users/huangzhe/Documents/GitHub/OrangeLen/build/DerivedData/Build/Intermediates.noindex/OrangeLen.build/Debug/OrangeLenUI.build/Objects-normal/arm64/OrangeLenUI.swiftdoc /Users/huangzhe/Documents/GitHub/OrangeLen/build/DerivedData/Build/Products/Debug/OrangeLenUI.swiftmodule/arm64-apple-macos.swiftdoc

Copy /Users/huangzhe/Documents/GitHub/OrangeLen/build/DerivedData/Build/Products/Debug/OrangeLenUI.swiftmodule/arm64-apple-macos.abi.json /Users/huangzhe/Documents/GitHub/OrangeLen/build/DerivedData/Build/Intermediates.noindex/OrangeLen.build/Debug/OrangeLenUI.build/Objects-normal/arm64/OrangeLenUI.abi.json (in target 'OrangeLenUI' from project 'OrangeLen' at path '/Users/huangzhe/Documents/GitHub/OrangeLen/Packages/OrangeLen/Package.swift')
    cd /Users/huangzhe/Documents/GitHub/OrangeLen/Packages/OrangeLen
    builtin-copy -exclude .DS_Store -exclude CVS -exclude .svn -exclude .git -exclude .hg -resolve-src-symlinks -rename /Users/huangzhe/Documents/GitHub/OrangeLen/build/DerivedData/Build/Intermediates.noindex/OrangeLen.build/Debug/OrangeLenUI.build/Objects-normal/arm64/OrangeLenUI.abi.json /Users/huangzhe/Documents/GitHub/OrangeLen/build/DerivedData/Build/Products/Debug/OrangeLenUI.swiftmodule/arm64-apple-macos.abi.json

Copy /Users/huangzhe/Documents/GitHub/OrangeLen/build/DerivedData/Build/Products/Debug/OrangeLenUI.swiftmodule/arm64-apple-macos.swiftmodule /Users/huangzhe/Documents/GitHub/OrangeLen/build/DerivedData/Build/Intermediates.noindex/OrangeLen.build/Debug/OrangeLenUI.build/Objects-normal/arm64/OrangeLenUI.swiftmodule (in target 'OrangeLenUI' from project 'OrangeLen' at path '/Users/huangzhe/Documents/GitHub/OrangeLen/Packages/OrangeLen/Package.swift')
    cd /Users/huangzhe/Documents/GitHub/OrangeLen/Packages/OrangeLen
    builtin-copy -exclude .DS_Store -exclude CVS -exclude .svn -exclude .git -exclude .hg -resolve-src-symlinks -rename /Users/huangzhe/Documents/GitHub/OrangeLen/build/DerivedData/Build/Intermediates.noindex/OrangeLen.build/Debug/OrangeLenUI.build/Objects-normal/arm64/OrangeLenUI.swiftmodule /Users/huangzhe/Documents/GitHub/OrangeLen/build/DerivedData/Build/Products/Debug/OrangeLenUI.swiftmodule/arm64-apple-macos.swiftmodule

Copy /Users/huangzhe/Documents/GitHub/OrangeLen/build/DerivedData/Build/Products/Debug/OrangeLenUI.swiftmodule/Project/arm64-apple-macos.swiftsourceinfo /Users/huangzhe/Documents/GitHub/OrangeLen/build/DerivedData/Build/Intermediates.noindex/OrangeLen.build/Debug/OrangeLenUI.build/Objects-normal/arm64/OrangeLenUI.swiftsourceinfo (in target 'OrangeLenUI' from project 'OrangeLen' at path '/Users/huangzhe/Documents/GitHub/OrangeLen/Packages/OrangeLen/Package.swift')
    cd /Users/huangzhe/Documents/GitHub/OrangeLen/Packages/OrangeLen
    builtin-copy -exclude .DS_Store -exclude CVS -exclude .svn -exclude .git -exclude .hg -resolve-src-symlinks -rename /Users/huangzhe/Documents/GitHub/OrangeLen/build/DerivedData/Build/Intermediates.noindex/OrangeLen.build/Debug/OrangeLenUI.build/Objects-normal/arm64/OrangeLenUI.swiftsourceinfo /Users/huangzhe/Documents/GitHub/OrangeLen/build/DerivedData/Build/Products/Debug/OrangeLenUI.swiftmodule/Project/arm64-apple-macos.swiftsourceinfo

ProcessProductPackaging /Users/huangzhe/Documents/GitHub/OrangeLen/PreviewExtension/OrangeLenPreview.entitlements /Users/huangzhe/Documents/GitHub/OrangeLen/build/DerivedData/Build/Intermediates.noindex/OrangeLen.build/Debug/OrangeLenPreview.build/OrangeLenPreview.appex.xcent (in target 'OrangeLenPreview' from project 'OrangeLen' at path '/Users/huangzhe/Documents/GitHub/OrangeLen/OrangeLen.xcodeproj')
    cd /Users/huangzhe/Documents/GitHub/OrangeLen
    
    Entitlements:
    
    {
    "com.apple.security.app-sandbox" = 1;
    "com.apple.security.files.user-selected.read-only" = 1;
    "com.apple.security.get-task-allow" = 1;
}
    
    builtin-productPackagingUtility /Users/huangzhe/Documents/GitHub/OrangeLen/PreviewExtension/OrangeLenPreview.entitlements -entitlements -format xml -o /Users/huangzhe/Documents/GitHub/OrangeLen/build/DerivedData/Build/Intermediates.noindex/OrangeLen.build/Debug/OrangeLenPreview.build/OrangeLenPreview.appex.xcent

ProcessProductPackagingDER /Users/huangzhe/Documents/GitHub/OrangeLen/build/DerivedData/Build/Intermediates.noindex/OrangeLen.build/Debug/OrangeLenPreview.build/OrangeLenPreview.appex.xcent /Users/huangzhe/Documents/GitHub/OrangeLen/build/DerivedData/Build/Intermediates.noindex/OrangeLen.build/Debug/OrangeLenPreview.build/OrangeLenPreview.appex.xcent.der (in target 'OrangeLenPreview' from project 'OrangeLen' at path '/Users/huangzhe/Documents/GitHub/OrangeLen/OrangeLen.xcodeproj')
    cd /Users/huangzhe/Documents/GitHub/OrangeLen
    /usr/bin/derq query -f xml -i /Users/huangzhe/Documents/GitHub/OrangeLen/build/DerivedData/Build/Intermediates.noindex/OrangeLen.build/Debug/OrangeLenPreview.build/OrangeLenPreview.appex.xcent -o /Users/huangzhe/Documents/GitHub/OrangeLen/build/DerivedData/Build/Intermediates.noindex/OrangeLen.build/Debug/OrangeLenPreview.build/OrangeLenPreview.appex.xcent.der --raw

SwiftDriver OrangeLenPreview normal arm64 com.apple.xcode.tools.swift.compiler (in target 'OrangeLenPreview' from project 'OrangeLen' at path '/Users/huangzhe/Documents/GitHub/OrangeLen/OrangeLen.xcodeproj')
    cd /Users/huangzhe/Documents/GitHub/OrangeLen
    builtin-SwiftDriver -- /Applications/Xcode.app/Contents/Developer/Toolchains/XcodeDefault.xctoolchain/usr/bin/swiftc -module-name OrangeLenPreview -Onone @/Users/huangzhe/Documents/GitHub/OrangeLen/build/DerivedData/Build/Intermediates.noindex/OrangeLen.build/Debug/OrangeLenPreview.build/Objects-normal/arm64/OrangeLenPreview.SwiftFileList -DDEBUG -enable-bare-slash-regex -enable-experimental-feature DebugDescriptionMacro -sdk /Applications/Xcode.app/Contents/Developer/Platforms/MacOSX.platform/Developer/SDKs/MacOSX26.5.sdk -target arm64-apple-macos14.0 -g -module-cache-path /Users/huangzhe/Documents/GitHub/OrangeLen/build/DerivedData/ModuleCache.noindex -Xfrontend -serialize-debugging-options -application-extension -enable-testing -index-store-path /Users/huangzhe/Documents/GitHub/OrangeLen/build/DerivedData/Index.noindex/DataStore -Xcc -D_LIBCPP_HARDENING_MODE\=_LIBCPP_HARDENING_MODE_DEBUG -swift-version 5 -I /Users/huangzhe/Documents/GitHub/OrangeLen/build/DerivedData/Build/Products/Debug -F /Users/huangzhe/Documents/GitHub/OrangeLen/build/DerivedData/Build/Products/Debug/PackageFrameworks -F /Users/huangzhe/Documents/GitHub/OrangeLen/build/DerivedData/Build/Products/Debug/PackageFrameworks -F /Users/huangzhe/Documents/GitHub/OrangeLen/build/DerivedData/Build/Products/Debug -parse-as-library -c -j11 -enable-batch-mode -incremental -Xcc -ivfsstatcache -Xcc /Users/huangzhe/Documents/GitHub/OrangeLen/build/DerivedData/SDKStatCaches.noindex/macosx26.5-25F70-e082c4a02f00227109f4ed75e425c832.sdkstatcache -output-file-map /Users/huangzhe/Documents/GitHub/OrangeLen/build/DerivedData/Build/Intermediates.noindex/OrangeLen.build/Debug/OrangeLenPreview.build/Objects-normal/arm64/OrangeLenPreview-OutputFileMap.json -use-frontend-parseable-output -save-temps -no-color-diagnostics -explicit-module-build -module-cache-path /Users/huangzhe/Documents/GitHub/OrangeLen/build/DerivedData/Build/Intermediates.noindex/SwiftExplicitPrecompiledModules -clang-scanner-module-cache-path /Users/huangzhe/Documents/GitHub/OrangeLen/build/DerivedData/ModuleCache.noindex -sdk-module-cache-path /Users/huangzhe/Documents/GitHub/OrangeLen/build/DerivedData/ModuleCache.noindex -serialize-diagnostics -emit-dependencies -emit-module -emit-module-path /Users/huangzhe/Documents/GitHub/OrangeLen/build/DerivedData/Build/Intermediates.noindex/OrangeLen.build/Debug/OrangeLenPreview.build/Objects-normal/arm64/OrangeLenPreview.swiftmodule -validate-clang-modules-once -clang-build-session-file /Users/huangzhe/Documents/GitHub/OrangeLen/build/DerivedData/ModuleCache.noindex/Session.modulevalidation -Xcc -I/Users/huangzhe/Documents/GitHub/OrangeLen/build/DerivedData/Build/Intermediates.noindex/OrangeLen.build/Debug/OrangeLenPreview.build/swift-overrides.hmap -emit-const-values -Xfrontend -const-gather-protocols-file -Xfrontend /Users/huangzhe/Documents/GitHub/OrangeLen/build/DerivedData/Build/Intermediates.noindex/OrangeLen.build/Debug/OrangeLenPreview.build/Objects-normal/arm64/OrangeLenPreview_const_extract_protocols.json -Xcc -iquote -Xcc /Users/huangzhe/Documents/GitHub/OrangeLen/build/DerivedData/Build/Intermediates.noindex/OrangeLen.build/Debug/OrangeLenPreview.build/OrangeLenPreview-generated-files.hmap -Xcc -I/Users/huangzhe/Documents/GitHub/OrangeLen/build/DerivedData/Build/Intermediates.noindex/OrangeLen.build/Debug/OrangeLenPreview.build/OrangeLenPreview-own-target-headers.hmap -Xcc -I/Users/huangzhe/Documents/GitHub/OrangeLen/build/DerivedData/Build/Intermediates.noindex/OrangeLen.build/Debug/OrangeLenPreview.build/OrangeLenPreview-all-non-framework-target-headers.hmap -Xcc -ivfsoverlay -Xcc /Users/huangzhe/Documents/GitHub/OrangeLen/build/DerivedData/Build/Intermediates.noindex/OrangeLen.build/Debug/OrangeLen-858e2ff2c7d6a1eb168211f71310dee6-VFS/all-product-headers.yaml -Xcc -iquote -Xcc /Users/huangzhe/Documents/GitHub/OrangeLen/build/DerivedData/Build/Intermediates.noindex/OrangeLen.build/Debug/OrangeLenPreview.build/OrangeLenPreview-project-headers.hmap -Xcc -I/Users/huangzhe/Documents/GitHub/OrangeLen/build/DerivedData/Build/Products/Debug/include -Xcc -I/Users/huangzhe/Documents/GitHub/OrangeLen/build/DerivedData/Build/Intermediates.noindex/OrangeLen.build/Debug/OrangeLenPreview.build/DerivedSources-normal/arm64 -Xcc -I/Users/huangzhe/Documents/GitHub/OrangeLen/build/DerivedData/Build/Intermediates.noindex/OrangeLen.build/Debug/OrangeLenPreview.build/DerivedSources/arm64 -Xcc -I/Users/huangzhe/Documents/GitHub/OrangeLen/build/DerivedData/Build/Intermediates.noindex/OrangeLen.build/Debug/OrangeLenPreview.build/DerivedSources -Xcc -DDEBUG\=1 -emit-objc-header -emit-objc-header-path /Users/huangzhe/Documents/GitHub/OrangeLen/build/DerivedData/Build/Intermediates.noindex/OrangeLen.build/Debug/OrangeLenPreview.build/Objects-normal/arm64/OrangeLenPreview-Swift.h -working-directory /Users/huangzhe/Documents/GitHub/OrangeLen -experimental-emit-module-separately -disable-cmo

SwiftExplicitDependencyGeneratePcm arm64 /Users/huangzhe/Documents/GitHub/OrangeLen/build/DerivedData/ModuleCache.noindex/ptrcheck-DQ05ZAZA0R01DIBJ2EGA7PYX0.pcm

SwiftExplicitDependencyGeneratePcm arm64 /Users/huangzhe/Documents/GitHub/OrangeLen/build/DerivedData/ModuleCache.noindex/DeveloperToolsSupport-7ZMOSCXIPQGOEJ2W4HDF7QQ8V.pcm

SwiftExplicitDependencyGeneratePcm arm64 /Users/huangzhe/Documents/GitHub/OrangeLen/build/DerivedData/ModuleCache.noindex/_SwiftConcurrencyShims-D5O0T9XSWE9JBUPSGCJRS6REV.pcm

SwiftExplicitDependencyGeneratePcm arm64 /Users/huangzhe/Documents/GitHub/OrangeLen/build/DerivedData/ModuleCache.noindex/_Builtin_stdarg-331DFUOSYXW2G1BV6KB9P5LDY.pcm

SwiftExplicitDependencyGeneratePcm arm64 /Users/huangzhe/Documents/GitHub/OrangeLen/build/DerivedData/ModuleCache.noindex/SwiftShims-PV1EGC3Z4ZIQP6L91ML789GS.pcm

SwiftExplicitDependencyGeneratePcm arm64 /Users/huangzhe/Documents/GitHub/OrangeLen/build/DerivedData/ModuleCache.noindex/_AvailabilityInternal-8BIYHMDT2GWLE17IXL4RVN5AC.pcm

SwiftExplicitDependencyGeneratePcm arm64 /Users/huangzhe/Documents/GitHub/OrangeLen/build/DerivedData/ModuleCache.noindex/_Builtin_stdbool-CNVQTNPU5ZK84IHCQSM8KSAJ8.pcm

SwiftExplicitDependencyGeneratePcm arm64 /Users/huangzhe/Documents/GitHub/OrangeLen/build/DerivedData/ModuleCache.noindex/_Builtin_stddef-3E55KKAIAORXWURBM1TIA37Z1.pcm

SwiftExplicitDependencyGeneratePcm arm64 /Users/huangzhe/Documents/GitHub/OrangeLen/build/DerivedData/ModuleCache.noindex/_Builtin_float-7CNTA9ICFUOHXWZ9Z8TYDP9SF.pcm

SwiftExplicitDependencyGeneratePcm arm64 /Users/huangzhe/Documents/GitHub/OrangeLen/build/DerivedData/ModuleCache.noindex/ptrauth-5K1YETBC9AN8RBDFSJF1ZLGYQ.pcm

SwiftExplicitDependencyGeneratePcm arm64 /Users/huangzhe/Documents/GitHub/OrangeLen/build/DerivedData/ModuleCache.noindex/_DarwinFoundation1-DIBG0RKNAVGWACYQIM8IFYFMB.pcm

SwiftExplicitDependencyGeneratePcm arm64 /Users/huangzhe/Documents/GitHub/OrangeLen/build/DerivedData/ModuleCache.noindex/_Builtin_limits-DAUOIQUV2LC8PXHCT3FVMKWYS.pcm

SwiftExplicitDependencyGeneratePcm arm64 /Users/huangzhe/Documents/GitHub/OrangeLen/build/DerivedData/ModuleCache.noindex/_DarwinFoundation2-98YG0HUNSFD2AR8T461T6IBP1.pcm

SwiftExplicitDependencyGeneratePcm arm64 /Users/huangzhe/Documents/GitHub/OrangeLen/build/DerivedData/ModuleCache.noindex/_Builtin_stdint-8VZM2MURI4XODQJR1VCMPY9AX.pcm

SwiftExplicitDependencyGeneratePcm arm64 /Users/huangzhe/Documents/GitHub/OrangeLen/build/DerivedData/ModuleCache.noindex/_Builtin_tgmath-9OT92ESXJTQOT4YPUNBLZOF3L.pcm

SwiftExplicitDependencyGeneratePcm arm64 /Users/huangzhe/Documents/GitHub/OrangeLen/build/DerivedData/ModuleCache.noindex/sys_types-C676NVY5JT1DHIGTGCQ3NXQ05.pcm

SwiftExplicitDependencyGeneratePcm arm64 /Users/huangzhe/Documents/GitHub/OrangeLen/build/DerivedData/ModuleCache.noindex/_DarwinFoundation3-CCJIQX4KK6X3EASVWML2N6MCK.pcm

SwiftExplicitDependencyGeneratePcm arm64 /Users/huangzhe/Documents/GitHub/OrangeLen/build/DerivedData/ModuleCache.noindex/OpenGL-87ST1Y9J6HBYVGHKL3UH48EGW.pcm

SwiftExplicitDependencyGeneratePcm arm64 /Users/huangzhe/Documents/GitHub/OrangeLen/build/DerivedData/ModuleCache.noindex/libDER-9VZ09SUBESSWOAHLA7Q5LSKTK.pcm

SwiftExplicitDependencyGeneratePcm arm64 /Users/huangzhe/Documents/GitHub/OrangeLen/build/DerivedData/ModuleCache.noindex/_Builtin_intrinsics-9TXWIRN6WB2K2U7CMKHVQO9PC.pcm

SwiftExplicitDependencyGeneratePcm arm64 /Users/huangzhe/Documents/GitHub/OrangeLen/build/DerivedData/ModuleCache.noindex/_Builtin_stdatomic-5842C44K93529G0DPALNHIGM9.pcm

SwiftExplicitDependencyGeneratePcm arm64 /Users/huangzhe/Documents/GitHub/OrangeLen/build/DerivedData/ModuleCache.noindex/_Builtin_inttypes-DZS2R6MCDS06ZGB7MRK3NDWFS.pcm

SwiftExplicitDependencyGeneratePcm arm64 /Users/huangzhe/Documents/GitHub/OrangeLen/build/DerivedData/ModuleCache.noindex/Darwin-CBM36MHXHIBTZOXCKHUD4X91H.pcm

SwiftExplicitDependencyGeneratePcm arm64 /Users/huangzhe/Documents/GitHub/OrangeLen/build/DerivedData/ModuleCache.noindex/simd-753VGVK5YIZU8QSH4WYF2DRYW.pcm

SwiftExplicitDependencyGeneratePcm arm64 /Users/huangzhe/Documents/GitHub/OrangeLen/build/DerivedData/ModuleCache.noindex/libkern-2RWHXU6SZR70TJB5ROCL6ZXWY.pcm

SwiftExplicitDependencyGeneratePcm arm64 /Users/huangzhe/Documents/GitHub/OrangeLen/build/DerivedData/ModuleCache.noindex/launch-66X8US4ZWJARDZXST86GAXSEZ.pcm

SwiftExplicitDependencyGeneratePcm arm64 /Users/huangzhe/Documents/GitHub/OrangeLen/build/DerivedData/ModuleCache.noindex/MachO-CG6EHAV2E4KV11YFLXF7KDY45.pcm

SwiftExplicitDependencyGeneratePcm arm64 /Users/huangzhe/Documents/GitHub/OrangeLen/build/DerivedData/ModuleCache.noindex/CUPS-BYFR3RHRRZ5VF67WZY5P5LBOU.pcm

SwiftDriverJobDiscovery normal arm64 Compiling ReaderController.swift (in target 'OrangeLenUI' from project 'OrangeLen' at path '/Users/huangzhe/Documents/GitHub/OrangeLen/Packages/OrangeLen/Package.swift')

SwiftDriver\ Compilation OrangeLenUI normal arm64 com.apple.xcode.tools.swift.compiler (in target 'OrangeLenUI' from project 'OrangeLen' at path '/Users/huangzhe/Documents/GitHub/OrangeLen/Packages/OrangeLen/Package.swift')
    cd /Users/huangzhe/Documents/GitHub/OrangeLen/OrangeLen.xcodeproj
    builtin-Swift-Compilation -- /Applications/Xcode.app/Contents/Developer/Toolchains/XcodeDefault.xctoolchain/usr/bin/swiftc -module-name OrangeLenUI -Onone @/Users/huangzhe/Documents/GitHub/OrangeLen/build/DerivedData/Build/Intermediates.noindex/OrangeLen.build/Debug/OrangeLenUI.build/Objects-normal/arm64/OrangeLenUI.SwiftFileList -DSWIFT_PACKAGE -DDEBUG -DSWIFT_MODULE_RESOURCE_BUNDLE_UNAVAILABLE -DXcode -plugin-path /Applications/Xcode.app/Contents/Developer/Toolchains/XcodeDefault.xctoolchain/usr/lib/swift/host/plugins/testing -enable-experimental-feature DebugDescriptionMacro -sdk /Applications/Xcode.app/Contents/Developer/Platforms/MacOSX.platform/Developer/SDKs/MacOSX26.5.sdk -target arm64-apple-macos14.0 -g -module-cache-path /Users/huangzhe/Documents/GitHub/OrangeLen/build/DerivedData/ModuleCache.noindex -Xfrontend -serialize-debugging-options -enable-testing -index-store-path /Users/huangzhe/Documents/GitHub/OrangeLen/build/DerivedData/Index.noindex/DataStore -Xcc -D_LIBCPP_HARDENING_MODE\=_LIBCPP_HARDENING_MODE_DEBUG -swift-version 5 -I /Users/huangzhe/Documents/GitHub/OrangeLen/build/DerivedData/Build/Products/Debug -Isystem /Applications/Xcode.app/Contents/Developer/Platforms/MacOSX.platform/Developer/usr/lib -F /Users/huangzhe/Documents/GitHub/OrangeLen/build/DerivedData/Build/Products/Debug/PackageFrameworks -F /Users/huangzhe/Documents/GitHub/OrangeLen/build/DerivedData/Build/Products/Debug -F /Applications/Xcode.app/Contents/Developer/Platforms/MacOSX.platform/Developer/Library/Frameworks -parse-as-library -c -j11 -enable-batch-mode -incremental -Xcc -ivfsstatcache -Xcc /Users/huangzhe/Documents/GitHub/OrangeLen/build/DerivedData/SDKStatCaches.noindex/macosx26.5-25F70-e082c4a02f00227109f4ed75e425c832.sdkstatcache -output-file-map /Users/huangzhe/Documents/GitHub/OrangeLen/build/DerivedData/Build/Intermediates.noindex/OrangeLen.build/Debug/OrangeLenUI.build/Objects-normal/arm64/OrangeLenUI-OutputFileMap.json -use-frontend-parseable-output -save-temps -no-color-diagnostics -explicit-module-build -module-cache-path /Users/huangzhe/Documents/GitHub/OrangeLen/build/DerivedData/Build/Intermediates.noindex/SwiftExplicitPrecompiledModules -clang-scanner-module-cache-path /Users/huangzhe/Documents/GitHub/OrangeLen/build/DerivedData/ModuleCache.noindex -sdk-module-cache-path /Users/huangzhe/Documents/GitHub/OrangeLen/build/DerivedData/ModuleCache.noindex -serialize-diagnostics -emit-dependencies -emit-module -emit-module-path /Users/huangzhe/Documents/GitHub/OrangeLen/build/DerivedData/Build/Intermediates.noindex/OrangeLen.build/Debug/OrangeLenUI.build/Objects-normal/arm64/OrangeLenUI.swiftmodule -validate-clang-modules-once -clang-build-session-file /Users/huangzhe/Documents/GitHub/OrangeLen/build/DerivedData/ModuleCache.noindex/Session.modulevalidation -package-name orangelen -Xcc -I/Users/huangzhe/Documents/GitHub/OrangeLen/build/DerivedData/Build/Intermediates.noindex/OrangeLen.build/Debug/OrangeLenUI.build/swift-overrides.hmap -emit-const-values -Xfrontend -const-gather-protocols-file -Xfrontend /Users/huangzhe/Documents/GitHub/OrangeLen/build/DerivedData/Build/Intermediates.noindex/OrangeLen.build/Debug/OrangeLenUI.build/Objects-normal/arm64/OrangeLenUI_const_extract_protocols.json -Xcc -I/Users/huangzhe/Documents/GitHub/OrangeLen/build/DerivedData/Build/Products/Debug/include -Xcc -I/Users/huangzhe/Documents/GitHub/OrangeLen/build/DerivedData/Build/Intermediates.noindex/OrangeLen.build/Debug/OrangeLenUI.build/DerivedSources-normal/arm64 -Xcc -I/Users/huangzhe/Documents/GitHub/OrangeLen/build/DerivedData/Build/Intermediates.noindex/OrangeLen.build/Debug/OrangeLenUI.build/DerivedSources/arm64 -Xcc -I/Users/huangzhe/Documents/GitHub/OrangeLen/build/DerivedData/Build/Intermediates.noindex/OrangeLen.build/Debug/OrangeLenUI.build/DerivedSources -Xcc -DSWIFT_PACKAGE -Xcc -DDEBUG\=1 -emit-objc-header -emit-objc-header-path /Users/huangzhe/Documents/GitHub/OrangeLen/build/DerivedData/Build/Intermediates.noindex/OrangeLen.build/Debug/OrangeLenUI.build/Objects-normal/arm64/OrangeLenUI-Swift.h -working-directory /Users/huangzhe/Documents/GitHub/OrangeLen/OrangeLen.xcodeproj -experimental-emit-module-separately -disable-cmo

Ld /Users/huangzhe/Documents/GitHub/OrangeLen/build/DerivedData/Build/Products/Debug/OrangeLenUI.o normal (in target 'OrangeLenUI' from project 'OrangeLen' at path '/Users/huangzhe/Documents/GitHub/OrangeLen/Packages/OrangeLen/Package.swift')
    cd /Users/huangzhe/Documents/GitHub/OrangeLen/Packages/OrangeLen
    /Applications/Xcode.app/Contents/Developer/Toolchains/XcodeDefault.xctoolchain/usr/bin/clang -Xlinker -reproducible -target arm64-apple-macos14.0 -r -isysroot /Applications/Xcode.app/Contents/Developer/Platforms/MacOSX.platform/Developer/SDKs/MacOSX26.5.sdk -O0 -F/Users/huangzhe/Documents/GitHub/OrangeLen/build/DerivedData/Build/Intermediates.noindex/EagerLinkingTBDs/Debug -F/Users/huangzhe/Documents/GitHub/OrangeLen/build/DerivedData/Build/Products/Debug/PackageFrameworks -F/Users/huangzhe/Documents/GitHub/OrangeLen/build/DerivedData/Build/Products/Debug -iframework /Applications/Xcode.app/Contents/Developer/Platforms/MacOSX.platform/Developer/Library/Frameworks -filelist /Users/huangzhe/Documents/GitHub/OrangeLen/build/DerivedData/Build/Intermediates.noindex/OrangeLen.build/Debug/OrangeLenUI.build/Objects-normal/arm64/OrangeLenUI.LinkFileList -nostdlib -Xlinker -object_path_lto -Xlinker /Users/huangzhe/Documents/GitHub/OrangeLen/build/DerivedData/Build/Intermediates.noindex/OrangeLen.build/Debug/OrangeLenUI.build/Objects-normal/arm64/OrangeLenUI_lto.o -Xlinker -no_deduplicate -Xlinker -dependency_info -Xlinker /Users/huangzhe/Documents/GitHub/OrangeLen/build/DerivedData/Build/Intermediates.noindex/OrangeLen.build/Debug/OrangeLenUI.build/Objects-normal/arm64/OrangeLenUI_dependency_info.dat -fobjc-link-runtime -L/Applications/Xcode.app/Contents/Developer/Toolchains/XcodeDefault.xctoolchain/usr/lib/swift/macosx -L/usr/lib/swift -Xlinker -add_ast_path -Xlinker /Users/huangzhe/Documents/GitHub/OrangeLen/build/DerivedData/Build/Intermediates.noindex/OrangeLen.build/Debug/OrangeLenUI.build/Objects-normal/arm64/OrangeLenUI.swiftmodule @/Users/huangzhe/Documents/GitHub/OrangeLen/build/DerivedData/Build/Intermediates.noindex/OrangeLen.build/Debug/OrangeLenUI.build/Objects-normal/arm64/OrangeLenUI-linker-args.resp -o /Users/huangzhe/Documents/GitHub/OrangeLen/build/DerivedData/Build/Products/Debug/OrangeLenUI.o

ExtractAppIntentsMetadata (in target 'OrangeLenUI' from project 'OrangeLen' at path '/Users/huangzhe/Documents/GitHub/OrangeLen/Packages/OrangeLen/Package.swift')
    cd /Users/huangzhe/Documents/GitHub/OrangeLen/Packages/OrangeLen
    /Applications/Xcode.app/Contents/Developer/Toolchains/XcodeDefault.xctoolchain/usr/bin/appintentsmetadataprocessor --toolchain-dir /Applications/Xcode.app/Contents/Developer/Toolchains/XcodeDefault.xctoolchain --module-name OrangeLenUI --sdk-root /Applications/Xcode.app/Contents/Developer/Platforms/MacOSX.platform/Developer/SDKs/MacOSX26.5.sdk --xcode-version 17F42 --platform-family macOS --deployment-target 14.0 --bundle-identifier orangelen.OrangeLenUI --output /Users/huangzhe/Documents/GitHub/OrangeLen/build/DerivedData/Build/Products/Debug/OrangeLenUI.appintents --target-triple arm64-apple-macos14.0 --binary-file /Users/huangzhe/Documents/GitHub/OrangeLen/build/DerivedData/Build/Products/Debug/OrangeLenUI.o --dependency-file /Users/huangzhe/Documents/GitHub/OrangeLen/build/DerivedData/Build/Intermediates.noindex/OrangeLen.build/Debug/OrangeLenUI.build/Objects-normal/arm64/OrangeLenUI_dependency_info.dat --stringsdata-file /Users/huangzhe/Documents/GitHub/OrangeLen/build/DerivedData/Build/Intermediates.noindex/OrangeLen.build/Debug/OrangeLenUI.build/Objects-normal/arm64/ExtractedAppShortcutsMetadata.stringsdata --source-file-list /Users/huangzhe/Documents/GitHub/OrangeLen/build/DerivedData/Build/Intermediates.noindex/OrangeLen.build/Debug/OrangeLenUI.build/Objects-normal/arm64/OrangeLenUI.SwiftFileList --metadata-file-list /Users/huangzhe/Documents/GitHub/OrangeLen/build/DerivedData/Build/Intermediates.noindex/OrangeLen.build/Debug/OrangeLenUI.build/OrangeLenUI.DependencyMetadataFileList --static-metadata-file-list /Users/huangzhe/Documents/GitHub/OrangeLen/build/DerivedData/Build/Intermediates.noindex/OrangeLen.build/Debug/OrangeLenUI.build/OrangeLenUI.DependencyStaticMetadataFileList --swift-const-vals-list /Users/huangzhe/Documents/GitHub/OrangeLen/build/DerivedData/Build/Intermediates.noindex/OrangeLen.build/Debug/OrangeLenUI.build/Objects-normal/arm64/OrangeLenUI.SwiftConstValuesFileList --force --compile-time-extraction --deployment-aware-processing --validate-assistant-intents --no-app-shortcuts-localization
2026-10-03 11:47:17.010 appintentsmetadataprocessor[71343:12505116] Starting appintentsmetadataprocessor export
2026-10-03 11:47:17.020 appintentsmetadataprocessor[71343:12505116] Extracted no relevant App Intents symbols, skipping writing output

SwiftExplicitDependencyGeneratePcm arm64 /Users/huangzhe/Documents/GitHub/OrangeLen/build/DerivedData/ModuleCache.noindex/Spatial-36OO5MM4LKZ6RHM5Z5NUZ8EMU.pcm

RegisterExecutionPolicyException /Users/huangzhe/Documents/GitHub/OrangeLen/build/DerivedData/Build/Products/Debug/OrangeLenUI.o (in target 'OrangeLenUI' from project 'OrangeLen' at path '/Users/huangzhe/Documents/GitHub/OrangeLen/Packages/OrangeLen/Package.swift')
    cd /Users/huangzhe/Documents/GitHub/OrangeLen/Packages/OrangeLen
    builtin-RegisterExecutionPolicyException /Users/huangzhe/Documents/GitHub/OrangeLen/build/DerivedData/Build/Products/Debug/OrangeLenUI.o

ProcessInfoPlistFile /Users/huangzhe/Documents/GitHub/OrangeLen/build/DerivedData/Build/Products/Debug/OrangeLenPreview.appex/Contents/Info.plist /Users/huangzhe/Documents/GitHub/OrangeLen/PreviewExtension/Info.plist (in target 'OrangeLenPreview' from project 'OrangeLen' at path '/Users/huangzhe/Documents/GitHub/OrangeLen/OrangeLen.xcodeproj')
    cd /Users/huangzhe/Documents/GitHub/OrangeLen
    builtin-infoPlistUtility /Users/huangzhe/Documents/GitHub/OrangeLen/PreviewExtension/Info.plist -producttype com.apple.product-type.app-extension -expandbuildsettings -platform macosx -o /Users/huangzhe/Documents/GitHub/OrangeLen/build/DerivedData/Build/Products/Debug/OrangeLenPreview.appex/Contents/Info.plist

Ld /Users/huangzhe/Documents/GitHub/OrangeLen/build/DerivedData/Build/Products/Debug/OrangeLenPreview.appex/Contents/MacOS/__preview.dylib normal (in target 'OrangeLenPreview' from project 'OrangeLen' at path '/Users/huangzhe/Documents/GitHub/OrangeLen/OrangeLen.xcodeproj')
    cd /Users/huangzhe/Documents/GitHub/OrangeLen
    /Applications/Xcode.app/Contents/Developer/Toolchains/XcodeDefault.xctoolchain/usr/bin/clang -Xlinker -reproducible -target arm64-apple-macos14.0 -dynamiclib -isysroot /Applications/Xcode.app/Contents/Developer/Platforms/MacOSX.platform/Developer/SDKs/MacOSX26.5.sdk -O0 -L/Users/huangzhe/Documents/GitHub/OrangeLen/build/DerivedData/Build/Products/Debug -F/Users/huangzhe/Documents/GitHub/OrangeLen/build/DerivedData/Build/Products/Debug/PackageFrameworks -F/Users/huangzhe/Documents/GitHub/OrangeLen/build/DerivedData/Build/Products/Debug/PackageFrameworks -F/Users/huangzhe/Documents/GitHub/OrangeLen/build/DerivedData/Build/Products/Debug -install_name @rpath/OrangeLenPreview.debug.dylib -rdynamic -Xlinker -no_deduplicate -Xlinker -dependency_info -Xlinker /Users/huangzhe/Documents/GitHub/OrangeLen/build/DerivedData/Build/Intermediates.noindex/OrangeLen.build/Debug/OrangeLenPreview.build/Objects-normal/arm64/OrangeLenPreview_dependency_info.dat -Xlinker -no_adhoc_codesign -o /Users/huangzhe/Documents/GitHub/OrangeLen/build/DerivedData/Build/Products/Debug/OrangeLenPreview.appex/Contents/MacOS/__preview.dylib

SwiftExplicitDependencyGeneratePcm arm64 /Users/huangzhe/Documents/GitHub/OrangeLen/build/DerivedData/ModuleCache.noindex/ObjectiveC-7BU5X2UZFI9PFZCRZ3C4KNDJM.pcm

SwiftExplicitDependencyGeneratePcm arm64 /Users/huangzhe/Documents/GitHub/OrangeLen/build/DerivedData/ModuleCache.noindex/os_object-E8Z9KDVWSXXOKE6IXR19R575Z.pcm

SwiftExplicitDependencyGeneratePcm arm64 /Users/huangzhe/Documents/GitHub/OrangeLen/build/DerivedData/ModuleCache.noindex/os_workgroup-AGYDE0RK6MJPGAGU1DMEVIR7B.pcm

SwiftExplicitDependencyGeneratePcm arm64 /Users/huangzhe/Documents/GitHub/OrangeLen/build/DerivedData/ModuleCache.noindex/Dispatch-AZDBCWF6KIBNF3ZRFRYJUOTFD.pcm

SwiftExplicitDependencyGeneratePcm arm64 /Users/huangzhe/Documents/GitHub/OrangeLen/build/DerivedData/ModuleCache.noindex/XPC-817FKXYQKWZMFATKNDMD9NFIN.pcm

SwiftExplicitDependencyGeneratePcm arm64 /Users/huangzhe/Documents/GitHub/OrangeLen/build/DerivedData/ModuleCache.noindex/CoreFoundation-1PTBUBWK8AYPDQGO9MHZLPFF7.pcm

SwiftExplicitDependencyGeneratePcm arm64 /Users/huangzhe/Documents/GitHub/OrangeLen/build/DerivedData/ModuleCache.noindex/os-6LA70SCIINP8GTC5RX7WS63AQ.pcm

SwiftExplicitDependencyGeneratePcm arm64 /Users/huangzhe/Documents/GitHub/OrangeLen/build/DerivedData/ModuleCache.noindex/CFNetwork-4PLD7XBX231WRB0DEHBJNY6HZ.pcm

SwiftExplicitDependencyGeneratePcm arm64 /Users/huangzhe/Documents/GitHub/OrangeLen/build/DerivedData/ModuleCache.noindex/Security-3OA5P2YENSSP0ACJDWK4U6RVW.pcm

SwiftExplicitDependencyGeneratePcm arm64 /Users/huangzhe/Documents/GitHub/OrangeLen/build/DerivedData/ModuleCache.noindex/IOKit-DJI0FSP8V1YW6VM1K4I6E14ZP.pcm

SwiftExplicitDependencyGeneratePcm arm64 /Users/huangzhe/Documents/GitHub/OrangeLen/build/DerivedData/ModuleCache.noindex/ColorSync-MEGZU6TAVRCFYBV31TJQHIHN.pcm

SwiftExplicitDependencyGeneratePcm arm64 /Users/huangzhe/Documents/GitHub/OrangeLen/build/DerivedData/ModuleCache.noindex/DiskArbitration-8FM9K5EQVPH7FNRGK7O4CYX83.pcm

SwiftExplicitDependencyGeneratePcm arm64 /Users/huangzhe/Documents/GitHub/OrangeLen/build/DerivedData/ModuleCache.noindex/CoreGraphics-5MGJK2097FQEWUPD4MOF2AIKI.pcm

SwiftExplicitDependencyGeneratePcm arm64 /Users/huangzhe/Documents/GitHub/OrangeLen/build/DerivedData/ModuleCache.noindex/CoreServices-5OTEZSJ7Q9841MRC86AUW2WZN.pcm

SwiftExplicitDependencyGeneratePcm arm64 /Users/huangzhe/Documents/GitHub/OrangeLen/build/DerivedData/ModuleCache.noindex/CoreText-20NA7PNQUOFU9QQ8DRHHAXWGB.pcm

SwiftExplicitDependencyGeneratePcm arm64 /Users/huangzhe/Documents/GitHub/OrangeLen/build/DerivedData/ModuleCache.noindex/ImageIO-8ND5FD0FC9S04BITTDF1V662I.pcm

SwiftExplicitDependencyGeneratePcm arm64 /Users/huangzhe/Documents/GitHub/OrangeLen/build/DerivedData/ModuleCache.noindex/Foundation-1OTQP18RKNFSVUE4DR0T9FDEQ.pcm

SwiftExplicitDependencyGeneratePcm arm64 /Users/huangzhe/Documents/GitHub/OrangeLen/build/DerivedData/ModuleCache.noindex/Symbols-DSYNZ0B91IF2EBRHGRS37K1W4.pcm

SwiftExplicitDependencyGeneratePcm arm64 /Users/huangzhe/Documents/GitHub/OrangeLen/build/DerivedData/ModuleCache.noindex/OSLog-2U9EV5PNZEAEPTU1BW9EGYC9K.pcm

SwiftExplicitDependencyGeneratePcm arm64 /Users/huangzhe/Documents/GitHub/OrangeLen/build/DerivedData/ModuleCache.noindex/DataDetection-DVOJ07FVMO2BVN9O1L2A2S1WO.pcm

SwiftExplicitDependencyGeneratePcm arm64 /Users/huangzhe/Documents/GitHub/OrangeLen/build/DerivedData/ModuleCache.noindex/ApplicationServices-ARREELX86F86IGUZFDYJDITFC.pcm

SwiftExplicitDependencyGeneratePcm arm64 /Users/huangzhe/Documents/GitHub/OrangeLen/build/DerivedData/ModuleCache.noindex/IOSurface-F213CVPZ0W843NX3PZ99GS1Z.pcm

SwiftExplicitDependencyGeneratePcm arm64 /Users/huangzhe/Documents/GitHub/OrangeLen/build/DerivedData/ModuleCache.noindex/UniformTypeIdentifiers-5QX9P0BYFFX9QN5BXDY8HNW55.pcm

SwiftExplicitDependencyGeneratePcm arm64 /Users/huangzhe/Documents/GitHub/OrangeLen/build/DerivedData/ModuleCache.noindex/CoreTransferable-4KDEQM3VD4LN8SZCR6EGWXMUP.pcm

SwiftExplicitDependencyGeneratePcm arm64 /Users/huangzhe/Documents/GitHub/OrangeLen/build/DerivedData/ModuleCache.noindex/CoreData-2N29HK2TCNXWJRUGURCED8LJ5.pcm

SwiftExplicitDependencyGeneratePcm arm64 /Users/huangzhe/Documents/GitHub/OrangeLen/build/DerivedData/ModuleCache.noindex/Accessibility-99L6YREDFDOCYG7Z9DN3TF1J1.pcm

SwiftExplicitDependencyGeneratePcm arm64 /Users/huangzhe/Documents/GitHub/OrangeLen/build/DerivedData/ModuleCache.noindex/Metal-CBJMHOS3XT5GUZT0Z7Z5BYS8U.pcm

SwiftExplicitDependencyGeneratePcm arm64 /Users/huangzhe/Documents/GitHub/OrangeLen/build/DerivedData/ModuleCache.noindex/QuickLook-CTYEWZ2Z603EJHEBY0HMNYBMJ.pcm

SwiftExplicitDependencyGeneratePcm arm64 /Users/huangzhe/Documents/GitHub/OrangeLen/build/DerivedData/ModuleCache.noindex/CoreVideo-4208JNJ4EQWJONKEPF9N1C0JS.pcm

SwiftExplicitDependencyGeneratePcm arm64 /Users/huangzhe/Documents/GitHub/OrangeLen/build/DerivedData/ModuleCache.noindex/QuartzCore-3JUVPZII36BZYD0UA84DAQD3D.pcm

SwiftExplicitDependencyGeneratePcm arm64 /Users/huangzhe/Documents/GitHub/OrangeLen/build/DerivedData/ModuleCache.noindex/CoreImage-5YDODJHKZF64LAG0YVA1OZSN2.pcm

SwiftExplicitDependencyGeneratePcm arm64 /Users/huangzhe/Documents/GitHub/OrangeLen/build/DerivedData/ModuleCache.noindex/SwiftUICore-B0JZ902QSVT4CF1XPNJ992K0Y.pcm

SwiftExplicitDependencyGeneratePcm arm64 /Users/huangzhe/Documents/GitHub/OrangeLen/build/DerivedData/ModuleCache.noindex/AppKit-6X0A3PW7FXFH0PUQST8U86FA0.pcm

SwiftExplicitDependencyGeneratePcm arm64 /Users/huangzhe/Documents/GitHub/OrangeLen/build/DerivedData/ModuleCache.noindex/Cocoa-B1H16PGPBC658EPAZ130RY2UG.pcm

SwiftExplicitDependencyGeneratePcm arm64 /Users/huangzhe/Documents/GitHub/OrangeLen/build/DerivedData/ModuleCache.noindex/ImageCaptureCore-HOTNEIXL75984T3QC8IMNAQO.pcm

SwiftExplicitDependencyGeneratePcm arm64 /Users/huangzhe/Documents/GitHub/OrangeLen/build/DerivedData/ModuleCache.noindex/PDFKit-DI23483LWZ9C6PRNZAR0OOE6Z.pcm

SwiftExplicitDependencyGeneratePcm arm64 /Users/huangzhe/Documents/GitHub/OrangeLen/build/DerivedData/ModuleCache.noindex/QuickLookUI-BLBFTMXWVPAKNSPCON9290S35.pcm

SwiftExplicitDependencyGeneratePcm arm64 /Users/huangzhe/Documents/GitHub/OrangeLen/build/DerivedData/ModuleCache.noindex/Quartz-E5ECL3LFR8DM74Q81KGEOPD14.pcm

SwiftCompile normal arm64 Compiling\ PreviewViewController.swift /Users/huangzhe/Documents/GitHub/OrangeLen/PreviewExtension/PreviewViewController.swift (in target 'OrangeLenPreview' from project 'OrangeLen' at path '/Users/huangzhe/Documents/GitHub/OrangeLen/OrangeLen.xcodeproj')

SwiftCompile normal arm64 /Users/huangzhe/Documents/GitHub/OrangeLen/PreviewExtension/PreviewViewController.swift (in target 'OrangeLenPreview' from project 'OrangeLen' at path '/Users/huangzhe/Documents/GitHub/OrangeLen/OrangeLen.xcodeproj')
    cd /Users/huangzhe/Documents/GitHub/OrangeLen
    

SwiftEmitModule normal arm64 Emitting\ module\ for\ OrangeLenPreview (in target 'OrangeLenPreview' from project 'OrangeLen' at path '/Users/huangzhe/Documents/GitHub/OrangeLen/OrangeLen.xcodeproj')

SwiftCompile normal arm64 /Users/huangzhe/Documents/GitHub/OrangeLen/PreviewExtension/PreviewViewController.swift (in target 'OrangeLenPreview' from project 'OrangeLen' at path '/Users/huangzhe/Documents/GitHub/OrangeLen/OrangeLen.xcodeproj')
    cd /Users/huangzhe/Documents/GitHub/OrangeLen
    

SwiftDriverJobDiscovery normal arm64 Emitting module for OrangeLenPreview (in target 'OrangeLenPreview' from project 'OrangeLen' at path '/Users/huangzhe/Documents/GitHub/OrangeLen/OrangeLen.xcodeproj')

SwiftDriver\ Compilation\ Requirements OrangeLenPreview normal arm64 com.apple.xcode.tools.swift.compiler (in target 'OrangeLenPreview' from project 'OrangeLen' at path '/Users/huangzhe/Documents/GitHub/OrangeLen/OrangeLen.xcodeproj')
    cd /Users/huangzhe/Documents/GitHub/OrangeLen
    builtin-Swift-Compilation-Requirements -- /Applications/Xcode.app/Contents/Developer/Toolchains/XcodeDefault.xctoolchain/usr/bin/swiftc -module-name OrangeLenPreview -Onone @/Users/huangzhe/Documents/GitHub/OrangeLen/build/DerivedData/Build/Intermediates.noindex/OrangeLen.build/Debug/OrangeLenPreview.build/Objects-normal/arm64/OrangeLenPreview.SwiftFileList -DDEBUG -enable-bare-slash-regex -enable-experimental-feature DebugDescriptionMacro -sdk /Applications/Xcode.app/Contents/Developer/Platforms/MacOSX.platform/Developer/SDKs/MacOSX26.5.sdk -target arm64-apple-macos14.0 -g -module-cache-path /Users/huangzhe/Documents/GitHub/OrangeLen/build/DerivedData/ModuleCache.noindex -Xfrontend -serialize-debugging-options -application-extension -enable-testing -index-store-path /Users/huangzhe/Documents/GitHub/OrangeLen/build/DerivedData/Index.noindex/DataStore -Xcc -D_LIBCPP_HARDENING_MODE\=_LIBCPP_HARDENING_MODE_DEBUG -swift-version 5 -I /Users/huangzhe/Documents/GitHub/OrangeLen/build/DerivedData/Build/Products/Debug -F /Users/huangzhe/Documents/GitHub/OrangeLen/build/DerivedData/Build/Products/Debug/PackageFrameworks -F /Users/huangzhe/Documents/GitHub/OrangeLen/build/DerivedData/Build/Products/Debug/PackageFrameworks -F /Users/huangzhe/Documents/GitHub/OrangeLen/build/DerivedData/Build/Products/Debug -parse-as-library -c -j11 -enable-batch-mode -incremental -Xcc -ivfsstatcache -Xcc /Users/huangzhe/Documents/GitHub/OrangeLen/build/DerivedData/SDKStatCaches.noindex/macosx26.5-25F70-e082c4a02f00227109f4ed75e425c832.sdkstatcache -output-file-map /Users/huangzhe/Documents/GitHub/OrangeLen/build/DerivedData/Build/Intermediates.noindex/OrangeLen.build/Debug/OrangeLenPreview.build/Objects-normal/arm64/OrangeLenPreview-OutputFileMap.json -use-frontend-parseable-output -save-temps -no-color-diagnostics -explicit-module-build -module-cache-path /Users/huangzhe/Documents/GitHub/OrangeLen/build/DerivedData/Build/Intermediates.noindex/SwiftExplicitPrecompiledModules -clang-scanner-module-cache-path /Users/huangzhe/Documents/GitHub/OrangeLen/build/DerivedData/ModuleCache.noindex -sdk-module-cache-path /Users/huangzhe/Documents/GitHub/OrangeLen/build/DerivedData/ModuleCache.noindex -serialize-diagnostics -emit-dependencies -emit-module -emit-module-path /Users/huangzhe/Documents/GitHub/OrangeLen/build/DerivedData/Build/Intermediates.noindex/OrangeLen.build/Debug/OrangeLenPreview.build/Objects-normal/arm64/OrangeLenPreview.swiftmodule -validate-clang-modules-once -clang-build-session-file /Users/huangzhe/Documents/GitHub/OrangeLen/build/DerivedData/ModuleCache.noindex/Session.modulevalidation -Xcc -I/Users/huangzhe/Documents/GitHub/OrangeLen/build/DerivedData/Build/Intermediates.noindex/OrangeLen.build/Debug/OrangeLenPreview.build/swift-overrides.hmap -emit-const-values -Xfrontend -const-gather-protocols-file -Xfrontend /Users/huangzhe/Documents/GitHub/OrangeLen/build/DerivedData/Build/Intermediates.noindex/OrangeLen.build/Debug/OrangeLenPreview.build/Objects-normal/arm64/OrangeLenPreview_const_extract_protocols.json -Xcc -iquote -Xcc /Users/huangzhe/Documents/GitHub/OrangeLen/build/DerivedData/Build/Intermediates.noindex/OrangeLen.build/Debug/OrangeLenPreview.build/OrangeLenPreview-generated-files.hmap -Xcc -I/Users/huangzhe/Documents/GitHub/OrangeLen/build/DerivedData/Build/Intermediates.noindex/OrangeLen.build/Debug/OrangeLenPreview.build/OrangeLenPreview-own-target-headers.hmap -Xcc -I/Users/huangzhe/Documents/GitHub/OrangeLen/build/DerivedData/Build/Intermediates.noindex/OrangeLen.build/Debug/OrangeLenPreview.build/OrangeLenPreview-all-non-framework-target-headers.hmap -Xcc -ivfsoverlay -Xcc /Users/huangzhe/Documents/GitHub/OrangeLen/build/DerivedData/Build/Intermediates.noindex/OrangeLen.build/Debug/OrangeLen-858e2ff2c7d6a1eb168211f71310dee6-VFS/all-product-headers.yaml -Xcc -iquote -Xcc /Users/huangzhe/Documents/GitHub/OrangeLen/build/DerivedData/Build/Intermediates.noindex/OrangeLen.build/Debug/OrangeLenPreview.build/OrangeLenPreview-project-headers.hmap -Xcc -I/Users/huangzhe/Documents/GitHub/OrangeLen/build/DerivedData/Build/Products/Debug/include -Xcc -I/Users/huangzhe/Documents/GitHub/OrangeLen/build/DerivedData/Build/Intermediates.noindex/OrangeLen.build/Debug/OrangeLenPreview.build/DerivedSources-normal/arm64 -Xcc -I/Users/huangzhe/Documents/GitHub/OrangeLen/build/DerivedData/Build/Intermediates.noindex/OrangeLen.build/Debug/OrangeLenPreview.build/DerivedSources/arm64 -Xcc -I/Users/huangzhe/Documents/GitHub/OrangeLen/build/DerivedData/Build/Intermediates.noindex/OrangeLen.build/Debug/OrangeLenPreview.build/DerivedSources -Xcc -DDEBUG\=1 -emit-objc-header -emit-objc-header-path /Users/huangzhe/Documents/GitHub/OrangeLen/build/DerivedData/Build/Intermediates.noindex/OrangeLen.build/Debug/OrangeLenPreview.build/Objects-normal/arm64/OrangeLenPreview-Swift.h -working-directory /Users/huangzhe/Documents/GitHub/OrangeLen -experimental-emit-module-separately -disable-cmo

SwiftMergeGeneratedHeaders /Users/huangzhe/Documents/GitHub/OrangeLen/build/DerivedData/Build/Intermediates.noindex/OrangeLen.build/Debug/OrangeLenPreview.build/DerivedSources/OrangeLenPreview-Swift.h /Users/huangzhe/Documents/GitHub/OrangeLen/build/DerivedData/Build/Intermediates.noindex/OrangeLen.build/Debug/OrangeLenPreview.build/Objects-normal/arm64/OrangeLenPreview-Swift.h (in target 'OrangeLenPreview' from project 'OrangeLen' at path '/Users/huangzhe/Documents/GitHub/OrangeLen/OrangeLen.xcodeproj')
    cd /Users/huangzhe/Documents/GitHub/OrangeLen
    builtin-swiftHeaderTool -arch arm64 /Users/huangzhe/Documents/GitHub/OrangeLen/build/DerivedData/Build/Intermediates.noindex/OrangeLen.build/Debug/OrangeLenPreview.build/Objects-normal/arm64/OrangeLenPreview-Swift.h -o /Users/huangzhe/Documents/GitHub/OrangeLen/build/DerivedData/Build/Intermediates.noindex/OrangeLen.build/Debug/OrangeLenPreview.build/DerivedSources/OrangeLenPreview-Swift.h

Copy /Users/huangzhe/Documents/GitHub/OrangeLen/build/DerivedData/Build/Products/Debug/OrangeLenPreview.swiftmodule/arm64-apple-macos.swiftdoc /Users/huangzhe/Documents/GitHub/OrangeLen/build/DerivedData/Build/Intermediates.noindex/OrangeLen.build/Debug/OrangeLenPreview.build/Objects-normal/arm64/OrangeLenPreview.swiftdoc (in target 'OrangeLenPreview' from project 'OrangeLen' at path '/Users/huangzhe/Documents/GitHub/OrangeLen/OrangeLen.xcodeproj')
    cd /Users/huangzhe/Documents/GitHub/OrangeLen
    builtin-copy -exclude .DS_Store -exclude CVS -exclude .svn -exclude .git -exclude .hg -resolve-src-symlinks -rename /Users/huangzhe/Documents/GitHub/OrangeLen/build/DerivedData/Build/Intermediates.noindex/OrangeLen.build/Debug/OrangeLenPreview.build/Objects-normal/arm64/OrangeLenPreview.swiftdoc /Users/huangzhe/Documents/GitHub/OrangeLen/build/DerivedData/Build/Products/Debug/OrangeLenPreview.swiftmodule/arm64-apple-macos.swiftdoc

Copy /Users/huangzhe/Documents/GitHub/OrangeLen/build/DerivedData/Build/Products/Debug/OrangeLenPreview.swiftmodule/arm64-apple-macos.swiftmodule /Users/huangzhe/Documents/GitHub/OrangeLen/build/DerivedData/Build/Intermediates.noindex/OrangeLen.build/Debug/OrangeLenPreview.build/Objects-normal/arm64/OrangeLenPreview.swiftmodule (in target 'OrangeLenPreview' from project 'OrangeLen' at path '/Users/huangzhe/Documents/GitHub/OrangeLen/OrangeLen.xcodeproj')
    cd /Users/huangzhe/Documents/GitHub/OrangeLen
    builtin-copy -exclude .DS_Store -exclude CVS -exclude .svn -exclude .git -exclude .hg -resolve-src-symlinks -rename /Users/huangzhe/Documents/GitHub/OrangeLen/build/DerivedData/Build/Intermediates.noindex/OrangeLen.build/Debug/OrangeLenPreview.build/Objects-normal/arm64/OrangeLenPreview.swiftmodule /Users/huangzhe/Documents/GitHub/OrangeLen/build/DerivedData/Build/Products/Debug/OrangeLenPreview.swiftmodule/arm64-apple-macos.swiftmodule

Copy /Users/huangzhe/Documents/GitHub/OrangeLen/build/DerivedData/Build/Products/Debug/OrangeLenPreview.swiftmodule/arm64-apple-macos.abi.json /Users/huangzhe/Documents/GitHub/OrangeLen/build/DerivedData/Build/Intermediates.noindex/OrangeLen.build/Debug/OrangeLenPreview.build/Objects-normal/arm64/OrangeLenPreview.abi.json (in target 'OrangeLenPreview' from project 'OrangeLen' at path '/Users/huangzhe/Documents/GitHub/OrangeLen/OrangeLen.xcodeproj')
    cd /Users/huangzhe/Documents/GitHub/OrangeLen
    builtin-copy -exclude .DS_Store -exclude CVS -exclude .svn -exclude .git -exclude .hg -resolve-src-symlinks -rename /Users/huangzhe/Documents/GitHub/OrangeLen/build/DerivedData/Build/Intermediates.noindex/OrangeLen.build/Debug/OrangeLenPreview.build/Objects-normal/arm64/OrangeLenPreview.abi.json /Users/huangzhe/Documents/GitHub/OrangeLen/build/DerivedData/Build/Products/Debug/OrangeLenPreview.swiftmodule/arm64-apple-macos.abi.json

Copy /Users/huangzhe/Documents/GitHub/OrangeLen/build/DerivedData/Build/Products/Debug/OrangeLenPreview.swiftmodule/Project/arm64-apple-macos.swiftsourceinfo /Users/huangzhe/Documents/GitHub/OrangeLen/build/DerivedData/Build/Intermediates.noindex/OrangeLen.build/Debug/OrangeLenPreview.build/Objects-normal/arm64/OrangeLenPreview.swiftsourceinfo (in target 'OrangeLenPreview' from project 'OrangeLen' at path '/Users/huangzhe/Documents/GitHub/OrangeLen/OrangeLen.xcodeproj')
    cd /Users/huangzhe/Documents/GitHub/OrangeLen
    builtin-copy -exclude .DS_Store -exclude CVS -exclude .svn -exclude .git -exclude .hg -resolve-src-symlinks -rename /Users/huangzhe/Documents/GitHub/OrangeLen/build/DerivedData/Build/Intermediates.noindex/OrangeLen.build/Debug/OrangeLenPreview.build/Objects-normal/arm64/OrangeLenPreview.swiftsourceinfo /Users/huangzhe/Documents/GitHub/OrangeLen/build/DerivedData/Build/Products/Debug/OrangeLenPreview.swiftmodule/Project/arm64-apple-macos.swiftsourceinfo

ProcessProductPackaging /Users/huangzhe/Documents/GitHub/OrangeLen/App/OrangeLen.entitlements /Users/huangzhe/Documents/GitHub/OrangeLen/build/DerivedData/Build/Intermediates.noindex/OrangeLen.build/Debug/OrangeLen.build/OrangeLen.app.xcent (in target 'OrangeLen' from project 'OrangeLen' at path '/Users/huangzhe/Documents/GitHub/OrangeLen/OrangeLen.xcodeproj')
    cd /Users/huangzhe/Documents/GitHub/OrangeLen
    
    Entitlements:
    
    {
    "com.apple.security.app-sandbox" = 1;
    "com.apple.security.files.user-selected.read-only" = 1;
    "com.apple.security.get-task-allow" = 1;
}
    
    builtin-productPackagingUtility /Users/huangzhe/Documents/GitHub/OrangeLen/App/OrangeLen.entitlements -entitlements -format xml -o /Users/huangzhe/Documents/GitHub/OrangeLen/build/DerivedData/Build/Intermediates.noindex/OrangeLen.build/Debug/OrangeLen.build/OrangeLen.app.xcent

ProcessProductPackagingDER /Users/huangzhe/Documents/GitHub/OrangeLen/build/DerivedData/Build/Intermediates.noindex/OrangeLen.build/Debug/OrangeLen.build/OrangeLen.app.xcent /Users/huangzhe/Documents/GitHub/OrangeLen/build/DerivedData/Build/Intermediates.noindex/OrangeLen.build/Debug/OrangeLen.build/OrangeLen.app.xcent.der (in target 'OrangeLen' from project 'OrangeLen' at path '/Users/huangzhe/Documents/GitHub/OrangeLen/OrangeLen.xcodeproj')
    cd /Users/huangzhe/Documents/GitHub/OrangeLen
    /usr/bin/derq query -f xml -i /Users/huangzhe/Documents/GitHub/OrangeLen/build/DerivedData/Build/Intermediates.noindex/OrangeLen.build/Debug/OrangeLen.build/OrangeLen.app.xcent -o /Users/huangzhe/Documents/GitHub/OrangeLen/build/DerivedData/Build/Intermediates.noindex/OrangeLen.build/Debug/OrangeLen.build/OrangeLen.app.xcent.der --raw

SwiftDriver OrangeLen normal arm64 com.apple.xcode.tools.swift.compiler (in target 'OrangeLen' from project 'OrangeLen' at path '/Users/huangzhe/Documents/GitHub/OrangeLen/OrangeLen.xcodeproj')
    cd /Users/huangzhe/Documents/GitHub/OrangeLen
    builtin-SwiftDriver -- /Applications/Xcode.app/Contents/Developer/Toolchains/XcodeDefault.xctoolchain/usr/bin/swiftc -module-name OrangeLen -Onone @/Users/huangzhe/Documents/GitHub/OrangeLen/build/DerivedData/Build/Intermediates.noindex/OrangeLen.build/Debug/OrangeLen.build/Objects-normal/arm64/OrangeLen.SwiftFileList -DDEBUG -enable-bare-slash-regex -enable-experimental-feature DebugDescriptionMacro -sdk /Applications/Xcode.app/Contents/Developer/Platforms/MacOSX.platform/Developer/SDKs/MacOSX26.5.sdk -target arm64-apple-macos14.0 -g -module-cache-path /Users/huangzhe/Documents/GitHub/OrangeLen/build/DerivedData/ModuleCache.noindex -Xfrontend -serialize-debugging-options -enable-testing -index-store-path /Users/huangzhe/Documents/GitHub/OrangeLen/build/DerivedData/Index.noindex/DataStore -Xcc -D_LIBCPP_HARDENING_MODE\=_LIBCPP_HARDENING_MODE_DEBUG -swift-version 5 -I /Users/huangzhe/Documents/GitHub/OrangeLen/build/DerivedData/Build/Products/Debug -F /Users/huangzhe/Documents/GitHub/OrangeLen/build/DerivedData/Build/Products/Debug/PackageFrameworks -F /Users/huangzhe/Documents/GitHub/OrangeLen/build/DerivedData/Build/Products/Debug/PackageFrameworks -F /Users/huangzhe/Documents/GitHub/OrangeLen/build/DerivedData/Build/Products/Debug -parse-as-library -c -j11 -enable-batch-mode -incremental -Xcc -ivfsstatcache -Xcc /Users/huangzhe/Documents/GitHub/OrangeLen/build/DerivedData/SDKStatCaches.noindex/macosx26.5-25F70-e082c4a02f00227109f4ed75e425c832.sdkstatcache -output-file-map /Users/huangzhe/Documents/GitHub/OrangeLen/build/DerivedData/Build/Intermediates.noindex/OrangeLen.build/Debug/OrangeLen.build/Objects-normal/arm64/OrangeLen-OutputFileMap.json -use-frontend-parseable-output -save-temps -no-color-diagnostics -explicit-module-build -module-cache-path /Users/huangzhe/Documents/GitHub/OrangeLen/build/DerivedData/Build/Intermediates.noindex/SwiftExplicitPrecompiledModules -clang-scanner-module-cache-path /Users/huangzhe/Documents/GitHub/OrangeLen/build/DerivedData/ModuleCache.noindex -sdk-module-cache-path /Users/huangzhe/Documents/GitHub/OrangeLen/build/DerivedData/ModuleCache.noindex -serialize-diagnostics -emit-dependencies -emit-module -emit-module-path /Users/huangzhe/Documents/GitHub/OrangeLen/build/DerivedData/Build/Intermediates.noindex/OrangeLen.build/Debug/OrangeLen.build/Objects-normal/arm64/OrangeLen.swiftmodule -validate-clang-modules-once -clang-build-session-file /Users/huangzhe/Documents/GitHub/OrangeLen/build/DerivedData/ModuleCache.noindex/Session.modulevalidation -Xcc -I/Users/huangzhe/Documents/GitHub/OrangeLen/build/DerivedData/Build/Intermediates.noindex/OrangeLen.build/Debug/OrangeLen.build/swift-overrides.hmap -emit-const-values -Xfrontend -const-gather-protocols-file -Xfrontend /Users/huangzhe/Documents/GitHub/OrangeLen/build/DerivedData/Build/Intermediates.noindex/OrangeLen.build/Debug/OrangeLen.build/Objects-normal/arm64/OrangeLen_const_extract_protocols.json -Xcc -iquote -Xcc /Users/huangzhe/Documents/GitHub/OrangeLen/build/DerivedData/Build/Intermediates.noindex/OrangeLen.build/Debug/OrangeLen.build/OrangeLen-generated-files.hmap -Xcc -I/Users/huangzhe/Documents/GitHub/OrangeLen/build/DerivedData/Build/Intermediates.noindex/OrangeLen.build/Debug/OrangeLen.build/OrangeLen-own-target-headers.hmap -Xcc -I/Users/huangzhe/Documents/GitHub/OrangeLen/build/DerivedData/Build/Intermediates.noindex/OrangeLen.build/Debug/OrangeLen.build/OrangeLen-all-non-framework-target-headers.hmap -Xcc -ivfsoverlay -Xcc /Users/huangzhe/Documents/GitHub/OrangeLen/build/DerivedData/Build/Intermediates.noindex/OrangeLen.build/Debug/OrangeLen-858e2ff2c7d6a1eb168211f71310dee6-VFS/all-product-headers.yaml -Xcc -iquote -Xcc /Users/huangzhe/Documents/GitHub/OrangeLen/build/DerivedData/Build/Intermediates.noindex/OrangeLen.build/Debug/OrangeLen.build/OrangeLen-project-headers.hmap -Xcc -I/Users/huangzhe/Documents/GitHub/OrangeLen/build/DerivedData/Build/Products/Debug/include -Xcc -I/Users/huangzhe/Documents/GitHub/OrangeLen/build/DerivedData/Build/Intermediates.noindex/OrangeLen.build/Debug/OrangeLen.build/DerivedSources-normal/arm64 -Xcc -I/Users/huangzhe/Documents/GitHub/OrangeLen/build/DerivedData/Build/Intermediates.noindex/OrangeLen.build/Debug/OrangeLen.build/DerivedSources/arm64 -Xcc -I/Users/huangzhe/Documents/GitHub/OrangeLen/build/DerivedData/Build/Intermediates.noindex/OrangeLen.build/Debug/OrangeLen.build/DerivedSources -Xcc -DDEBUG\=1 -emit-objc-header -emit-objc-header-path /Users/huangzhe/Documents/GitHub/OrangeLen/build/DerivedData/Build/Intermediates.noindex/OrangeLen.build/Debug/OrangeLen.build/Objects-normal/arm64/OrangeLen-Swift.h -working-directory /Users/huangzhe/Documents/GitHub/OrangeLen -experimental-emit-module-separately -disable-cmo

SwiftExplicitDependencyGeneratePcm arm64 /Users/huangzhe/Documents/GitHub/OrangeLen/build/DerivedData/ModuleCache.noindex/_Builtin_stdarg-2FHB4E3ZI8ZNPAASP7VPGRJJK.pcm

SwiftExplicitDependencyGeneratePcm arm64 /Users/huangzhe/Documents/GitHub/OrangeLen/build/DerivedData/ModuleCache.noindex/_Builtin_stddef-ALFIP8CY18A7FP1A8IP0EP90A.pcm

SwiftExplicitDependencyGeneratePcm arm64 /Users/huangzhe/Documents/GitHub/OrangeLen/build/DerivedData/ModuleCache.noindex/_Builtin_float-2M29I320502RL1L9KTY01M6RN.pcm

SwiftExplicitDependencyGeneratePcm arm64 /Users/huangzhe/Documents/GitHub/OrangeLen/build/DerivedData/ModuleCache.noindex/ptrcheck-ETWB9Y4NEMRAGGPDFCJR9EEE8.pcm

SwiftExplicitDependencyGeneratePcm arm64 /Users/huangzhe/Documents/GitHub/OrangeLen/build/DerivedData/ModuleCache.noindex/SwiftShims-E273BJZNW460XT1I6I1QBDCZY.pcm

SwiftExplicitDependencyGeneratePcm arm64 /Users/huangzhe/Documents/GitHub/OrangeLen/build/DerivedData/ModuleCache.noindex/_AvailabilityInternal-8GUNY1NH4CAKGQN52GLPPF3CN.pcm

SwiftExplicitDependencyGeneratePcm arm64 /Users/huangzhe/Documents/GitHub/OrangeLen/build/DerivedData/ModuleCache.noindex/ptrauth-5A6EKU25MJ1RFJHQTXHWMK2S9.pcm

SwiftExplicitDependencyGeneratePcm arm64 /Users/huangzhe/Documents/GitHub/OrangeLen/build/DerivedData/ModuleCache.noindex/_SwiftConcurrencyShims-EQYQO4EAVCEB78O5QV5N7PD1L.pcm

SwiftExplicitDependencyGeneratePcm arm64 /Users/huangzhe/Documents/GitHub/OrangeLen/build/DerivedData/ModuleCache.noindex/DeveloperToolsSupport-8WCC25ZZ8Z9G7O4Z23F1W4COK.pcm

SwiftExplicitDependencyGeneratePcm arm64 /Users/huangzhe/Documents/GitHub/OrangeLen/build/DerivedData/ModuleCache.noindex/_Builtin_stdbool-E6Y01GLBGVV2DX4DG2A6GMKVV.pcm

SwiftExplicitDependencyGeneratePcm arm64 /Users/huangzhe/Documents/GitHub/OrangeLen/build/DerivedData/ModuleCache.noindex/_DarwinFoundation1-79MY46PXJ0B8ZCKNQ0LEQ5WNW.pcm

SwiftExplicitDependencyGeneratePcm arm64 /Users/huangzhe/Documents/GitHub/OrangeLen/build/DerivedData/ModuleCache.noindex/_DarwinFoundation2-30BU7L8ZM03B6DTFRA7S4GALG.pcm

SwiftExplicitDependencyGeneratePcm arm64 /Users/huangzhe/Documents/GitHub/OrangeLen/build/DerivedData/ModuleCache.noindex/_Builtin_limits-3FFE05MLZA4AXJ1L1KV1UULFK.pcm

SwiftExplicitDependencyGeneratePcm arm64 /Users/huangzhe/Documents/GitHub/OrangeLen/build/DerivedData/ModuleCache.noindex/sys_types-7202S8D59QCJ4SY0I8W8K3IY8.pcm

SwiftExplicitDependencyGeneratePcm arm64 /Users/huangzhe/Documents/GitHub/OrangeLen/build/DerivedData/ModuleCache.noindex/_Builtin_tgmath-19RHXE9X8958E4EHBXGXX5EYF.pcm

SwiftExplicitDependencyGeneratePcm arm64 /Users/huangzhe/Documents/GitHub/OrangeLen/build/DerivedData/ModuleCache.noindex/_Builtin_stdint-2EOIPYVHDDPU2RBDZM96T9EI6.pcm

SwiftExplicitDependencyGeneratePcm arm64 /Users/huangzhe/Documents/GitHub/OrangeLen/build/DerivedData/ModuleCache.noindex/_DarwinFoundation3-F35P4C0HBUYHXS3ZU7D2EVCRA.pcm

SwiftExplicitDependencyGeneratePcm arm64 /Users/huangzhe/Documents/GitHub/OrangeLen/build/DerivedData/ModuleCache.noindex/OpenGL-7IWEB2WX8XT27POKPOAJT0FIO.pcm

SwiftExplicitDependencyGeneratePcm arm64 /Users/huangzhe/Documents/GitHub/OrangeLen/build/DerivedData/ModuleCache.noindex/_Builtin_stdatomic-9XBFBDMFO43KW7P0ON5DTH7AY.pcm

SwiftExplicitDependencyGeneratePcm arm64 /Users/huangzhe/Documents/GitHub/OrangeLen/build/DerivedData/ModuleCache.noindex/libDER-7C5ABG0FN45F5GVZFTNFD8MU4.pcm

SwiftExplicitDependencyGeneratePcm arm64 /Users/huangzhe/Documents/GitHub/OrangeLen/build/DerivedData/ModuleCache.noindex/_Builtin_intrinsics-82KZVOJ0A4BRADSODRYI2UY0W.pcm

SwiftExplicitDependencyGeneratePcm arm64 /Users/huangzhe/Documents/GitHub/OrangeLen/build/DerivedData/ModuleCache.noindex/_Builtin_inttypes-7GDDI0648F2BLHT2KJSPWABHS.pcm

SwiftExplicitDependencyGeneratePcm arm64 /Users/huangzhe/Documents/GitHub/OrangeLen/build/DerivedData/ModuleCache.noindex/Darwin-TS8P9MWM3WIQ87UL11N2SGLE.pcm

SwiftExplicitDependencyGeneratePcm arm64 /Users/huangzhe/Documents/GitHub/OrangeLen/build/DerivedData/ModuleCache.noindex/simd-7EC4985VGH3ANLOJCMM3COWRI.pcm

SwiftDriverJobDiscovery normal arm64 Compiling PreviewViewController.swift (in target 'OrangeLenPreview' from project 'OrangeLen' at path '/Users/huangzhe/Documents/GitHub/OrangeLen/OrangeLen.xcodeproj')

SwiftDriver\ Compilation OrangeLenPreview normal arm64 com.apple.xcode.tools.swift.compiler (in target 'OrangeLenPreview' from project 'OrangeLen' at path '/Users/huangzhe/Documents/GitHub/OrangeLen/OrangeLen.xcodeproj')
    cd /Users/huangzhe/Documents/GitHub/OrangeLen
    builtin-Swift-Compilation -- /Applications/Xcode.app/Contents/Developer/Toolchains/XcodeDefault.xctoolchain/usr/bin/swiftc -module-name OrangeLenPreview -Onone @/Users/huangzhe/Documents/GitHub/OrangeLen/build/DerivedData/Build/Intermediates.noindex/OrangeLen.build/Debug/OrangeLenPreview.build/Objects-normal/arm64/OrangeLenPreview.SwiftFileList -DDEBUG -enable-bare-slash-regex -enable-experimental-feature DebugDescriptionMacro -sdk /Applications/Xcode.app/Contents/Developer/Platforms/MacOSX.platform/Developer/SDKs/MacOSX26.5.sdk -target arm64-apple-macos14.0 -g -module-cache-path /Users/huangzhe/Documents/GitHub/OrangeLen/build/DerivedData/ModuleCache.noindex -Xfrontend -serialize-debugging-options -application-extension -enable-testing -index-store-path /Users/huangzhe/Documents/GitHub/OrangeLen/build/DerivedData/Index.noindex/DataStore -Xcc -D_LIBCPP_HARDENING_MODE\=_LIBCPP_HARDENING_MODE_DEBUG -swift-version 5 -I /Users/huangzhe/Documents/GitHub/OrangeLen/build/DerivedData/Build/Products/Debug -F /Users/huangzhe/Documents/GitHub/OrangeLen/build/DerivedData/Build/Products/Debug/PackageFrameworks -F /Users/huangzhe/Documents/GitHub/OrangeLen/build/DerivedData/Build/Products/Debug/PackageFrameworks -F /Users/huangzhe/Documents/GitHub/OrangeLen/build/DerivedData/Build/Products/Debug -parse-as-library -c -j11 -enable-batch-mode -incremental -Xcc -ivfsstatcache -Xcc /Users/huangzhe/Documents/GitHub/OrangeLen/build/DerivedData/SDKStatCaches.noindex/macosx26.5-25F70-e082c4a02f00227109f4ed75e425c832.sdkstatcache -output-file-map /Users/huangzhe/Documents/GitHub/OrangeLen/build/DerivedData/Build/Intermediates.noindex/OrangeLen.build/Debug/OrangeLenPreview.build/Objects-normal/arm64/OrangeLenPreview-OutputFileMap.json -use-frontend-parseable-output -save-temps -no-color-diagnostics -explicit-module-build -module-cache-path /Users/huangzhe/Documents/GitHub/OrangeLen/build/DerivedData/Build/Intermediates.noindex/SwiftExplicitPrecompiledModules -clang-scanner-module-cache-path /Users/huangzhe/Documents/GitHub/OrangeLen/build/DerivedData/ModuleCache.noindex -sdk-module-cache-path /Users/huangzhe/Documents/GitHub/OrangeLen/build/DerivedData/ModuleCache.noindex -serialize-diagnostics -emit-dependencies -emit-module -emit-module-path /Users/huangzhe/Documents/GitHub/OrangeLen/build/DerivedData/Build/Intermediates.noindex/OrangeLen.build/Debug/OrangeLenPreview.build/Objects-normal/arm64/OrangeLenPreview.swiftmodule -validate-clang-modules-once -clang-build-session-file /Users/huangzhe/Documents/GitHub/OrangeLen/build/DerivedData/ModuleCache.noindex/Session.modulevalidation -Xcc -I/Users/huangzhe/Documents/GitHub/OrangeLen/build/DerivedData/Build/Intermediates.noindex/OrangeLen.build/Debug/OrangeLenPreview.build/swift-overrides.hmap -emit-const-values -Xfrontend -const-gather-protocols-file -Xfrontend /Users/huangzhe/Documents/GitHub/OrangeLen/build/DerivedData/Build/Intermediates.noindex/OrangeLen.build/Debug/OrangeLenPreview.build/Objects-normal/arm64/OrangeLenPreview_const_extract_protocols.json -Xcc -iquote -Xcc /Users/huangzhe/Documents/GitHub/OrangeLen/build/DerivedData/Build/Intermediates.noindex/OrangeLen.build/Debug/OrangeLenPreview.build/OrangeLenPreview-generated-files.hmap -Xcc -I/Users/huangzhe/Documents/GitHub/OrangeLen/build/DerivedData/Build/Intermediates.noindex/OrangeLen.build/Debug/OrangeLenPreview.build/OrangeLenPreview-own-target-headers.hmap -Xcc -I/Users/huangzhe/Documents/GitHub/OrangeLen/build/DerivedData/Build/Intermediates.noindex/OrangeLen.build/Debug/OrangeLenPreview.build/OrangeLenPreview-all-non-framework-target-headers.hmap -Xcc -ivfsoverlay -Xcc /Users/huangzhe/Documents/GitHub/OrangeLen/build/DerivedData/Build/Intermediates.noindex/OrangeLen.build/Debug/OrangeLen-858e2ff2c7d6a1eb168211f71310dee6-VFS/all-product-headers.yaml -Xcc -iquote -Xcc /Users/huangzhe/Documents/GitHub/OrangeLen/build/DerivedData/Build/Intermediates.noindex/OrangeLen.build/Debug/OrangeLenPreview.build/OrangeLenPreview-project-headers.hmap -Xcc -I/Users/huangzhe/Documents/GitHub/OrangeLen/build/DerivedData/Build/Products/Debug/include -Xcc -I/Users/huangzhe/Documents/GitHub/OrangeLen/build/DerivedData/Build/Intermediates.noindex/OrangeLen.build/Debug/OrangeLenPreview.build/DerivedSources-normal/arm64 -Xcc -I/Users/huangzhe/Documents/GitHub/OrangeLen/build/DerivedData/Build/Intermediates.noindex/OrangeLen.build/Debug/OrangeLenPreview.build/DerivedSources/arm64 -Xcc -I/Users/huangzhe/Documents/GitHub/OrangeLen/build/DerivedData/Build/Intermediates.noindex/OrangeLen.build/Debug/OrangeLenPreview.build/DerivedSources -Xcc -DDEBUG\=1 -emit-objc-header -emit-objc-header-path /Users/huangzhe/Documents/GitHub/OrangeLen/build/DerivedData/Build/Intermediates.noindex/OrangeLen.build/Debug/OrangeLenPreview.build/Objects-normal/arm64/OrangeLenPreview-Swift.h -working-directory /Users/huangzhe/Documents/GitHub/OrangeLen -experimental-emit-module-separately -disable-cmo

Ld /Users/huangzhe/Documents/GitHub/OrangeLen/build/DerivedData/Build/Products/Debug/OrangeLenPreview.appex/Contents/MacOS/OrangeLenPreview.debug.dylib normal (in target 'OrangeLenPreview' from project 'OrangeLen' at path '/Users/huangzhe/Documents/GitHub/OrangeLen/OrangeLen.xcodeproj')
    cd /Users/huangzhe/Documents/GitHub/OrangeLen
    /Applications/Xcode.app/Contents/Developer/Toolchains/XcodeDefault.xctoolchain/usr/bin/clang -Xlinker -reproducible -target arm64-apple-macos14.0 -dynamiclib -isysroot /Applications/Xcode.app/Contents/Developer/Platforms/MacOSX.platform/Developer/SDKs/MacOSX26.5.sdk -O0 -L/Users/huangzhe/Documents/GitHub/OrangeLen/build/DerivedData/Build/Intermediates.noindex/EagerLinkingTBDs/Debug -L/Users/huangzhe/Documents/GitHub/OrangeLen/build/DerivedData/Build/Products/Debug -F/Users/huangzhe/Documents/GitHub/OrangeLen/build/DerivedData/Build/Intermediates.noindex/EagerLinkingTBDs/Debug -F/Users/huangzhe/Documents/GitHub/OrangeLen/build/DerivedData/Build/Products/Debug/PackageFrameworks -F/Users/huangzhe/Documents/GitHub/OrangeLen/build/DerivedData/Build/Products/Debug/PackageFrameworks -F/Users/huangzhe/Documents/GitHub/OrangeLen/build/DerivedData/Build/Products/Debug -filelist /Users/huangzhe/Documents/GitHub/OrangeLen/build/DerivedData/Build/Intermediates.noindex/OrangeLen.build/Debug/OrangeLenPreview.build/Objects-normal/arm64/OrangeLenPreview.LinkFileList -install_name @rpath/OrangeLenPreview.debug.dylib -Xlinker -rpath -Xlinker /usr/lib/swift -Xlinker -rpath -Xlinker /Users/huangzhe/Documents/GitHub/OrangeLen/build/DerivedData/Build/Products/Debug/PackageFrameworks -Xlinker -rpath -Xlinker @executable_path/../Frameworks -Xlinker -rpath -Xlinker @executable_path/../../../../Frameworks -Xlinker -object_path_lto -Xlinker /Users/huangzhe/Documents/GitHub/OrangeLen/build/DerivedData/Build/Intermediates.noindex/OrangeLen.build/Debug/OrangeLenPreview.build/Objects-normal/arm64/OrangeLenPreview_lto.o -rdynamic -Xlinker -no_deduplicate -Xlinker -dependency_info -Xlinker /Users/huangzhe/Documents/GitHub/OrangeLen/build/DerivedData/Build/Intermediates.noindex/OrangeLen.build/Debug/OrangeLenPreview.build/Objects-normal/arm64/OrangeLenPreview_dependency_info.dat -fapplication-extension -fobjc-link-runtime -L/Applications/Xcode.app/Contents/Developer/Toolchains/XcodeDefault.xctoolchain/usr/lib/swift/macosx -L/usr/lib/swift -Xlinker -add_ast_path -Xlinker /Users/huangzhe/Documents/GitHub/OrangeLen/build/DerivedData/Build/Intermediates.noindex/OrangeLen.build/Debug/OrangeLenPreview.build/Objects-normal/arm64/OrangeLenPreview.swiftmodule @/Users/huangzhe/Documents/GitHub/OrangeLen/build/DerivedData/Build/Intermediates.noindex/OrangeLen.build/Debug/OrangeLenPreview.build/Objects-normal/arm64/OrangeLenPreview-linker-args.resp -Wl,-no_warn_duplicate_libraries -Wl,-no_warn_duplicate_libraries -Xlinker -alias -Xlinker _NSExtensionMain -Xlinker ___debug_main_executable_dylib_entry_point -Xlinker -no_adhoc_codesign -o /Users/huangzhe/Documents/GitHub/OrangeLen/build/DerivedData/Build/Products/Debug/OrangeLenPreview.appex/Contents/MacOS/OrangeLenPreview.debug.dylib -Xlinker -add_ast_path -Xlinker /Users/huangzhe/Documents/GitHub/OrangeLen/build/DerivedData/Build/Intermediates.noindex/OrangeLen.build/Debug/OrangeLenUI.build/Objects-normal/arm64/OrangeLenUI.swiftmodule @/Users/huangzhe/Documents/GitHub/OrangeLen/build/DerivedData/Build/Intermediates.noindex/OrangeLen.build/Debug/OrangeLenUI.build/Objects-normal/arm64/OrangeLenUI-linker-args.resp -Xlinker -add_ast_path -Xlinker /Users/huangzhe/Documents/GitHub/OrangeLen/build/DerivedData/Build/Intermediates.noindex/OrangeLen.build/Debug/OrangeLenCore.build/Objects-normal/arm64/OrangeLenCore.swiftmodule @/Users/huangzhe/Documents/GitHub/OrangeLen/build/DerivedData/Build/Intermediates.noindex/OrangeLen.build/Debug/OrangeLenCore.build/Objects-normal/arm64/OrangeLenCore-linker-args.resp

SwiftExplicitDependencyGeneratePcm arm64 /Users/huangzhe/Documents/GitHub/OrangeLen/build/DerivedData/ModuleCache.noindex/launch-EVWJ04NX04N25DZAHOE87WMFR.pcm

SwiftExplicitDependencyGeneratePcm arm64 /Users/huangzhe/Documents/GitHub/OrangeLen/build/DerivedData/ModuleCache.noindex/CUPS-9CUVJGFEBP63DDKHYPAQPNMG7.pcm

SwiftExplicitDependencyGeneratePcm arm64 /Users/huangzhe/Documents/GitHub/OrangeLen/build/DerivedData/ModuleCache.noindex/libkern-ASH632AWQLCGD0FYESDQXDTSX.pcm

SwiftExplicitDependencyGeneratePcm arm64 /Users/huangzhe/Documents/GitHub/OrangeLen/build/DerivedData/ModuleCache.noindex/MachO-DAC0PYIPSMB3UYX1P6C34P2PN.pcm

ConstructStubExecutorLinkFileList /Users/huangzhe/Documents/GitHub/OrangeLen/build/DerivedData/Build/Intermediates.noindex/OrangeLen.build/Debug/OrangeLenPreview.build/OrangeLenPreview-ExecutorLinkFileList-normal-arm64.txt (in target 'OrangeLenPreview' from project 'OrangeLen' at path '/Users/huangzhe/Documents/GitHub/OrangeLen/OrangeLen.xcodeproj')
    cd /Users/huangzhe/Documents/GitHub/OrangeLen
    construct-stub-executor-link-file-list /Users/huangzhe/Documents/GitHub/OrangeLen/build/DerivedData/Build/Products/Debug/OrangeLenPreview.appex/Contents/MacOS/OrangeLenPreview.debug.dylib /Applications/Xcode.app/Contents/Developer/Platforms/MacOSX.platform/Developer/usr/lib/libPreviewsJITStubExecutor_no_swift_entry_point.a /Applications/Xcode.app/Contents/Developer/Platforms/MacOSX.platform/Developer/usr/lib/libPreviewsJITStubExecutor.a --output /Users/huangzhe/Documents/GitHub/OrangeLen/build/DerivedData/Build/Intermediates.noindex/OrangeLen.build/Debug/OrangeLenPreview.build/OrangeLenPreview-ExecutorLinkFileList-normal-arm64.txt
note: Using stub executor library without Swift entry point. (in target 'OrangeLenPreview' from project 'OrangeLen' at path '/Users/huangzhe/Documents/GitHub/OrangeLen/OrangeLen.xcodeproj')

Ld /Users/huangzhe/Documents/GitHub/OrangeLen/build/DerivedData/Build/Products/Debug/OrangeLenPreview.appex/Contents/MacOS/OrangeLenPreview normal (in target 'OrangeLenPreview' from project 'OrangeLen' at path '/Users/huangzhe/Documents/GitHub/OrangeLen/OrangeLen.xcodeproj')
    cd /Users/huangzhe/Documents/GitHub/OrangeLen
    /Applications/Xcode.app/Contents/Developer/Toolchains/XcodeDefault.xctoolchain/usr/bin/clang -Xlinker -reproducible -target arm64-apple-macos14.0 -isysroot /Applications/Xcode.app/Contents/Developer/Platforms/MacOSX.platform/Developer/SDKs/MacOSX26.5.sdk -O0 -L/Users/huangzhe/Documents/GitHub/OrangeLen/build/DerivedData/Build/Products/Debug -F/Users/huangzhe/Documents/GitHub/OrangeLen/build/DerivedData/Build/Products/Debug/PackageFrameworks -F/Users/huangzhe/Documents/GitHub/OrangeLen/build/DerivedData/Build/Products/Debug/PackageFrameworks -F/Users/huangzhe/Documents/GitHub/OrangeLen/build/DerivedData/Build/Products/Debug -Xlinker -rpath -Xlinker @executable_path -Xlinker -rpath -Xlinker /Users/huangzhe/Documents/GitHub/OrangeLen/build/DerivedData/Build/Products/Debug/PackageFrameworks -Xlinker -rpath -Xlinker @executable_path/../Frameworks -Xlinker -rpath -Xlinker @executable_path/../../../../Frameworks -rdynamic -Xlinker -no_deduplicate -e ___debug_blank_executor_main -Xlinker -sectcreate -Xlinker __TEXT -Xlinker __debug_dylib -Xlinker /Users/huangzhe/Documents/GitHub/OrangeLen/build/DerivedData/Build/Intermediates.noindex/OrangeLen.build/Debug/OrangeLenPreview.build/OrangeLenPreview-DebugDylibPath-normal-arm64.txt -Xlinker -sectcreate -Xlinker __TEXT -Xlinker __debug_entry -Xlinker /Users/huangzhe/Documents/GitHub/OrangeLen/build/DerivedData/Build/Intermediates.noindex/OrangeLen.build/Debug/OrangeLenPreview.build/OrangeLenPreview-DebugEntryPoint-normal-arm64.txt -Xlinker -sectcreate -Xlinker __TEXT -Xlinker __debug_instlnm -Xlinker /Users/huangzhe/Documents/GitHub/OrangeLen/build/DerivedData/Build/Intermediates.noindex/OrangeLen.build/Debug/OrangeLenPreview.build/OrangeLenPreview-DebugDylibInstallName-normal-arm64.txt -Xlinker -filelist -Xlinker /Users/huangzhe/Documents/GitHub/OrangeLen/build/DerivedData/Build/Intermediates.noindex/OrangeLen.build/Debug/OrangeLenPreview.build/OrangeLenPreview-ExecutorLinkFileList-normal-arm64.txt /Users/huangzhe/Documents/GitHub/OrangeLen/build/DerivedData/Build/Products/Debug/OrangeLenPreview.appex/Contents/MacOS/OrangeLenPreview.debug.dylib -Xlinker -no_adhoc_codesign -o /Users/huangzhe/Documents/GitHub/OrangeLen/build/DerivedData/Build/Products/Debug/OrangeLenPreview.appex/Contents/MacOS/OrangeLenPreview

SwiftExplicitDependencyGeneratePcm arm64 /Users/huangzhe/Documents/GitHub/OrangeLen/build/DerivedData/ModuleCache.noindex/Spatial-2SGGG86YEGYAS0MWUOMYU70Q.pcm

SwiftExplicitDependencyGeneratePcm arm64 /Users/huangzhe/Documents/GitHub/OrangeLen/build/DerivedData/ModuleCache.noindex/ObjectiveC-9IP436YUKIM5HXTYDWV1J9BU2.pcm

ExtractAppIntentsMetadata (in target 'OrangeLenPreview' from project 'OrangeLen' at path '/Users/huangzhe/Documents/GitHub/OrangeLen/OrangeLen.xcodeproj')
    cd /Users/huangzhe/Documents/GitHub/OrangeLen
    /Applications/Xcode.app/Contents/Developer/Toolchains/XcodeDefault.xctoolchain/usr/bin/appintentsmetadataprocessor --toolchain-dir /Applications/Xcode.app/Contents/Developer/Toolchains/XcodeDefault.xctoolchain --module-name OrangeLenPreview --sdk-root /Applications/Xcode.app/Contents/Developer/Platforms/MacOSX.platform/Developer/SDKs/MacOSX26.5.sdk --xcode-version 17F42 --platform-family macOS --deployment-target 14.0 --bundle-identifier local.OrangeLen.Preview --output /Users/huangzhe/Documents/GitHub/OrangeLen/build/DerivedData/Build/Products/Debug/OrangeLenPreview.appex/Contents/Resources --target-triple arm64-apple-macos14.0 --binary-file /Users/huangzhe/Documents/GitHub/OrangeLen/build/DerivedData/Build/Products/Debug/OrangeLenPreview.appex/Contents/MacOS/OrangeLenPreview --dependency-file /Users/huangzhe/Documents/GitHub/OrangeLen/build/DerivedData/Build/Intermediates.noindex/OrangeLen.build/Debug/OrangeLenPreview.build/Objects-normal/arm64/OrangeLenPreview_dependency_info.dat --stringsdata-file /Users/huangzhe/Documents/GitHub/OrangeLen/build/DerivedData/Build/Intermediates.noindex/OrangeLen.build/Debug/OrangeLenPreview.build/Objects-normal/arm64/ExtractedAppShortcutsMetadata.stringsdata --source-file-list /Users/huangzhe/Documents/GitHub/OrangeLen/build/DerivedData/Build/Intermediates.noindex/OrangeLen.build/Debug/OrangeLenPreview.build/Objects-normal/arm64/OrangeLenPreview.SwiftFileList --metadata-file-list /Users/huangzhe/Documents/GitHub/OrangeLen/build/DerivedData/Build/Intermediates.noindex/OrangeLen.build/Debug/OrangeLenPreview.build/OrangeLenPreview.DependencyMetadataFileList --static-metadata-file-list /Users/huangzhe/Documents/GitHub/OrangeLen/build/DerivedData/Build/Intermediates.noindex/OrangeLen.build/Debug/OrangeLenPreview.build/OrangeLenPreview.DependencyStaticMetadataFileList --swift-const-vals-list /Users/huangzhe/Documents/GitHub/OrangeLen/build/DerivedData/Build/Intermediates.noindex/OrangeLen.build/Debug/OrangeLenPreview.build/Objects-normal/arm64/OrangeLenPreview.SwiftConstValuesFileList --compile-time-extraction --deployment-aware-processing --validate-assistant-intents --no-app-shortcuts-localization
2026-10-03 11:47:21.151 appintentsmetadataprocessor[71422:12505493] Starting appintentsmetadataprocessor export
2026-10-03 11:47:21.153 appintentsmetadataprocessor[71422:12505493] warning: Metadata extraction skipped. No AppIntents.framework dependency found.

CodeSign /Users/huangzhe/Documents/GitHub/OrangeLen/build/DerivedData/Build/Products/Debug/OrangeLenPreview.appex/Contents/MacOS/OrangeLenPreview.debug.dylib (in target 'OrangeLenPreview' from project 'OrangeLen' at path '/Users/huangzhe/Documents/GitHub/OrangeLen/OrangeLen.xcodeproj')
    cd /Users/huangzhe/Documents/GitHub/OrangeLen
    
    Signing Identity:     "Sign to Run Locally"
    
    /usr/bin/codesign --force --sign - --timestamp\=none --generate-entitlement-der /Users/huangzhe/Documents/GitHub/OrangeLen/build/DerivedData/Build/Products/Debug/OrangeLenPreview.appex/Contents/MacOS/OrangeLenPreview.debug.dylib

CodeSign /Users/huangzhe/Documents/GitHub/OrangeLen/build/DerivedData/Build/Products/Debug/OrangeLenPreview.appex/Contents/MacOS/__preview.dylib (in target 'OrangeLenPreview' from project 'OrangeLen' at path '/Users/huangzhe/Documents/GitHub/OrangeLen/OrangeLen.xcodeproj')
    cd /Users/huangzhe/Documents/GitHub/OrangeLen
    
    Signing Identity:     "Sign to Run Locally"
    
    /usr/bin/codesign --force --sign - --timestamp\=none --generate-entitlement-der /Users/huangzhe/Documents/GitHub/OrangeLen/build/DerivedData/Build/Products/Debug/OrangeLenPreview.appex/Contents/MacOS/__preview.dylib

CodeSign /Users/huangzhe/Documents/GitHub/OrangeLen/build/DerivedData/Build/Products/Debug/OrangeLenPreview.appex (in target 'OrangeLenPreview' from project 'OrangeLen' at path '/Users/huangzhe/Documents/GitHub/OrangeLen/OrangeLen.xcodeproj')
    cd /Users/huangzhe/Documents/GitHub/OrangeLen
    
    Signing Identity:     "Sign to Run Locally"
    
    /usr/bin/codesign --force --sign - --entitlements /Users/huangzhe/Documents/GitHub/OrangeLen/build/DerivedData/Build/Intermediates.noindex/OrangeLen.build/Debug/OrangeLenPreview.build/OrangeLenPreview.appex.xcent --timestamp\=none --generate-entitlement-der /Users/huangzhe/Documents/GitHub/OrangeLen/build/DerivedData/Build/Products/Debug/OrangeLenPreview.appex

SwiftExplicitDependencyGeneratePcm arm64 /Users/huangzhe/Documents/GitHub/OrangeLen/build/DerivedData/ModuleCache.noindex/os_object-ADJT8YMZJSI1KTVEWIFV6JZ05.pcm

RegisterExecutionPolicyException /Users/huangzhe/Documents/GitHub/OrangeLen/build/DerivedData/Build/Products/Debug/OrangeLenPreview.appex (in target 'OrangeLenPreview' from project 'OrangeLen' at path '/Users/huangzhe/Documents/GitHub/OrangeLen/OrangeLen.xcodeproj')
    cd /Users/huangzhe/Documents/GitHub/OrangeLen
    builtin-RegisterExecutionPolicyException /Users/huangzhe/Documents/GitHub/OrangeLen/build/DerivedData/Build/Products/Debug/OrangeLenPreview.appex

Touch /Users/huangzhe/Documents/GitHub/OrangeLen/build/DerivedData/Build/Products/Debug/OrangeLenPreview.appex (in target 'OrangeLenPreview' from project 'OrangeLen' at path '/Users/huangzhe/Documents/GitHub/OrangeLen/OrangeLen.xcodeproj')
    cd /Users/huangzhe/Documents/GitHub/OrangeLen
    /usr/bin/touch -c /Users/huangzhe/Documents/GitHub/OrangeLen/build/DerivedData/Build/Products/Debug/OrangeLenPreview.appex

Ld /Users/huangzhe/Documents/GitHub/OrangeLen/build/DerivedData/Build/Products/Debug/OrangeLen.app/Contents/MacOS/__preview.dylib normal (in target 'OrangeLen' from project 'OrangeLen' at path '/Users/huangzhe/Documents/GitHub/OrangeLen/OrangeLen.xcodeproj')
    cd /Users/huangzhe/Documents/GitHub/OrangeLen
    /Applications/Xcode.app/Contents/Developer/Toolchains/XcodeDefault.xctoolchain/usr/bin/clang -Xlinker -reproducible -target arm64-apple-macos14.0 -dynamiclib -isysroot /Applications/Xcode.app/Contents/Developer/Platforms/MacOSX.platform/Developer/SDKs/MacOSX26.5.sdk -O0 -L/Users/huangzhe/Documents/GitHub/OrangeLen/build/DerivedData/Build/Products/Debug -F/Users/huangzhe/Documents/GitHub/OrangeLen/build/DerivedData/Build/Products/Debug/PackageFrameworks -F/Users/huangzhe/Documents/GitHub/OrangeLen/build/DerivedData/Build/Products/Debug/PackageFrameworks -F/Users/huangzhe/Documents/GitHub/OrangeLen/build/DerivedData/Build/Products/Debug -install_name @rpath/OrangeLen.debug.dylib -rdynamic -Xlinker -no_deduplicate -Xlinker -dependency_info -Xlinker /Users/huangzhe/Documents/GitHub/OrangeLen/build/DerivedData/Build/Intermediates.noindex/OrangeLen.build/Debug/OrangeLen.build/Objects-normal/arm64/OrangeLen_dependency_info.dat -Xlinker -no_adhoc_codesign -o /Users/huangzhe/Documents/GitHub/OrangeLen/build/DerivedData/Build/Products/Debug/OrangeLen.app/Contents/MacOS/__preview.dylib

SwiftExplicitDependencyGeneratePcm arm64 /Users/huangzhe/Documents/GitHub/OrangeLen/build/DerivedData/ModuleCache.noindex/os_workgroup-1EM7C78UEN4W6AV8PXHO8R7HV.pcm

SwiftExplicitDependencyGeneratePcm arm64 /Users/huangzhe/Documents/GitHub/OrangeLen/build/DerivedData/ModuleCache.noindex/Dispatch-1ZW522YAWKJ8SUDFBKT8MM5XP.pcm

SwiftExplicitDependencyGeneratePcm arm64 /Users/huangzhe/Documents/GitHub/OrangeLen/build/DerivedData/ModuleCache.noindex/XPC-7LMDHMOFJWD5OXJ71462R5RCD.pcm

SwiftExplicitDependencyGeneratePcm arm64 /Users/huangzhe/Documents/GitHub/OrangeLen/build/DerivedData/ModuleCache.noindex/CoreFoundation-AA00FLKE4I79A834UN0BOVNES.pcm

SwiftExplicitDependencyGeneratePcm arm64 /Users/huangzhe/Documents/GitHub/OrangeLen/build/DerivedData/ModuleCache.noindex/os-DL1HXVJ1HSXB6CPO9WXQH3CVZ.pcm

SwiftExplicitDependencyGeneratePcm arm64 /Users/huangzhe/Documents/GitHub/OrangeLen/build/DerivedData/ModuleCache.noindex/Security-1MLAJON8AH4TP1L5IW3LSYP29.pcm

SwiftExplicitDependencyGeneratePcm arm64 /Users/huangzhe/Documents/GitHub/OrangeLen/build/DerivedData/ModuleCache.noindex/IOKit-E5MLTUYC5AFREZR74G54GMW42.pcm

SwiftExplicitDependencyGeneratePcm arm64 /Users/huangzhe/Documents/GitHub/OrangeLen/build/DerivedData/ModuleCache.noindex/ColorSync-DSGN8HBK9OZ7XSIVKOPOGSIAG.pcm

SwiftExplicitDependencyGeneratePcm arm64 /Users/huangzhe/Documents/GitHub/OrangeLen/build/DerivedData/ModuleCache.noindex/CFNetwork-1VD33OF8H7OQ0OE9VXXK6OJFW.pcm

SwiftExplicitDependencyGeneratePcm arm64 /Users/huangzhe/Documents/GitHub/OrangeLen/build/DerivedData/ModuleCache.noindex/DiskArbitration-EJVBVBN9G976OWO89HR3QFM8J.pcm

SwiftExplicitDependencyGeneratePcm arm64 /Users/huangzhe/Documents/GitHub/OrangeLen/build/DerivedData/ModuleCache.noindex/CoreGraphics-4LJ92OAPUTOPBG2TS47RPP30B.pcm

SwiftExplicitDependencyGeneratePcm arm64 /Users/huangzhe/Documents/GitHub/OrangeLen/build/DerivedData/ModuleCache.noindex/CoreServices-9ALTFWE9GKCJNUGGASUMRL7SJ.pcm

SwiftExplicitDependencyGeneratePcm arm64 /Users/huangzhe/Documents/GitHub/OrangeLen/build/DerivedData/ModuleCache.noindex/ImageIO-BGULOTYT13TG7EQKD07314IM.pcm

SwiftExplicitDependencyGeneratePcm arm64 /Users/huangzhe/Documents/GitHub/OrangeLen/build/DerivedData/ModuleCache.noindex/CoreText-97AAAZ8N8LBZX8WLY6ESKBUQE.pcm

SwiftExplicitDependencyGeneratePcm arm64 /Users/huangzhe/Documents/GitHub/OrangeLen/build/DerivedData/ModuleCache.noindex/Foundation-55GX797PBKAQPX42BMUSB3WPA.pcm

SwiftExplicitDependencyGeneratePcm arm64 /Users/huangzhe/Documents/GitHub/OrangeLen/build/DerivedData/ModuleCache.noindex/UniformTypeIdentifiers-2AZ0PZ0PNRCFUNX0J0SQGE4G5.pcm

SwiftExplicitDependencyGeneratePcm arm64 /Users/huangzhe/Documents/GitHub/OrangeLen/build/DerivedData/ModuleCache.noindex/IOSurface-3NHNUZDT70AUAKZME2RDIA8L.pcm

SwiftExplicitDependencyGeneratePcm arm64 /Users/huangzhe/Documents/GitHub/OrangeLen/build/DerivedData/ModuleCache.noindex/ApplicationServices-3I2RNZCVWTA8VS9AH8OBTEGHO.pcm

SwiftExplicitDependencyGeneratePcm arm64 /Users/huangzhe/Documents/GitHub/OrangeLen/build/DerivedData/ModuleCache.noindex/Symbols-2GTJIK11YDR4JLZISQQLJ2I9X.pcm

SwiftExplicitDependencyGeneratePcm arm64 /Users/huangzhe/Documents/GitHub/OrangeLen/build/DerivedData/ModuleCache.noindex/Accessibility-B6VFFWTLGZFAILKSE5YDSN3EE.pcm

SwiftExplicitDependencyGeneratePcm arm64 /Users/huangzhe/Documents/GitHub/OrangeLen/build/DerivedData/ModuleCache.noindex/DataDetection-CZRSEX52SANQETMSLREX9O0SU.pcm

SwiftExplicitDependencyGeneratePcm arm64 /Users/huangzhe/Documents/GitHub/OrangeLen/build/DerivedData/ModuleCache.noindex/CoreTransferable-26FOG1E84LPVKXUPLN91KLX88.pcm

SwiftExplicitDependencyGeneratePcm arm64 /Users/huangzhe/Documents/GitHub/OrangeLen/build/DerivedData/ModuleCache.noindex/CoreData-CSNLVNBI5EYBW78LPGOH09VJ3.pcm

SwiftExplicitDependencyGeneratePcm arm64 /Users/huangzhe/Documents/GitHub/OrangeLen/build/DerivedData/ModuleCache.noindex/OSLog-2W0QJX7JEPKBPI2IT5LQEZOQK.pcm

SwiftExplicitDependencyGeneratePcm arm64 /Users/huangzhe/Documents/GitHub/OrangeLen/build/DerivedData/ModuleCache.noindex/Metal-OWNDQN2431U1CF94S6U8GRQO.pcm

SwiftExplicitDependencyGeneratePcm arm64 /Users/huangzhe/Documents/GitHub/OrangeLen/build/DerivedData/ModuleCache.noindex/CoreVideo-CEU36A80OMQKSUGJRCMU1QHDW.pcm

SwiftExplicitDependencyGeneratePcm arm64 /Users/huangzhe/Documents/GitHub/OrangeLen/build/DerivedData/ModuleCache.noindex/QuartzCore-9MWFXPL7UD1AS71XMQNS6HHCK.pcm

SwiftExplicitDependencyGeneratePcm arm64 /Users/huangzhe/Documents/GitHub/OrangeLen/build/DerivedData/ModuleCache.noindex/CoreImage-71OIKS32OKNCZT5BWY68W678F.pcm

SwiftExplicitDependencyGeneratePcm arm64 /Users/huangzhe/Documents/GitHub/OrangeLen/build/DerivedData/ModuleCache.noindex/SwiftUICore-CPUS4BBRC9WFN98DXXZKTJO8K.pcm

SwiftExplicitDependencyGeneratePcm arm64 /Users/huangzhe/Documents/GitHub/OrangeLen/build/DerivedData/ModuleCache.noindex/AppKit-330EM22GKJQLTKID0KKV3E21F.pcm

SwiftCompile normal arm64 Compiling\ AppDelegate.swift /Users/huangzhe/Documents/GitHub/OrangeLen/App/AppDelegate.swift (in target 'OrangeLen' from project 'OrangeLen' at path '/Users/huangzhe/Documents/GitHub/OrangeLen/OrangeLen.xcodeproj')

SwiftCompile normal arm64 /Users/huangzhe/Documents/GitHub/OrangeLen/App/AppDelegate.swift (in target 'OrangeLen' from project 'OrangeLen' at path '/Users/huangzhe/Documents/GitHub/OrangeLen/OrangeLen.xcodeproj')
    cd /Users/huangzhe/Documents/GitHub/OrangeLen
    

SwiftEmitModule normal arm64 Emitting\ module\ for\ OrangeLen (in target 'OrangeLen' from project 'OrangeLen' at path '/Users/huangzhe/Documents/GitHub/OrangeLen/OrangeLen.xcodeproj')

SwiftCompile normal arm64 /Users/huangzhe/Documents/GitHub/OrangeLen/App/AppDelegate.swift (in target 'OrangeLen' from project 'OrangeLen' at path '/Users/huangzhe/Documents/GitHub/OrangeLen/OrangeLen.xcodeproj')
    cd /Users/huangzhe/Documents/GitHub/OrangeLen
    

SwiftDriverJobDiscovery normal arm64 Emitting module for OrangeLen (in target 'OrangeLen' from project 'OrangeLen' at path '/Users/huangzhe/Documents/GitHub/OrangeLen/OrangeLen.xcodeproj')

SwiftDriver\ Compilation\ Requirements OrangeLen normal arm64 com.apple.xcode.tools.swift.compiler (in target 'OrangeLen' from project 'OrangeLen' at path '/Users/huangzhe/Documents/GitHub/OrangeLen/OrangeLen.xcodeproj')
    cd /Users/huangzhe/Documents/GitHub/OrangeLen
    builtin-Swift-Compilation-Requirements -- /Applications/Xcode.app/Contents/Developer/Toolchains/XcodeDefault.xctoolchain/usr/bin/swiftc -module-name OrangeLen -Onone @/Users/huangzhe/Documents/GitHub/OrangeLen/build/DerivedData/Build/Intermediates.noindex/OrangeLen.build/Debug/OrangeLen.build/Objects-normal/arm64/OrangeLen.SwiftFileList -DDEBUG -enable-bare-slash-regex -enable-experimental-feature DebugDescriptionMacro -sdk /Applications/Xcode.app/Contents/Developer/Platforms/MacOSX.platform/Developer/SDKs/MacOSX26.5.sdk -target arm64-apple-macos14.0 -g -module-cache-path /Users/huangzhe/Documents/GitHub/OrangeLen/build/DerivedData/ModuleCache.noindex -Xfrontend -serialize-debugging-options -enable-testing -index-store-path /Users/huangzhe/Documents/GitHub/OrangeLen/build/DerivedData/Index.noindex/DataStore -Xcc -D_LIBCPP_HARDENING_MODE\=_LIBCPP_HARDENING_MODE_DEBUG -swift-version 5 -I /Users/huangzhe/Documents/GitHub/OrangeLen/build/DerivedData/Build/Products/Debug -F /Users/huangzhe/Documents/GitHub/OrangeLen/build/DerivedData/Build/Products/Debug/PackageFrameworks -F /Users/huangzhe/Documents/GitHub/OrangeLen/build/DerivedData/Build/Products/Debug/PackageFrameworks -F /Users/huangzhe/Documents/GitHub/OrangeLen/build/DerivedData/Build/Products/Debug -parse-as-library -c -j11 -enable-batch-mode -incremental -Xcc -ivfsstatcache -Xcc /Users/huangzhe/Documents/GitHub/OrangeLen/build/DerivedData/SDKStatCaches.noindex/macosx26.5-25F70-e082c4a02f00227109f4ed75e425c832.sdkstatcache -output-file-map /Users/huangzhe/Documents/GitHub/OrangeLen/build/DerivedData/Build/Intermediates.noindex/OrangeLen.build/Debug/OrangeLen.build/Objects-normal/arm64/OrangeLen-OutputFileMap.json -use-frontend-parseable-output -save-temps -no-color-diagnostics -explicit-module-build -module-cache-path /Users/huangzhe/Documents/GitHub/OrangeLen/build/DerivedData/Build/Intermediates.noindex/SwiftExplicitPrecompiledModules -clang-scanner-module-cache-path /Users/huangzhe/Documents/GitHub/OrangeLen/build/DerivedData/ModuleCache.noindex -sdk-module-cache-path /Users/huangzhe/Documents/GitHub/OrangeLen/build/DerivedData/ModuleCache.noindex -serialize-diagnostics -emit-dependencies -emit-module -emit-module-path /Users/huangzhe/Documents/GitHub/OrangeLen/build/DerivedData/Build/Intermediates.noindex/OrangeLen.build/Debug/OrangeLen.build/Objects-normal/arm64/OrangeLen.swiftmodule -validate-clang-modules-once -clang-build-session-file /Users/huangzhe/Documents/GitHub/OrangeLen/build/DerivedData/ModuleCache.noindex/Session.modulevalidation -Xcc -I/Users/huangzhe/Documents/GitHub/OrangeLen/build/DerivedData/Build/Intermediates.noindex/OrangeLen.build/Debug/OrangeLen.build/swift-overrides.hmap -emit-const-values -Xfrontend -const-gather-protocols-file -Xfrontend /Users/huangzhe/Documents/GitHub/OrangeLen/build/DerivedData/Build/Intermediates.noindex/OrangeLen.build/Debug/OrangeLen.build/Objects-normal/arm64/OrangeLen_const_extract_protocols.json -Xcc -iquote -Xcc /Users/huangzhe/Documents/GitHub/OrangeLen/build/DerivedData/Build/Intermediates.noindex/OrangeLen.build/Debug/OrangeLen.build/OrangeLen-generated-files.hmap -Xcc -I/Users/huangzhe/Documents/GitHub/OrangeLen/build/DerivedData/Build/Intermediates.noindex/OrangeLen.build/Debug/OrangeLen.build/OrangeLen-own-target-headers.hmap -Xcc -I/Users/huangzhe/Documents/GitHub/OrangeLen/build/DerivedData/Build/Intermediates.noindex/OrangeLen.build/Debug/OrangeLen.build/OrangeLen-all-non-framework-target-headers.hmap -Xcc -ivfsoverlay -Xcc /Users/huangzhe/Documents/GitHub/OrangeLen/build/DerivedData/Build/Intermediates.noindex/OrangeLen.build/Debug/OrangeLen-858e2ff2c7d6a1eb168211f71310dee6-VFS/all-product-headers.yaml -Xcc -iquote -Xcc /Users/huangzhe/Documents/GitHub/OrangeLen/build/DerivedData/Build/Intermediates.noindex/OrangeLen.build/Debug/OrangeLen.build/OrangeLen-project-headers.hmap -Xcc -I/Users/huangzhe/Documents/GitHub/OrangeLen/build/DerivedData/Build/Products/Debug/include -Xcc -I/Users/huangzhe/Documents/GitHub/OrangeLen/build/DerivedData/Build/Intermediates.noindex/OrangeLen.build/Debug/OrangeLen.build/DerivedSources-normal/arm64 -Xcc -I/Users/huangzhe/Documents/GitHub/OrangeLen/build/DerivedData/Build/Intermediates.noindex/OrangeLen.build/Debug/OrangeLen.build/DerivedSources/arm64 -Xcc -I/Users/huangzhe/Documents/GitHub/OrangeLen/build/DerivedData/Build/Intermediates.noindex/OrangeLen.build/Debug/OrangeLen.build/DerivedSources -Xcc -DDEBUG\=1 -emit-objc-header -emit-objc-header-path /Users/huangzhe/Documents/GitHub/OrangeLen/build/DerivedData/Build/Intermediates.noindex/OrangeLen.build/Debug/OrangeLen.build/Objects-normal/arm64/OrangeLen-Swift.h -working-directory /Users/huangzhe/Documents/GitHub/OrangeLen -experimental-emit-module-separately -disable-cmo

SwiftMergeGeneratedHeaders /Users/huangzhe/Documents/GitHub/OrangeLen/build/DerivedData/Build/Intermediates.noindex/OrangeLen.build/Debug/OrangeLen.build/DerivedSources/OrangeLen-Swift.h /Users/huangzhe/Documents/GitHub/OrangeLen/build/DerivedData/Build/Intermediates.noindex/OrangeLen.build/Debug/OrangeLen.build/Objects-normal/arm64/OrangeLen-Swift.h (in target 'OrangeLen' from project 'OrangeLen' at path '/Users/huangzhe/Documents/GitHub/OrangeLen/OrangeLen.xcodeproj')
    cd /Users/huangzhe/Documents/GitHub/OrangeLen
    builtin-swiftHeaderTool -arch arm64 /Users/huangzhe/Documents/GitHub/OrangeLen/build/DerivedData/Build/Intermediates.noindex/OrangeLen.build/Debug/OrangeLen.build/Objects-normal/arm64/OrangeLen-Swift.h -o /Users/huangzhe/Documents/GitHub/OrangeLen/build/DerivedData/Build/Intermediates.noindex/OrangeLen.build/Debug/OrangeLen.build/DerivedSources/OrangeLen-Swift.h

Copy /Users/huangzhe/Documents/GitHub/OrangeLen/build/DerivedData/Build/Products/Debug/OrangeLen.swiftmodule/arm64-apple-macos.abi.json /Users/huangzhe/Documents/GitHub/OrangeLen/build/DerivedData/Build/Intermediates.noindex/OrangeLen.build/Debug/OrangeLen.build/Objects-normal/arm64/OrangeLen.abi.json (in target 'OrangeLen' from project 'OrangeLen' at path '/Users/huangzhe/Documents/GitHub/OrangeLen/OrangeLen.xcodeproj')
    cd /Users/huangzhe/Documents/GitHub/OrangeLen
    builtin-copy -exclude .DS_Store -exclude CVS -exclude .svn -exclude .git -exclude .hg -resolve-src-symlinks -rename /Users/huangzhe/Documents/GitHub/OrangeLen/build/DerivedData/Build/Intermediates.noindex/OrangeLen.build/Debug/OrangeLen.build/Objects-normal/arm64/OrangeLen.abi.json /Users/huangzhe/Documents/GitHub/OrangeLen/build/DerivedData/Build/Products/Debug/OrangeLen.swiftmodule/arm64-apple-macos.abi.json

Copy /Users/huangzhe/Documents/GitHub/OrangeLen/build/DerivedData/Build/Products/Debug/OrangeLen.swiftmodule/arm64-apple-macos.swiftmodule /Users/huangzhe/Documents/GitHub/OrangeLen/build/DerivedData/Build/Intermediates.noindex/OrangeLen.build/Debug/OrangeLen.build/Objects-normal/arm64/OrangeLen.swiftmodule (in target 'OrangeLen' from project 'OrangeLen' at path '/Users/huangzhe/Documents/GitHub/OrangeLen/OrangeLen.xcodeproj')
    cd /Users/huangzhe/Documents/GitHub/OrangeLen
    builtin-copy -exclude .DS_Store -exclude CVS -exclude .svn -exclude .git -exclude .hg -resolve-src-symlinks -rename /Users/huangzhe/Documents/GitHub/OrangeLen/build/DerivedData/Build/Intermediates.noindex/OrangeLen.build/Debug/OrangeLen.build/Objects-normal/arm64/OrangeLen.swiftmodule /Users/huangzhe/Documents/GitHub/OrangeLen/build/DerivedData/Build/Products/Debug/OrangeLen.swiftmodule/arm64-apple-macos.swiftmodule

Copy /Users/huangzhe/Documents/GitHub/OrangeLen/build/DerivedData/Build/Products/Debug/OrangeLen.swiftmodule/arm64-apple-macos.swiftdoc /Users/huangzhe/Documents/GitHub/OrangeLen/build/DerivedData/Build/Intermediates.noindex/OrangeLen.build/Debug/OrangeLen.build/Objects-normal/arm64/OrangeLen.swiftdoc (in target 'OrangeLen' from project 'OrangeLen' at path '/Users/huangzhe/Documents/GitHub/OrangeLen/OrangeLen.xcodeproj')
    cd /Users/huangzhe/Documents/GitHub/OrangeLen
    builtin-copy -exclude .DS_Store -exclude CVS -exclude .svn -exclude .git -exclude .hg -resolve-src-symlinks -rename /Users/huangzhe/Documents/GitHub/OrangeLen/build/DerivedData/Build/Intermediates.noindex/OrangeLen.build/Debug/OrangeLen.build/Objects-normal/arm64/OrangeLen.swiftdoc /Users/huangzhe/Documents/GitHub/OrangeLen/build/DerivedData/Build/Products/Debug/OrangeLen.swiftmodule/arm64-apple-macos.swiftdoc

Copy /Users/huangzhe/Documents/GitHub/OrangeLen/build/DerivedData/Build/Products/Debug/OrangeLen.swiftmodule/Project/arm64-apple-macos.swiftsourceinfo /Users/huangzhe/Documents/GitHub/OrangeLen/build/DerivedData/Build/Intermediates.noindex/OrangeLen.build/Debug/OrangeLen.build/Objects-normal/arm64/OrangeLen.swiftsourceinfo (in target 'OrangeLen' from project 'OrangeLen' at path '/Users/huangzhe/Documents/GitHub/OrangeLen/OrangeLen.xcodeproj')
    cd /Users/huangzhe/Documents/GitHub/OrangeLen
    builtin-copy -exclude .DS_Store -exclude CVS -exclude .svn -exclude .git -exclude .hg -resolve-src-symlinks -rename /Users/huangzhe/Documents/GitHub/OrangeLen/build/DerivedData/Build/Intermediates.noindex/OrangeLen.build/Debug/OrangeLen.build/Objects-normal/arm64/OrangeLen.swiftsourceinfo /Users/huangzhe/Documents/GitHub/OrangeLen/build/DerivedData/Build/Products/Debug/OrangeLen.swiftmodule/Project/arm64-apple-macos.swiftsourceinfo

SwiftDriverJobDiscovery normal arm64 Compiling AppDelegate.swift (in target 'OrangeLen' from project 'OrangeLen' at path '/Users/huangzhe/Documents/GitHub/OrangeLen/OrangeLen.xcodeproj')

SwiftDriver\ Compilation OrangeLen normal arm64 com.apple.xcode.tools.swift.compiler (in target 'OrangeLen' from project 'OrangeLen' at path '/Users/huangzhe/Documents/GitHub/OrangeLen/OrangeLen.xcodeproj')
    cd /Users/huangzhe/Documents/GitHub/OrangeLen
    builtin-Swift-Compilation -- /Applications/Xcode.app/Contents/Developer/Toolchains/XcodeDefault.xctoolchain/usr/bin/swiftc -module-name OrangeLen -Onone @/Users/huangzhe/Documents/GitHub/OrangeLen/build/DerivedData/Build/Intermediates.noindex/OrangeLen.build/Debug/OrangeLen.build/Objects-normal/arm64/OrangeLen.SwiftFileList -DDEBUG -enable-bare-slash-regex -enable-experimental-feature DebugDescriptionMacro -sdk /Applications/Xcode.app/Contents/Developer/Platforms/MacOSX.platform/Developer/SDKs/MacOSX26.5.sdk -target arm64-apple-macos14.0 -g -module-cache-path /Users/huangzhe/Documents/GitHub/OrangeLen/build/DerivedData/ModuleCache.noindex -Xfrontend -serialize-debugging-options -enable-testing -index-store-path /Users/huangzhe/Documents/GitHub/OrangeLen/build/DerivedData/Index.noindex/DataStore -Xcc -D_LIBCPP_HARDENING_MODE\=_LIBCPP_HARDENING_MODE_DEBUG -swift-version 5 -I /Users/huangzhe/Documents/GitHub/OrangeLen/build/DerivedData/Build/Products/Debug -F /Users/huangzhe/Documents/GitHub/OrangeLen/build/DerivedData/Build/Products/Debug/PackageFrameworks -F /Users/huangzhe/Documents/GitHub/OrangeLen/build/DerivedData/Build/Products/Debug/PackageFrameworks -F /Users/huangzhe/Documents/GitHub/OrangeLen/build/DerivedData/Build/Products/Debug -parse-as-library -c -j11 -enable-batch-mode -incremental -Xcc -ivfsstatcache -Xcc /Users/huangzhe/Documents/GitHub/OrangeLen/build/DerivedData/SDKStatCaches.noindex/macosx26.5-25F70-e082c4a02f00227109f4ed75e425c832.sdkstatcache -output-file-map /Users/huangzhe/Documents/GitHub/OrangeLen/build/DerivedData/Build/Intermediates.noindex/OrangeLen.build/Debug/OrangeLen.build/Objects-normal/arm64/OrangeLen-OutputFileMap.json -use-frontend-parseable-output -save-temps -no-color-diagnostics -explicit-module-build -module-cache-path /Users/huangzhe/Documents/GitHub/OrangeLen/build/DerivedData/Build/Intermediates.noindex/SwiftExplicitPrecompiledModules -clang-scanner-module-cache-path /Users/huangzhe/Documents/GitHub/OrangeLen/build/DerivedData/ModuleCache.noindex -sdk-module-cache-path /Users/huangzhe/Documents/GitHub/OrangeLen/build/DerivedData/ModuleCache.noindex -serialize-diagnostics -emit-dependencies -emit-module -emit-module-path /Users/huangzhe/Documents/GitHub/OrangeLen/build/DerivedData/Build/Intermediates.noindex/OrangeLen.build/Debug/OrangeLen.build/Objects-normal/arm64/OrangeLen.swiftmodule -validate-clang-modules-once -clang-build-session-file /Users/huangzhe/Documents/GitHub/OrangeLen/build/DerivedData/ModuleCache.noindex/Session.modulevalidation -Xcc -I/Users/huangzhe/Documents/GitHub/OrangeLen/build/DerivedData/Build/Intermediates.noindex/OrangeLen.build/Debug/OrangeLen.build/swift-overrides.hmap -emit-const-values -Xfrontend -const-gather-protocols-file -Xfrontend /Users/huangzhe/Documents/GitHub/OrangeLen/build/DerivedData/Build/Intermediates.noindex/OrangeLen.build/Debug/OrangeLen.build/Objects-normal/arm64/OrangeLen_const_extract_protocols.json -Xcc -iquote -Xcc /Users/huangzhe/Documents/GitHub/OrangeLen/build/DerivedData/Build/Intermediates.noindex/OrangeLen.build/Debug/OrangeLen.build/OrangeLen-generated-files.hmap -Xcc -I/Users/huangzhe/Documents/GitHub/OrangeLen/build/DerivedData/Build/Intermediates.noindex/OrangeLen.build/Debug/OrangeLen.build/OrangeLen-own-target-headers.hmap -Xcc -I/Users/huangzhe/Documents/GitHub/OrangeLen/build/DerivedData/Build/Intermediates.noindex/OrangeLen.build/Debug/OrangeLen.build/OrangeLen-all-non-framework-target-headers.hmap -Xcc -ivfsoverlay -Xcc /Users/huangzhe/Documents/GitHub/OrangeLen/build/DerivedData/Build/Intermediates.noindex/OrangeLen.build/Debug/OrangeLen-858e2ff2c7d6a1eb168211f71310dee6-VFS/all-product-headers.yaml -Xcc -iquote -Xcc /Users/huangzhe/Documents/GitHub/OrangeLen/build/DerivedData/Build/Intermediates.noindex/OrangeLen.build/Debug/OrangeLen.build/OrangeLen-project-headers.hmap -Xcc -I/Users/huangzhe/Documents/GitHub/OrangeLen/build/DerivedData/Build/Products/Debug/include -Xcc -I/Users/huangzhe/Documents/GitHub/OrangeLen/build/DerivedData/Build/Intermediates.noindex/OrangeLen.build/Debug/OrangeLen.build/DerivedSources-normal/arm64 -Xcc -I/Users/huangzhe/Documents/GitHub/OrangeLen/build/DerivedData/Build/Intermediates.noindex/OrangeLen.build/Debug/OrangeLen.build/DerivedSources/arm64 -Xcc -I/Users/huangzhe/Documents/GitHub/OrangeLen/build/DerivedData/Build/Intermediates.noindex/OrangeLen.build/Debug/OrangeLen.build/DerivedSources -Xcc -DDEBUG\=1 -emit-objc-header -emit-objc-header-path /Users/huangzhe/Documents/GitHub/OrangeLen/build/DerivedData/Build/Intermediates.noindex/OrangeLen.build/Debug/OrangeLen.build/Objects-normal/arm64/OrangeLen-Swift.h -working-directory /Users/huangzhe/Documents/GitHub/OrangeLen -experimental-emit-module-separately -disable-cmo

Ld /Users/huangzhe/Documents/GitHub/OrangeLen/build/DerivedData/Build/Products/Debug/OrangeLen.app/Contents/MacOS/OrangeLen.debug.dylib normal (in target 'OrangeLen' from project 'OrangeLen' at path '/Users/huangzhe/Documents/GitHub/OrangeLen/OrangeLen.xcodeproj')
    cd /Users/huangzhe/Documents/GitHub/OrangeLen
    /Applications/Xcode.app/Contents/Developer/Toolchains/XcodeDefault.xctoolchain/usr/bin/clang -Xlinker -reproducible -target arm64-apple-macos14.0 -dynamiclib -isysroot /Applications/Xcode.app/Contents/Developer/Platforms/MacOSX.platform/Developer/SDKs/MacOSX26.5.sdk -O0 -L/Users/huangzhe/Documents/GitHub/OrangeLen/build/DerivedData/Build/Intermediates.noindex/EagerLinkingTBDs/Debug -L/Users/huangzhe/Documents/GitHub/OrangeLen/build/DerivedData/Build/Products/Debug -F/Users/huangzhe/Documents/GitHub/OrangeLen/build/DerivedData/Build/Intermediates.noindex/EagerLinkingTBDs/Debug -F/Users/huangzhe/Documents/GitHub/OrangeLen/build/DerivedData/Build/Products/Debug/PackageFrameworks -F/Users/huangzhe/Documents/GitHub/OrangeLen/build/DerivedData/Build/Products/Debug/PackageFrameworks -F/Users/huangzhe/Documents/GitHub/OrangeLen/build/DerivedData/Build/Products/Debug -filelist /Users/huangzhe/Documents/GitHub/OrangeLen/build/DerivedData/Build/Intermediates.noindex/OrangeLen.build/Debug/OrangeLen.build/Objects-normal/arm64/OrangeLen.LinkFileList -install_name @rpath/OrangeLen.debug.dylib -Xlinker -rpath -Xlinker /usr/lib/swift -Xlinker -rpath -Xlinker /Users/huangzhe/Documents/GitHub/OrangeLen/build/DerivedData/Build/Products/Debug/PackageFrameworks -Xlinker -rpath -Xlinker @executable_path/../Frameworks -Xlinker -object_path_lto -Xlinker /Users/huangzhe/Documents/GitHub/OrangeLen/build/DerivedData/Build/Intermediates.noindex/OrangeLen.build/Debug/OrangeLen.build/Objects-normal/arm64/OrangeLen_lto.o -rdynamic -Xlinker -no_deduplicate -Xlinker -dependency_info -Xlinker /Users/huangzhe/Documents/GitHub/OrangeLen/build/DerivedData/Build/Intermediates.noindex/OrangeLen.build/Debug/OrangeLen.build/Objects-normal/arm64/OrangeLen_dependency_info.dat -fobjc-link-runtime -L/Applications/Xcode.app/Contents/Developer/Toolchains/XcodeDefault.xctoolchain/usr/lib/swift/macosx -L/usr/lib/swift -Xlinker -add_ast_path -Xlinker /Users/huangzhe/Documents/GitHub/OrangeLen/build/DerivedData/Build/Intermediates.noindex/OrangeLen.build/Debug/OrangeLen.build/Objects-normal/arm64/OrangeLen.swiftmodule @/Users/huangzhe/Documents/GitHub/OrangeLen/build/DerivedData/Build/Intermediates.noindex/OrangeLen.build/Debug/OrangeLen.build/Objects-normal/arm64/OrangeLen-linker-args.resp -Wl,-no_warn_duplicate_libraries -Wl,-no_warn_duplicate_libraries -Xlinker -alias -Xlinker _main -Xlinker ___debug_main_executable_dylib_entry_point -Xlinker -no_adhoc_codesign -o /Users/huangzhe/Documents/GitHub/OrangeLen/build/DerivedData/Build/Products/Debug/OrangeLen.app/Contents/MacOS/OrangeLen.debug.dylib -Xlinker -add_ast_path -Xlinker /Users/huangzhe/Documents/GitHub/OrangeLen/build/DerivedData/Build/Intermediates.noindex/OrangeLen.build/Debug/OrangeLenUI.build/Objects-normal/arm64/OrangeLenUI.swiftmodule @/Users/huangzhe/Documents/GitHub/OrangeLen/build/DerivedData/Build/Intermediates.noindex/OrangeLen.build/Debug/OrangeLenUI.build/Objects-normal/arm64/OrangeLenUI-linker-args.resp -Xlinker -add_ast_path -Xlinker /Users/huangzhe/Documents/GitHub/OrangeLen/build/DerivedData/Build/Intermediates.noindex/OrangeLen.build/Debug/OrangeLenCore.build/Objects-normal/arm64/OrangeLenCore.swiftmodule @/Users/huangzhe/Documents/GitHub/OrangeLen/build/DerivedData/Build/Intermediates.noindex/OrangeLen.build/Debug/OrangeLenCore.build/Objects-normal/arm64/OrangeLenCore-linker-args.resp

ConstructStubExecutorLinkFileList /Users/huangzhe/Documents/GitHub/OrangeLen/build/DerivedData/Build/Intermediates.noindex/OrangeLen.build/Debug/OrangeLen.build/OrangeLen-ExecutorLinkFileList-normal-arm64.txt (in target 'OrangeLen' from project 'OrangeLen' at path '/Users/huangzhe/Documents/GitHub/OrangeLen/OrangeLen.xcodeproj')
    cd /Users/huangzhe/Documents/GitHub/OrangeLen
    construct-stub-executor-link-file-list /Users/huangzhe/Documents/GitHub/OrangeLen/build/DerivedData/Build/Products/Debug/OrangeLen.app/Contents/MacOS/OrangeLen.debug.dylib /Applications/Xcode.app/Contents/Developer/Platforms/MacOSX.platform/Developer/usr/lib/libPreviewsJITStubExecutor_no_swift_entry_point.a /Applications/Xcode.app/Contents/Developer/Platforms/MacOSX.platform/Developer/usr/lib/libPreviewsJITStubExecutor.a --output /Users/huangzhe/Documents/GitHub/OrangeLen/build/DerivedData/Build/Intermediates.noindex/OrangeLen.build/Debug/OrangeLen.build/OrangeLen-ExecutorLinkFileList-normal-arm64.txt
note: Using stub executor library with Swift entry point. (in target 'OrangeLen' from project 'OrangeLen' at path '/Users/huangzhe/Documents/GitHub/OrangeLen/OrangeLen.xcodeproj')

Ld /Users/huangzhe/Documents/GitHub/OrangeLen/build/DerivedData/Build/Products/Debug/OrangeLen.app/Contents/MacOS/OrangeLen normal (in target 'OrangeLen' from project 'OrangeLen' at path '/Users/huangzhe/Documents/GitHub/OrangeLen/OrangeLen.xcodeproj')
    cd /Users/huangzhe/Documents/GitHub/OrangeLen
    /Applications/Xcode.app/Contents/Developer/Toolchains/XcodeDefault.xctoolchain/usr/bin/clang -Xlinker -reproducible -target arm64-apple-macos14.0 -isysroot /Applications/Xcode.app/Contents/Developer/Platforms/MacOSX.platform/Developer/SDKs/MacOSX26.5.sdk -O0 -L/Users/huangzhe/Documents/GitHub/OrangeLen/build/DerivedData/Build/Products/Debug -F/Users/huangzhe/Documents/GitHub/OrangeLen/build/DerivedData/Build/Products/Debug/PackageFrameworks -F/Users/huangzhe/Documents/GitHub/OrangeLen/build/DerivedData/Build/Products/Debug/PackageFrameworks -F/Users/huangzhe/Documents/GitHub/OrangeLen/build/DerivedData/Build/Products/Debug -Xlinker -rpath -Xlinker @executable_path -Xlinker -rpath -Xlinker /Users/huangzhe/Documents/GitHub/OrangeLen/build/DerivedData/Build/Products/Debug/PackageFrameworks -Xlinker -rpath -Xlinker @executable_path/../Frameworks -rdynamic -Xlinker -no_deduplicate -e ___debug_blank_executor_main -Xlinker -sectcreate -Xlinker __TEXT -Xlinker __debug_dylib -Xlinker /Users/huangzhe/Documents/GitHub/OrangeLen/build/DerivedData/Build/Intermediates.noindex/OrangeLen.build/Debug/OrangeLen.build/OrangeLen-DebugDylibPath-normal-arm64.txt -Xlinker -sectcreate -Xlinker __TEXT -Xlinker __debug_instlnm -Xlinker /Users/huangzhe/Documents/GitHub/OrangeLen/build/DerivedData/Build/Intermediates.noindex/OrangeLen.build/Debug/OrangeLen.build/OrangeLen-DebugDylibInstallName-normal-arm64.txt -Xlinker -filelist -Xlinker /Users/huangzhe/Documents/GitHub/OrangeLen/build/DerivedData/Build/Intermediates.noindex/OrangeLen.build/Debug/OrangeLen.build/OrangeLen-ExecutorLinkFileList-normal-arm64.txt /Users/huangzhe/Documents/GitHub/OrangeLen/build/DerivedData/Build/Products/Debug/OrangeLen.app/Contents/MacOS/OrangeLen.debug.dylib -Xlinker -no_adhoc_codesign -o /Users/huangzhe/Documents/GitHub/OrangeLen/build/DerivedData/Build/Products/Debug/OrangeLen.app/Contents/MacOS/OrangeLen

Copy /Users/huangzhe/Documents/GitHub/OrangeLen/build/DerivedData/Build/Products/Debug/OrangeLen.app/Contents/PlugIns/OrangeLenPreview.appex /Users/huangzhe/Documents/GitHub/OrangeLen/build/DerivedData/Build/Products/Debug/OrangeLenPreview.appex (in target 'OrangeLen' from project 'OrangeLen' at path '/Users/huangzhe/Documents/GitHub/OrangeLen/OrangeLen.xcodeproj')
    cd /Users/huangzhe/Documents/GitHub/OrangeLen
    builtin-copy -exclude .DS_Store -exclude CVS -exclude .svn -exclude .git -exclude .hg -exclude Headers -exclude PrivateHeaders -exclude Modules -exclude \*.tbd -resolve-src-symlinks -remove-static-executable /Users/huangzhe/Documents/GitHub/OrangeLen/build/DerivedData/Build/Products/Debug/OrangeLenPreview.appex /Users/huangzhe/Documents/GitHub/OrangeLen/build/DerivedData/Build/Products/Debug/OrangeLen.app/Contents/PlugIns

ProcessInfoPlistFile /Users/huangzhe/Documents/GitHub/OrangeLen/build/DerivedData/Build/Products/Debug/OrangeLen.app/Contents/Info.plist /Users/huangzhe/Documents/GitHub/OrangeLen/App/Info.plist (in target 'OrangeLen' from project 'OrangeLen' at path '/Users/huangzhe/Documents/GitHub/OrangeLen/OrangeLen.xcodeproj')
    cd /Users/huangzhe/Documents/GitHub/OrangeLen
    builtin-infoPlistUtility /Users/huangzhe/Documents/GitHub/OrangeLen/App/Info.plist -producttype com.apple.product-type.application -genpkginfo /Users/huangzhe/Documents/GitHub/OrangeLen/build/DerivedData/Build/Products/Debug/OrangeLen.app/Contents/PkgInfo -expandbuildsettings -platform macosx -scanforprivacyfile /Users/huangzhe/Documents/GitHub/OrangeLen/build/DerivedData/Build/Products/Debug/OrangeLen.app/Contents/PlugIns/OrangeLenPreview.appex -o /Users/huangzhe/Documents/GitHub/OrangeLen/build/DerivedData/Build/Products/Debug/OrangeLen.app/Contents/Info.plist

CopySwiftLibs /Users/huangzhe/Documents/GitHub/OrangeLen/build/DerivedData/Build/Products/Debug/OrangeLen.app (in target 'OrangeLen' from project 'OrangeLen' at path '/Users/huangzhe/Documents/GitHub/OrangeLen/OrangeLen.xcodeproj')
    cd /Users/huangzhe/Documents/GitHub/OrangeLen
    builtin-swiftStdLibTool --copy --verbose --sign - --scan-executable /Users/huangzhe/Documents/GitHub/OrangeLen/build/DerivedData/Build/Products/Debug/OrangeLen.app/Contents/MacOS/OrangeLen.debug.dylib --scan-folder /Users/huangzhe/Documents/GitHub/OrangeLen/build/DerivedData/Build/Products/Debug/OrangeLen.app/Contents/Frameworks --scan-folder /Users/huangzhe/Documents/GitHub/OrangeLen/build/DerivedData/Build/Products/Debug/OrangeLen.app/Contents/PlugIns --scan-folder /Users/huangzhe/Documents/GitHub/OrangeLen/build/DerivedData/Build/Products/Debug/OrangeLen.app/Contents/Library/SystemExtensions --scan-folder /Users/huangzhe/Documents/GitHub/OrangeLen/build/DerivedData/Build/Products/Debug/OrangeLen.app/Contents/Extensions --platform macosx --toolchain /Applications/Xcode.app/Contents/Developer/Toolchains/XcodeDefault.xctoolchain --destination /Users/huangzhe/Documents/GitHub/OrangeLen/build/DerivedData/Build/Products/Debug/OrangeLen.app/Contents/Frameworks --strip-bitcode --strip-bitcode-tool /Applications/Xcode.app/Contents/Developer/Toolchains/XcodeDefault.xctoolchain/usr/bin/bitcode_strip --emit-dependency-info /Users/huangzhe/Documents/GitHub/OrangeLen/build/DerivedData/Build/Intermediates.noindex/OrangeLen.build/Debug/OrangeLen.build/SwiftStdLibToolInputDependencies.dep --filter-for-swift-os --back-deploy-swift-span

ExtractAppIntentsMetadata (in target 'OrangeLen' from project 'OrangeLen' at path '/Users/huangzhe/Documents/GitHub/OrangeLen/OrangeLen.xcodeproj')
    cd /Users/huangzhe/Documents/GitHub/OrangeLen
    /Applications/Xcode.app/Contents/Developer/Toolchains/XcodeDefault.xctoolchain/usr/bin/appintentsmetadataprocessor --toolchain-dir /Applications/Xcode.app/Contents/Developer/Toolchains/XcodeDefault.xctoolchain --module-name OrangeLen --sdk-root /Applications/Xcode.app/Contents/Developer/Platforms/MacOSX.platform/Developer/SDKs/MacOSX26.5.sdk --xcode-version 17F42 --platform-family macOS --deployment-target 14.0 --bundle-identifier local.OrangeLen --output /Users/huangzhe/Documents/GitHub/OrangeLen/build/DerivedData/Build/Products/Debug/OrangeLen.app/Contents/Resources --target-triple arm64-apple-macos14.0 --binary-file /Users/huangzhe/Documents/GitHub/OrangeLen/build/DerivedData/Build/Products/Debug/OrangeLen.app/Contents/MacOS/OrangeLen --dependency-file /Users/huangzhe/Documents/GitHub/OrangeLen/build/DerivedData/Build/Intermediates.noindex/OrangeLen.build/Debug/OrangeLen.build/Objects-normal/arm64/OrangeLen_dependency_info.dat --stringsdata-file /Users/huangzhe/Documents/GitHub/OrangeLen/build/DerivedData/Build/Intermediates.noindex/OrangeLen.build/Debug/OrangeLen.build/Objects-normal/arm64/ExtractedAppShortcutsMetadata.stringsdata --source-file-list /Users/huangzhe/Documents/GitHub/OrangeLen/build/DerivedData/Build/Intermediates.noindex/OrangeLen.build/Debug/OrangeLen.build/Objects-normal/arm64/OrangeLen.SwiftFileList --metadata-file-list /Users/huangzhe/Documents/GitHub/OrangeLen/build/DerivedData/Build/Intermediates.noindex/OrangeLen.build/Debug/OrangeLen.build/OrangeLen.DependencyMetadataFileList --static-metadata-file-list /Users/huangzhe/Documents/GitHub/OrangeLen/build/DerivedData/Build/Intermediates.noindex/OrangeLen.build/Debug/OrangeLen.build/OrangeLen.DependencyStaticMetadataFileList --swift-const-vals-list /Users/huangzhe/Documents/GitHub/OrangeLen/build/DerivedData/Build/Intermediates.noindex/OrangeLen.build/Debug/OrangeLen.build/Objects-normal/arm64/OrangeLen.SwiftConstValuesFileList --compile-time-extraction --deployment-aware-processing --validate-assistant-intents --no-app-shortcuts-localization
2026-10-03 11:47:23.763 appintentsmetadataprocessor[71467:12505650] Starting appintentsmetadataprocessor export
2026-10-03 11:47:23.764 appintentsmetadataprocessor[71467:12505650] warning: Metadata extraction skipped. No AppIntents.framework dependency found.

CodeSign /Users/huangzhe/Documents/GitHub/OrangeLen/build/DerivedData/Build/Products/Debug/OrangeLen.app/Contents/MacOS/OrangeLen.debug.dylib (in target 'OrangeLen' from project 'OrangeLen' at path '/Users/huangzhe/Documents/GitHub/OrangeLen/OrangeLen.xcodeproj')
    cd /Users/huangzhe/Documents/GitHub/OrangeLen
    
    Signing Identity:     "Sign to Run Locally"
    
    /usr/bin/codesign --force --sign - --timestamp\=none --generate-entitlement-der /Users/huangzhe/Documents/GitHub/OrangeLen/build/DerivedData/Build/Products/Debug/OrangeLen.app/Contents/MacOS/OrangeLen.debug.dylib

CodeSign /Users/huangzhe/Documents/GitHub/OrangeLen/build/DerivedData/Build/Products/Debug/OrangeLen.app/Contents/MacOS/__preview.dylib (in target 'OrangeLen' from project 'OrangeLen' at path '/Users/huangzhe/Documents/GitHub/OrangeLen/OrangeLen.xcodeproj')
    cd /Users/huangzhe/Documents/GitHub/OrangeLen
    
    Signing Identity:     "Sign to Run Locally"
    
    /usr/bin/codesign --force --sign - --timestamp\=none --generate-entitlement-der /Users/huangzhe/Documents/GitHub/OrangeLen/build/DerivedData/Build/Products/Debug/OrangeLen.app/Contents/MacOS/__preview.dylib

CodeSign /Users/huangzhe/Documents/GitHub/OrangeLen/build/DerivedData/Build/Products/Debug/OrangeLen.app (in target 'OrangeLen' from project 'OrangeLen' at path '/Users/huangzhe/Documents/GitHub/OrangeLen/OrangeLen.xcodeproj')
    cd /Users/huangzhe/Documents/GitHub/OrangeLen
    
    Signing Identity:     "Sign to Run Locally"
    
    /usr/bin/codesign --force --sign - --entitlements /Users/huangzhe/Documents/GitHub/OrangeLen/build/DerivedData/Build/Intermediates.noindex/OrangeLen.build/Debug/OrangeLen.build/OrangeLen.app.xcent --timestamp\=none --generate-entitlement-der /Users/huangzhe/Documents/GitHub/OrangeLen/build/DerivedData/Build/Products/Debug/OrangeLen.app

ValidateEmbeddedBinary /Users/huangzhe/Documents/GitHub/OrangeLen/build/DerivedData/Build/Products/Debug/OrangeLen.app/Contents/PlugIns/OrangeLenPreview.appex (in target 'OrangeLen' from project 'OrangeLen' at path '/Users/huangzhe/Documents/GitHub/OrangeLen/OrangeLen.xcodeproj')
    cd /Users/huangzhe/Documents/GitHub/OrangeLen
    /Applications/Xcode.app/Contents/Developer/usr/bin/embeddedBinaryValidationUtility /Users/huangzhe/Documents/GitHub/OrangeLen/build/DerivedData/Build/Products/Debug/OrangeLen.app/Contents/PlugIns/OrangeLenPreview.appex -signing-cert - -info-plist-path /Users/huangzhe/Documents/GitHub/OrangeLen/build/DerivedData/Build/Products/Debug/OrangeLen.app/Contents/Info.plist

RegisterExecutionPolicyException /Users/huangzhe/Documents/GitHub/OrangeLen/build/DerivedData/Build/Products/Debug/OrangeLen.app (in target 'OrangeLen' from project 'OrangeLen' at path '/Users/huangzhe/Documents/GitHub/OrangeLen/OrangeLen.xcodeproj')
    cd /Users/huangzhe/Documents/GitHub/OrangeLen
    builtin-RegisterExecutionPolicyException /Users/huangzhe/Documents/GitHub/OrangeLen/build/DerivedData/Build/Products/Debug/OrangeLen.app

Validate /Users/huangzhe/Documents/GitHub/OrangeLen/build/DerivedData/Build/Products/Debug/OrangeLen.app (in target 'OrangeLen' from project 'OrangeLen' at path '/Users/huangzhe/Documents/GitHub/OrangeLen/OrangeLen.xcodeproj')
    cd /Users/huangzhe/Documents/GitHub/OrangeLen
    builtin-validationUtility /Users/huangzhe/Documents/GitHub/OrangeLen/build/DerivedData/Build/Products/Debug/OrangeLen.app -no-validate-extension -infoplist-subpath Contents/Info.plist

RegisterWithLaunchServices /Users/huangzhe/Documents/GitHub/OrangeLen/build/DerivedData/Build/Products/Debug/OrangeLen.app (in target 'OrangeLen' from project 'OrangeLen' at path '/Users/huangzhe/Documents/GitHub/OrangeLen/OrangeLen.xcodeproj')
    cd /Users/huangzhe/Documents/GitHub/OrangeLen
    /System/Library/Frameworks/CoreServices.framework/Versions/Current/Frameworks/LaunchServices.framework/Versions/Current/Support/lsregister -f -R -trusted /Users/huangzhe/Documents/GitHub/OrangeLen/build/DerivedData/Build/Products/Debug/OrangeLen.app

Touch /Users/huangzhe/Documents/GitHub/OrangeLen/build/DerivedData/Build/Products/Debug/OrangeLen.app (in target 'OrangeLen' from project 'OrangeLen' at path '/Users/huangzhe/Documents/GitHub/OrangeLen/OrangeLen.xcodeproj')
    cd /Users/huangzhe/Documents/GitHub/OrangeLen
    /usr/bin/touch -c /Users/huangzhe/Documents/GitHub/OrangeLen/build/DerivedData/Build/Products/Debug/OrangeLen.app

note: Disabling hardened runtime with ad-hoc codesigning. (in target 'OrangeLenPreview' from project 'OrangeLen' at path '/Users/huangzhe/Documents/GitHub/OrangeLen/OrangeLen.xcodeproj')
note: Disabling hardened runtime with ad-hoc codesigning. (in target 'OrangeLen' from project 'OrangeLen' at path '/Users/huangzhe/Documents/GitHub/OrangeLen/OrangeLen.xcodeproj')
** BUILD SUCCEEDED **

