Command line invocation:
    /Applications/Xcode.app/Contents/Developer/usr/bin/xcodebuild -project OrangeLen.xcodeproj -scheme OrangeLen -configuration Debug -derivedDataPath build/DerivedData build

Resolve Package Graph


Resolved source packages:
  swift-markdown: https://github.com/swiftlang/swift-markdown.git @ 0.8.0
  cmark-gfm: https://github.com/swiftlang/swift-cmark.git @ 0.9.0
  OrangeLen: /Users/huangzhe/Documents/GitHub/OrangeLen/Packages/OrangeLen

--- xcodebuild: WARNING: Using the first of multiple matching destinations:
{ platform:macOS, arch:arm64, id:00006030-000E18D22188001C, name:My Mac }
{ platform:macOS, arch:x86_64, id:00006030-000E18D22188001C, name:My Mac }
{ platform:macOS, name:Any Mac }
ComputePackagePrebuildTargetDependencyGraph

Prepare packages

CreateBuildRequest

SendProjectDescription

CreateBuildOperation

ComputeTargetDependencyGraph
note: Building targets in dependency order
note: Target dependency graph (24 targets)
    Target 'OrangeLen' in project 'OrangeLen'
        ➜ Explicit dependency on target 'OrangeLenPreview' in project 'OrangeLen'
        ➜ Explicit dependency on target 'OrangeLenPreviewMarkdown' in project 'OrangeLen'
        ➜ Explicit dependency on target 'OrangeLenPreviewData' in project 'OrangeLen'
        ➜ Explicit dependency on target 'OrangeLenPreviewFolders' in project 'OrangeLen'
        ➜ Explicit dependency on target 'OrangeLenPreviewArchives' in project 'OrangeLen'
        ➜ Explicit dependency on target 'OrangeLenPreviewBooks' in project 'OrangeLen'
        ➜ Explicit dependency on target 'OrangeLenPreviewDrawings' in project 'OrangeLen'
        ➜ Explicit dependency on target 'OrangeLenDocumentBroker' in project 'OrangeLen'
        ➜ Explicit dependency on target 'OrangeLenUI' in project 'OrangeLen'
    Target 'OrangeLenPreviewDrawings' in project 'OrangeLen'
        ➜ Explicit dependency on target 'OrangeLenImageBroker' in project 'OrangeLen'
        ➜ Explicit dependency on target 'OrangeLenDocumentBroker' in project 'OrangeLen'
        ➜ Explicit dependency on target 'OrangeLenUI' in project 'OrangeLen'
    Target 'OrangeLenPreviewBooks' in project 'OrangeLen'
        ➜ Explicit dependency on target 'OrangeLenImageBroker' in project 'OrangeLen'
        ➜ Explicit dependency on target 'OrangeLenDocumentBroker' in project 'OrangeLen'
        ➜ Explicit dependency on target 'OrangeLenUI' in project 'OrangeLen'
    Target 'OrangeLenPreviewArchives' in project 'OrangeLen'
        ➜ Explicit dependency on target 'OrangeLenImageBroker' in project 'OrangeLen'
        ➜ Explicit dependency on target 'OrangeLenDocumentBroker' in project 'OrangeLen'
        ➜ Explicit dependency on target 'OrangeLenUI' in project 'OrangeLen'
    Target 'OrangeLenPreviewFolders' in project 'OrangeLen'
        ➜ Explicit dependency on target 'OrangeLenImageBroker' in project 'OrangeLen'
        ➜ Explicit dependency on target 'OrangeLenDocumentBroker' in project 'OrangeLen'
        ➜ Explicit dependency on target 'OrangeLenUI' in project 'OrangeLen'
    Target 'OrangeLenPreviewData' in project 'OrangeLen'
        ➜ Explicit dependency on target 'OrangeLenImageBroker' in project 'OrangeLen'
        ➜ Explicit dependency on target 'OrangeLenDocumentBroker' in project 'OrangeLen'
        ➜ Explicit dependency on target 'OrangeLenUI' in project 'OrangeLen'
    Target 'OrangeLenPreviewMarkdown' in project 'OrangeLen'
        ➜ Explicit dependency on target 'OrangeLenImageBroker' in project 'OrangeLen'
        ➜ Explicit dependency on target 'OrangeLenDocumentBroker' in project 'OrangeLen'
        ➜ Explicit dependency on target 'OrangeLenUI' in project 'OrangeLen'
    Target 'OrangeLenPreview' in project 'OrangeLen'
        ➜ Explicit dependency on target 'OrangeLenImageBroker' in project 'OrangeLen'
        ➜ Explicit dependency on target 'OrangeLenDocumentBroker' in project 'OrangeLen'
        ➜ Explicit dependency on target 'OrangeLenUI' in project 'OrangeLen'
    Target 'OrangeLenUI' in project 'OrangeLen'
        ➜ Explicit dependency on target 'OrangeLenUI' in project 'OrangeLen'
        ➜ Explicit dependency on target 'OrangeLen_OrangeLenUI' in project 'OrangeLen'
        ➜ Explicit dependency on target 'OrangeLenCore' in project 'OrangeLen'
        ➜ Explicit dependency on target 'Markdown' in project 'swift-markdown'
    Target 'OrangeLenUI' in project 'OrangeLen'
        ➜ Explicit dependency on target 'OrangeLen_OrangeLenUI' in project 'OrangeLen'
        ➜ Explicit dependency on target 'CSQLite' in project 'OrangeLen'
        ➜ Explicit dependency on target 'CZlib' in project 'OrangeLen'
        ➜ Explicit dependency on target 'OrangeLenCore' in project 'OrangeLen'
        ➜ Explicit dependency on target 'Markdown' in project 'swift-markdown'
    Target 'OrangeLen_OrangeLenUI' in project 'OrangeLen' (no dependencies)
    Target 'OrangeLenDocumentBroker' in project 'OrangeLen'
        ➜ Explicit dependency on target 'OrangeLenCore' in project 'OrangeLen'
    Target 'OrangeLenImageBroker' in project 'OrangeLen'
        ➜ Explicit dependency on target 'OrangeLenCore' in project 'OrangeLen'
    Target 'OrangeLenCore' in project 'OrangeLen'
        ➜ Explicit dependency on target 'OrangeLenCore' in project 'OrangeLen'
        ➜ Explicit dependency on target 'Markdown' in project 'swift-markdown'
    Target 'OrangeLenCore' in project 'OrangeLen'
        ➜ Explicit dependency on target 'CSQLite' in project 'OrangeLen'
        ➜ Explicit dependency on target 'CZlib' in project 'OrangeLen'
        ➜ Explicit dependency on target 'Markdown' in project 'swift-markdown'
    Target 'Markdown' in project 'swift-markdown'
        ➜ Explicit dependency on target 'Markdown' in project 'swift-markdown'
        ➜ Explicit dependency on target 'CAtomic' in project 'swift-markdown'
        ➜ Explicit dependency on target 'cmark-gfm' in project 'cmark-gfm'
        ➜ Explicit dependency on target 'cmark-gfm-extensions' in project 'cmark-gfm'
    Target 'Markdown' in project 'swift-markdown'
        ➜ Explicit dependency on target 'CAtomic' in project 'swift-markdown'
        ➜ Explicit dependency on target 'cmark-gfm' in project 'cmark-gfm'
        ➜ Explicit dependency on target 'cmark-gfm-extensions' in project 'cmark-gfm'
    Target 'cmark-gfm-extensions' in project 'cmark-gfm'
        ➜ Explicit dependency on target 'cmark-gfm-extensions' in project 'cmark-gfm'
        ➜ Explicit dependency on target 'cmark-gfm' in project 'cmark-gfm'
    Target 'cmark-gfm-extensions' in project 'cmark-gfm'
        ➜ Explicit dependency on target 'cmark-gfm' in project 'cmark-gfm'
    Target 'cmark-gfm' in project 'cmark-gfm'
        ➜ Explicit dependency on target 'cmark-gfm' in project 'cmark-gfm'
    Target 'cmark-gfm' in project 'cmark-gfm' (no dependencies)
    Target 'CAtomic' in project 'swift-markdown' (no dependencies)
    Target 'CZlib' in project 'OrangeLen' (no dependencies)
    Target 'CSQLite' in project 'OrangeLen' (no dependencies)

GatherProvisioningInputs

CreateBuildDescription

ExecuteExternalTool /Applications/Xcode.app/Contents/Developer/Toolchains/XcodeDefault.xctoolchain/usr/bin/clang -v -E -dM -arch arm64 -isysroot /Applications/Xcode.app/Contents/Developer/Platforms/MacOSX.platform/Developer/SDKs/MacOSX26.5.sdk -x c -c /dev/null

ExecuteExternalTool /Applications/Xcode.app/Contents/Developer/Toolchains/XcodeDefault.xctoolchain/usr/bin/swiftc --version

ExecuteExternalTool /Applications/Xcode.app/Contents/Developer/Toolchains/XcodeDefault.xctoolchain/usr/bin/clang -v -E -dM -isysroot /Applications/Xcode.app/Contents/Developer/Platforms/MacOSX.platform/Developer/SDKs/MacOSX26.5.sdk -x c -c /dev/null

ExecuteExternalTool /Applications/Xcode.app/Contents/Developer/Toolchains/XcodeDefault.xctoolchain/usr/bin/ld -version_details

ReadFileContents /Applications/Xcode.app/Contents/Developer/Toolchains/XcodeDefault.xctoolchain/usr/share/docc/features.json

Build description signature: 06c063903dd96318b7f7617fd7e6bdf6
Build description path: /Users/huangzhe/Documents/GitHub/OrangeLen/build/DerivedData/Build/Intermediates.noindex/XCBuildData/06c063903dd96318b7f7617fd7e6bdf6.xcbuilddata
ClangStatCache /Applications/Xcode.app/Contents/Developer/Toolchains/XcodeDefault.xctoolchain/usr/bin/clang-stat-cache /Applications/Xcode.app/Contents/Developer/Platforms/MacOSX.platform/Developer/SDKs/MacOSX26.5.sdk /Users/huangzhe/Documents/GitHub/OrangeLen/build/DerivedData/SDKStatCaches.noindex/macosx26.5-25F70-e082c4a02f00227109f4ed75e425c832.sdkstatcache
    cd /Users/huangzhe/Documents/GitHub/OrangeLen/OrangeLen.xcodeproj
    /Applications/Xcode.app/Contents/Developer/Toolchains/XcodeDefault.xctoolchain/usr/bin/clang-stat-cache /Applications/Xcode.app/Contents/Developer/Platforms/MacOSX.platform/Developer/SDKs/MacOSX26.5.sdk -o /Users/huangzhe/Documents/GitHub/OrangeLen/build/DerivedData/SDKStatCaches.noindex/macosx26.5-25F70-e082c4a02f00227109f4ed75e425c832.sdkstatcache

ProcessInfoPlistFile /Users/huangzhe/Documents/GitHub/OrangeLen/build/DerivedData/Build/Products/Debug/OrangeLen_OrangeLenUI.bundle/Contents/Info.plist /Users/huangzhe/Documents/GitHub/OrangeLen/build/DerivedData/Build/Intermediates.noindex/OrangeLen.build/Debug/OrangeLen_OrangeLenUI.build/empty-OrangeLen_OrangeLenUI.plist (in target 'OrangeLen_OrangeLenUI' from project 'OrangeLen' at path '/Users/huangzhe/Documents/GitHub/OrangeLen/Packages/OrangeLen/Package.swift')
    cd /Users/huangzhe/Documents/GitHub/OrangeLen/Packages/OrangeLen
    builtin-infoPlistUtility /Users/huangzhe/Documents/GitHub/OrangeLen/build/DerivedData/Build/Intermediates.noindex/OrangeLen.build/Debug/OrangeLen_OrangeLenUI.build/empty-OrangeLen_OrangeLenUI.plist -producttype com.apple.product-type.bundle -expandbuildsettings -platform macosx -o /Users/huangzhe/Documents/GitHub/OrangeLen/build/DerivedData/Build/Products/Debug/OrangeLen_OrangeLenUI.bundle/Contents/Info.plist

note: Disabling hardened runtime with ad-hoc codesigning. (in target 'OrangeLenImageBroker' from project 'OrangeLen' at path '/Users/huangzhe/Documents/GitHub/OrangeLen/OrangeLen.xcodeproj')
ProcessInfoPlistFile /Users/huangzhe/Documents/GitHub/OrangeLen/build/DerivedData/Build/Products/Debug/OrangeLenImageBroker.xpc/Contents/Info.plist /Users/huangzhe/Documents/GitHub/OrangeLen/ImageBroker/Info.plist (in target 'OrangeLenImageBroker' from project 'OrangeLen' at path '/Users/huangzhe/Documents/GitHub/OrangeLen/OrangeLen.xcodeproj')
    cd /Users/huangzhe/Documents/GitHub/OrangeLen
    builtin-infoPlistUtility /Users/huangzhe/Documents/GitHub/OrangeLen/ImageBroker/Info.plist -producttype com.apple.product-type.xpc-service -expandbuildsettings -platform macosx -o /Users/huangzhe/Documents/GitHub/OrangeLen/build/DerivedData/Build/Products/Debug/OrangeLenImageBroker.xpc/Contents/Info.plist

ProcessInfoPlistFile /Users/huangzhe/Documents/GitHub/OrangeLen/build/DerivedData/Build/Products/Debug/OrangeLenDocumentBroker.xpc/Contents/Info.plist /Users/huangzhe/Documents/GitHub/OrangeLen/DocumentBroker/Info.plist (in target 'OrangeLenDocumentBroker' from project 'OrangeLen' at path '/Users/huangzhe/Documents/GitHub/OrangeLen/OrangeLen.xcodeproj')
    cd /Users/huangzhe/Documents/GitHub/OrangeLen
    builtin-infoPlistUtility /Users/huangzhe/Documents/GitHub/OrangeLen/DocumentBroker/Info.plist -producttype com.apple.product-type.xpc-service -expandbuildsettings -platform macosx -o /Users/huangzhe/Documents/GitHub/OrangeLen/build/DerivedData/Build/Products/Debug/OrangeLenDocumentBroker.xpc/Contents/Info.plist

WriteAuxiliaryFile /Users/huangzhe/Documents/GitHub/OrangeLen/build/DerivedData/Build/Intermediates.noindex/OrangeLen.build/Debug/OrangeLenUI.build/Objects-normal/arm64/OrangeLenUI.LinkFileList (in target 'OrangeLenUI' from project 'OrangeLen' at path '/Users/huangzhe/Documents/GitHub/OrangeLen/Packages/OrangeLen/Package.swift')
    cd /Users/huangzhe/Documents/GitHub/OrangeLen/Packages/OrangeLen
    write-file /Users/huangzhe/Documents/GitHub/OrangeLen/build/DerivedData/Build/Intermediates.noindex/OrangeLen.build/Debug/OrangeLenUI.build/Objects-normal/arm64/OrangeLenUI.LinkFileList

WriteAuxiliaryFile /Users/huangzhe/Documents/GitHub/OrangeLen/build/DerivedData/Build/Intermediates.noindex/OrangeLen.build/Debug/OrangeLenUI.build/Objects-normal/arm64/OrangeLenUI.SwiftConstValuesFileList (in target 'OrangeLenUI' from project 'OrangeLen' at path '/Users/huangzhe/Documents/GitHub/OrangeLen/Packages/OrangeLen/Package.swift')
    cd /Users/huangzhe/Documents/GitHub/OrangeLen/Packages/OrangeLen
    write-file /Users/huangzhe/Documents/GitHub/OrangeLen/build/DerivedData/Build/Intermediates.noindex/OrangeLen.build/Debug/OrangeLenUI.build/Objects-normal/arm64/OrangeLenUI.SwiftConstValuesFileList

WriteAuxiliaryFile /Users/huangzhe/Documents/GitHub/OrangeLen/build/DerivedData/Build/Intermediates.noindex/OrangeLen.build/Debug/OrangeLenUI.build/Objects-normal/arm64/OrangeLenUI.SwiftFileList (in target 'OrangeLenUI' from project 'OrangeLen' at path '/Users/huangzhe/Documents/GitHub/OrangeLen/Packages/OrangeLen/Package.swift')
    cd /Users/huangzhe/Documents/GitHub/OrangeLen/Packages/OrangeLen
    write-file /Users/huangzhe/Documents/GitHub/OrangeLen/build/DerivedData/Build/Intermediates.noindex/OrangeLen.build/Debug/OrangeLenUI.build/Objects-normal/arm64/OrangeLenUI.SwiftFileList

WriteAuxiliaryFile /Users/huangzhe/Documents/GitHub/OrangeLen/build/DerivedData/Build/Intermediates.noindex/OrangeLen.build/Debug/OrangeLenUI.build/Objects-normal/arm64/OrangeLenUI-OutputFileMap.json (in target 'OrangeLenUI' from project 'OrangeLen' at path '/Users/huangzhe/Documents/GitHub/OrangeLen/Packages/OrangeLen/Package.swift')
    cd /Users/huangzhe/Documents/GitHub/OrangeLen/Packages/OrangeLen
    write-file /Users/huangzhe/Documents/GitHub/OrangeLen/build/DerivedData/Build/Intermediates.noindex/OrangeLen.build/Debug/OrangeLenUI.build/Objects-normal/arm64/OrangeLenUI-OutputFileMap.json

SwiftDriver OrangeLenUI normal arm64 com.apple.xcode.tools.swift.compiler (in target 'OrangeLenUI' from project 'OrangeLen' at path '/Users/huangzhe/Documents/GitHub/OrangeLen/Packages/OrangeLen/Package.swift')
    cd /Users/huangzhe/Documents/GitHub/OrangeLen/OrangeLen.xcodeproj
    builtin-SwiftDriver -- /Applications/Xcode.app/Contents/Developer/Toolchains/XcodeDefault.xctoolchain/usr/bin/swiftc -module-name OrangeLenUI -Onone @/Users/huangzhe/Documents/GitHub/OrangeLen/build/DerivedData/Build/Intermediates.noindex/OrangeLen.build/Debug/OrangeLenUI.build/Objects-normal/arm64/OrangeLenUI.SwiftFileList -DSWIFT_PACKAGE -DDEBUG -DSWIFT_MODULE_RESOURCE_BUNDLE_AVAILABLE -Xcc -fmodule-map-file\=/Users/huangzhe/Documents/GitHub/OrangeLen/Packages/OrangeLen/Sources/CZlib/module.modulemap -Xcc -fmodule-map-file\=/Users/huangzhe/Documents/GitHub/OrangeLen/Packages/OrangeLen/Sources/CSQLite/module.modulemap -DXcode -plugin-path /Applications/Xcode.app/Contents/Developer/Toolchains/XcodeDefault.xctoolchain/usr/lib/swift/host/plugins/testing -enable-experimental-feature DebugDescriptionMacro -sdk /Applications/Xcode.app/Contents/Developer/Platforms/MacOSX.platform/Developer/SDKs/MacOSX26.5.sdk -target arm64-apple-macos14.0 -g -module-cache-path /Users/huangzhe/Documents/GitHub/OrangeLen/build/DerivedData/ModuleCache.noindex -Xfrontend -serialize-debugging-options -enable-testing -index-store-path /Users/huangzhe/Documents/GitHub/OrangeLen/build/DerivedData/Index.noindex/DataStore -Xcc -D_LIBCPP_HARDENING_MODE\=_LIBCPP_HARDENING_MODE_DEBUG -swift-version 5 -I /Users/huangzhe/Documents/GitHub/OrangeLen/build/DerivedData/Build/Products/Debug -Isystem /Applications/Xcode.app/Contents/Developer/Platforms/MacOSX.platform/Developer/usr/lib -F /Users/huangzhe/Documents/GitHub/OrangeLen/build/DerivedData/Build/Products/Debug/PackageFrameworks -F /Users/huangzhe/Documents/GitHub/OrangeLen/build/DerivedData/Build/Products/Debug/PackageFrameworks -F /Users/huangzhe/Documents/GitHub/OrangeLen/build/DerivedData/Build/Products/Debug/PackageFrameworks -F /Users/huangzhe/Documents/GitHub/OrangeLen/build/DerivedData/Build/Products/Debug/PackageFrameworks -F /Users/huangzhe/Documents/GitHub/OrangeLen/build/DerivedData/Build/Products/Debug/PackageFrameworks -F /Users/huangzhe/Documents/GitHub/OrangeLen/build/DerivedData/Build/Products/Debug -F /Applications/Xcode.app/Contents/Developer/Platforms/MacOSX.platform/Developer/Library/Frameworks -c -j11 -enable-batch-mode -incremental -Xcc -ivfsstatcache -Xcc /Users/huangzhe/Documents/GitHub/OrangeLen/build/DerivedData/SDKStatCaches.noindex/macosx26.5-25F70-e082c4a02f00227109f4ed75e425c832.sdkstatcache -output-file-map /Users/huangzhe/Documents/GitHub/OrangeLen/build/DerivedData/Build/Intermediates.noindex/OrangeLen.build/Debug/OrangeLenUI.build/Objects-normal/arm64/OrangeLenUI-OutputFileMap.json -use-frontend-parseable-output -save-temps -no-color-diagnostics -explicit-module-build -module-cache-path /Users/huangzhe/Documents/GitHub/OrangeLen/build/DerivedData/Build/Intermediates.noindex/SwiftExplicitPrecompiledModules -clang-scanner-module-cache-path /Users/huangzhe/Documents/GitHub/OrangeLen/build/DerivedData/ModuleCache.noindex -sdk-module-cache-path /Users/huangzhe/Documents/GitHub/OrangeLen/build/DerivedData/ModuleCache.noindex -serialize-diagnostics -emit-dependencies -emit-module -emit-module-path /Users/huangzhe/Documents/GitHub/OrangeLen/build/DerivedData/Build/Intermediates.noindex/OrangeLen.build/Debug/OrangeLenUI.build/Objects-normal/arm64/OrangeLenUI.swiftmodule -validate-clang-modules-once -clang-build-session-file /Users/huangzhe/Documents/GitHub/OrangeLen/build/DerivedData/ModuleCache.noindex/Session.modulevalidation -package-name orangelen -Xcc -I/Users/huangzhe/Documents/GitHub/OrangeLen/build/DerivedData/Build/Intermediates.noindex/OrangeLen.build/Debug/OrangeLenUI.build/swift-overrides.hmap -emit-const-values -Xfrontend -const-gather-protocols-file -Xfrontend /Users/huangzhe/Documents/GitHub/OrangeLen/build/DerivedData/Build/Intermediates.noindex/OrangeLen.build/Debug/OrangeLenUI.build/Objects-normal/arm64/OrangeLenUI_const_extract_protocols.json -Xcc -I/Users/huangzhe/Documents/GitHub/OrangeLen/build/DerivedData/SourcePackages/checkouts/swift-cmark/src/include -Xcc -I/Users/huangzhe/Documents/GitHub/OrangeLen/build/DerivedData/SourcePackages/checkouts/swift-cmark/extensions/include -Xcc -I/Users/huangzhe/Documents/GitHub/OrangeLen/build/DerivedData/SourcePackages/checkouts/swift-markdown/Sources/CAtomic/include -Xcc -I/Users/huangzhe/Documents/GitHub/OrangeLen/build/DerivedData/Build/Products/Debug/include -Xcc -I/Users/huangzhe/Documents/GitHub/OrangeLen/build/DerivedData/Build/Intermediates.noindex/OrangeLen.build/Debug/OrangeLenUI.build/DerivedSources-normal/arm64 -Xcc -I/Users/huangzhe/Documents/GitHub/OrangeLen/build/DerivedData/Build/Intermediates.noindex/OrangeLen.build/Debug/OrangeLenUI.build/DerivedSources/arm64 -Xcc -I/Users/huangzhe/Documents/GitHub/OrangeLen/build/DerivedData/Build/Intermediates.noindex/OrangeLen.build/Debug/OrangeLenUI.build/DerivedSources -Xcc -DSWIFT_PACKAGE -Xcc -DDEBUG\=1 -emit-objc-header -emit-objc-header-path /Users/huangzhe/Documents/GitHub/OrangeLen/build/DerivedData/Build/Intermediates.noindex/OrangeLen.build/Debug/OrangeLenUI.build/Objects-normal/arm64/OrangeLenUI-Swift.h -working-directory /Users/huangzhe/Documents/GitHub/OrangeLen/OrangeLen.xcodeproj -experimental-emit-module-separately -disable-cmo

SwiftEmitModule normal arm64 Emitting\ module\ for\ OrangeLenUI (in target 'OrangeLenUI' from project 'OrangeLen' at path '/Users/huangzhe/Documents/GitHub/OrangeLen/Packages/OrangeLen/Package.swift')

EmitSwiftModule normal arm64 (in target 'OrangeLenUI' from project 'OrangeLen' at path '/Users/huangzhe/Documents/GitHub/OrangeLen/Packages/OrangeLen/Package.swift')
    cd /Users/huangzhe/Documents/GitHub/OrangeLen/OrangeLen.xcodeproj
    

SwiftCompile normal arm64 Compiling\ ReaderController.swift /Users/huangzhe/Documents/GitHub/OrangeLen/Packages/OrangeLen/Sources/OrangeLenUI/ReaderController.swift (in target 'OrangeLenUI' from project 'OrangeLen' at path '/Users/huangzhe/Documents/GitHub/OrangeLen/Packages/OrangeLen/Package.swift')
SwiftCompile normal arm64 /Users/huangzhe/Documents/GitHub/OrangeLen/Packages/OrangeLen/Sources/OrangeLenUI/ReaderController.swift (in target 'OrangeLenUI' from project 'OrangeLen' at path '/Users/huangzhe/Documents/GitHub/OrangeLen/Packages/OrangeLen/Package.swift')
    cd /Users/huangzhe/Documents/GitHub/OrangeLen/OrangeLen.xcodeproj
    

SwiftCompile normal arm64 Compiling\ ReaderBackgroundView.swift /Users/huangzhe/Documents/GitHub/OrangeLen/Packages/OrangeLen/Sources/OrangeLenUI/ReaderBackgroundView.swift (in target 'OrangeLenUI' from project 'OrangeLen' at path '/Users/huangzhe/Documents/GitHub/OrangeLen/Packages/OrangeLen/Package.swift')

SwiftCompile normal arm64 /Users/huangzhe/Documents/GitHub/OrangeLen/Packages/OrangeLen/Sources/OrangeLenUI/ReaderBackgroundView.swift (in target 'OrangeLenUI' from project 'OrangeLen' at path '/Users/huangzhe/Documents/GitHub/OrangeLen/Packages/OrangeLen/Package.swift')
    cd /Users/huangzhe/Documents/GitHub/OrangeLen/OrangeLen.xcodeproj
    

SwiftDriverJobDiscovery normal arm64 Compiling ReaderBackgroundView.swift (in target 'OrangeLenUI' from project 'OrangeLen' at path '/Users/huangzhe/Documents/GitHub/OrangeLen/Packages/OrangeLen/Package.swift')

SwiftDriverJobDiscovery normal arm64 Emitting module for OrangeLenUI (in target 'OrangeLenUI' from project 'OrangeLen' at path '/Users/huangzhe/Documents/GitHub/OrangeLen/Packages/OrangeLen/Package.swift')

SwiftDriver\ Compilation\ Requirements OrangeLenUI normal arm64 com.apple.xcode.tools.swift.compiler (in target 'OrangeLenUI' from project 'OrangeLen' at path '/Users/huangzhe/Documents/GitHub/OrangeLen/Packages/OrangeLen/Package.swift')
    cd /Users/huangzhe/Documents/GitHub/OrangeLen/OrangeLen.xcodeproj
    builtin-Swift-Compilation-Requirements -- /Applications/Xcode.app/Contents/Developer/Toolchains/XcodeDefault.xctoolchain/usr/bin/swiftc -module-name OrangeLenUI -Onone @/Users/huangzhe/Documents/GitHub/OrangeLen/build/DerivedData/Build/Intermediates.noindex/OrangeLen.build/Debug/OrangeLenUI.build/Objects-normal/arm64/OrangeLenUI.SwiftFileList -DSWIFT_PACKAGE -DDEBUG -DSWIFT_MODULE_RESOURCE_BUNDLE_AVAILABLE -Xcc -fmodule-map-file\=/Users/huangzhe/Documents/GitHub/OrangeLen/Packages/OrangeLen/Sources/CZlib/module.modulemap -Xcc -fmodule-map-file\=/Users/huangzhe/Documents/GitHub/OrangeLen/Packages/OrangeLen/Sources/CSQLite/module.modulemap -DXcode -plugin-path /Applications/Xcode.app/Contents/Developer/Toolchains/XcodeDefault.xctoolchain/usr/lib/swift/host/plugins/testing -enable-experimental-feature DebugDescriptionMacro -sdk /Applications/Xcode.app/Contents/Developer/Platforms/MacOSX.platform/Developer/SDKs/MacOSX26.5.sdk -target arm64-apple-macos14.0 -g -module-cache-path /Users/huangzhe/Documents/GitHub/OrangeLen/build/DerivedData/ModuleCache.noindex -Xfrontend -serialize-debugging-options -enable-testing -index-store-path /Users/huangzhe/Documents/GitHub/OrangeLen/build/DerivedData/Index.noindex/DataStore -Xcc -D_LIBCPP_HARDENING_MODE\=_LIBCPP_HARDENING_MODE_DEBUG -swift-version 5 -I /Users/huangzhe/Documents/GitHub/OrangeLen/build/DerivedData/Build/Products/Debug -Isystem /Applications/Xcode.app/Contents/Developer/Platforms/MacOSX.platform/Developer/usr/lib -F /Users/huangzhe/Documents/GitHub/OrangeLen/build/DerivedData/Build/Products/Debug/PackageFrameworks -F /Users/huangzhe/Documents/GitHub/OrangeLen/build/DerivedData/Build/Products/Debug/PackageFrameworks -F /Users/huangzhe/Documents/GitHub/OrangeLen/build/DerivedData/Build/Products/Debug/PackageFrameworks -F /Users/huangzhe/Documents/GitHub/OrangeLen/build/DerivedData/Build/Products/Debug/PackageFrameworks -F /Users/huangzhe/Documents/GitHub/OrangeLen/build/DerivedData/Build/Products/Debug/PackageFrameworks -F /Users/huangzhe/Documents/GitHub/OrangeLen/build/DerivedData/Build/Products/Debug -F /Applications/Xcode.app/Contents/Developer/Platforms/MacOSX.platform/Developer/Library/Frameworks -c -j11 -enable-batch-mode -incremental -Xcc -ivfsstatcache -Xcc /Users/huangzhe/Documents/GitHub/OrangeLen/build/DerivedData/SDKStatCaches.noindex/macosx26.5-25F70-e082c4a02f00227109f4ed75e425c832.sdkstatcache -output-file-map /Users/huangzhe/Documents/GitHub/OrangeLen/build/DerivedData/Build/Intermediates.noindex/OrangeLen.build/Debug/OrangeLenUI.build/Objects-normal/arm64/OrangeLenUI-OutputFileMap.json -use-frontend-parseable-output -save-temps -no-color-diagnostics -explicit-module-build -module-cache-path /Users/huangzhe/Documents/GitHub/OrangeLen/build/DerivedData/Build/Intermediates.noindex/SwiftExplicitPrecompiledModules -clang-scanner-module-cache-path /Users/huangzhe/Documents/GitHub/OrangeLen/build/DerivedData/ModuleCache.noindex -sdk-module-cache-path /Users/huangzhe/Documents/GitHub/OrangeLen/build/DerivedData/ModuleCache.noindex -serialize-diagnostics -emit-dependencies -emit-module -emit-module-path /Users/huangzhe/Documents/GitHub/OrangeLen/build/DerivedData/Build/Intermediates.noindex/OrangeLen.build/Debug/OrangeLenUI.build/Objects-normal/arm64/OrangeLenUI.swiftmodule -validate-clang-modules-once -clang-build-session-file /Users/huangzhe/Documents/GitHub/OrangeLen/build/DerivedData/ModuleCache.noindex/Session.modulevalidation -package-name orangelen -Xcc -I/Users/huangzhe/Documents/GitHub/OrangeLen/build/DerivedData/Build/Intermediates.noindex/OrangeLen.build/Debug/OrangeLenUI.build/swift-overrides.hmap -emit-const-values -Xfrontend -const-gather-protocols-file -Xfrontend /Users/huangzhe/Documents/GitHub/OrangeLen/build/DerivedData/Build/Intermediates.noindex/OrangeLen.build/Debug/OrangeLenUI.build/Objects-normal/arm64/OrangeLenUI_const_extract_protocols.json -Xcc -I/Users/huangzhe/Documents/GitHub/OrangeLen/build/DerivedData/SourcePackages/checkouts/swift-cmark/src/include -Xcc -I/Users/huangzhe/Documents/GitHub/OrangeLen/build/DerivedData/SourcePackages/checkouts/swift-cmark/extensions/include -Xcc -I/Users/huangzhe/Documents/GitHub/OrangeLen/build/DerivedData/SourcePackages/checkouts/swift-markdown/Sources/CAtomic/include -Xcc -I/Users/huangzhe/Documents/GitHub/OrangeLen/build/DerivedData/Build/Products/Debug/include -Xcc -I/Users/huangzhe/Documents/GitHub/OrangeLen/build/DerivedData/Build/Intermediates.noindex/OrangeLen.build/Debug/OrangeLenUI.build/DerivedSources-normal/arm64 -Xcc -I/Users/huangzhe/Documents/GitHub/OrangeLen/build/DerivedData/Build/Intermediates.noindex/OrangeLen.build/Debug/OrangeLenUI.build/DerivedSources/arm64 -Xcc -I/Users/huangzhe/Documents/GitHub/OrangeLen/build/DerivedData/Build/Intermediates.noindex/OrangeLen.build/Debug/OrangeLenUI.build/DerivedSources -Xcc -DSWIFT_PACKAGE -Xcc -DDEBUG\=1 -emit-objc-header -emit-objc-header-path /Users/huangzhe/Documents/GitHub/OrangeLen/build/DerivedData/Build/Intermediates.noindex/OrangeLen.build/Debug/OrangeLenUI.build/Objects-normal/arm64/OrangeLenUI-Swift.h -working-directory /Users/huangzhe/Documents/GitHub/OrangeLen/OrangeLen.xcodeproj -experimental-emit-module-separately -disable-cmo

Copy /Users/huangzhe/Documents/GitHub/OrangeLen/build/DerivedData/Build/Products/Debug/OrangeLenUI.swiftmodule/arm64-apple-macos.swiftdoc /Users/huangzhe/Documents/GitHub/OrangeLen/build/DerivedData/Build/Intermediates.noindex/OrangeLen.build/Debug/OrangeLenUI.build/Objects-normal/arm64/OrangeLenUI.swiftdoc (in target 'OrangeLenUI' from project 'OrangeLen' at path '/Users/huangzhe/Documents/GitHub/OrangeLen/Packages/OrangeLen/Package.swift')
    cd /Users/huangzhe/Documents/GitHub/OrangeLen/Packages/OrangeLen
    builtin-copy -exclude .DS_Store -exclude CVS -exclude .svn -exclude .git -exclude .hg -resolve-src-symlinks -rename /Users/huangzhe/Documents/GitHub/OrangeLen/build/DerivedData/Build/Intermediates.noindex/OrangeLen.build/Debug/OrangeLenUI.build/Objects-normal/arm64/OrangeLenUI.swiftdoc /Users/huangzhe/Documents/GitHub/OrangeLen/build/DerivedData/Build/Products/Debug/OrangeLenUI.swiftmodule/arm64-apple-macos.swiftdoc

Copy /Users/huangzhe/Documents/GitHub/OrangeLen/build/DerivedData/Build/Products/Debug/OrangeLenUI.swiftmodule/arm64-apple-macos.abi.json /Users/huangzhe/Documents/GitHub/OrangeLen/build/DerivedData/Build/Intermediates.noindex/OrangeLen.build/Debug/OrangeLenUI.build/Objects-normal/arm64/OrangeLenUI.abi.json (in target 'OrangeLenUI' from project 'OrangeLen' at path '/Users/huangzhe/Documents/GitHub/OrangeLen/Packages/OrangeLen/Package.swift')
    cd /Users/huangzhe/Documents/GitHub/OrangeLen/Packages/OrangeLen
    builtin-copy -exclude .DS_Store -exclude CVS -exclude .svn -exclude .git -exclude .hg -resolve-src-symlinks -rename /Users/huangzhe/Documents/GitHub/OrangeLen/build/DerivedData/Build/Intermediates.noindex/OrangeLen.build/Debug/OrangeLenUI.build/Objects-normal/arm64/OrangeLenUI.abi.json /Users/huangzhe/Documents/GitHub/OrangeLen/build/DerivedData/Build/Products/Debug/OrangeLenUI.swiftmodule/arm64-apple-macos.abi.json

Copy /Users/huangzhe/Documents/GitHub/OrangeLen/build/DerivedData/Build/Products/Debug/OrangeLenUI.swiftmodule/Project/arm64-apple-macos.swiftsourceinfo /Users/huangzhe/Documents/GitHub/OrangeLen/build/DerivedData/Build/Intermediates.noindex/OrangeLen.build/Debug/OrangeLenUI.build/Objects-normal/arm64/OrangeLenUI.swiftsourceinfo (in target 'OrangeLenUI' from project 'OrangeLen' at path '/Users/huangzhe/Documents/GitHub/OrangeLen/Packages/OrangeLen/Package.swift')
    cd /Users/huangzhe/Documents/GitHub/OrangeLen/Packages/OrangeLen
    builtin-copy -exclude .DS_Store -exclude CVS -exclude .svn -exclude .git -exclude .hg -resolve-src-symlinks -rename /Users/huangzhe/Documents/GitHub/OrangeLen/build/DerivedData/Build/Intermediates.noindex/OrangeLen.build/Debug/OrangeLenUI.build/Objects-normal/arm64/OrangeLenUI.swiftsourceinfo /Users/huangzhe/Documents/GitHub/OrangeLen/build/DerivedData/Build/Products/Debug/OrangeLenUI.swiftmodule/Project/arm64-apple-macos.swiftsourceinfo

Copy /Users/huangzhe/Documents/GitHub/OrangeLen/build/DerivedData/Build/Products/Debug/OrangeLenUI.swiftmodule/arm64-apple-macos.swiftmodule /Users/huangzhe/Documents/GitHub/OrangeLen/build/DerivedData/Build/Intermediates.noindex/OrangeLen.build/Debug/OrangeLenUI.build/Objects-normal/arm64/OrangeLenUI.swiftmodule (in target 'OrangeLenUI' from project 'OrangeLen' at path '/Users/huangzhe/Documents/GitHub/OrangeLen/Packages/OrangeLen/Package.swift')
    cd /Users/huangzhe/Documents/GitHub/OrangeLen/Packages/OrangeLen
    builtin-copy -exclude .DS_Store -exclude CVS -exclude .svn -exclude .git -exclude .hg -resolve-src-symlinks -rename /Users/huangzhe/Documents/GitHub/OrangeLen/build/DerivedData/Build/Intermediates.noindex/OrangeLen.build/Debug/OrangeLenUI.build/Objects-normal/arm64/OrangeLenUI.swiftmodule /Users/huangzhe/Documents/GitHub/OrangeLen/build/DerivedData/Build/Products/Debug/OrangeLenUI.swiftmodule/arm64-apple-macos.swiftmodule

SwiftDriver OrangeLenPreviewArchives normal arm64 com.apple.xcode.tools.swift.compiler (in target 'OrangeLenPreviewArchives' from project 'OrangeLen' at path '/Users/huangzhe/Documents/GitHub/OrangeLen/OrangeLen.xcodeproj')
    cd /Users/huangzhe/Documents/GitHub/OrangeLen
    builtin-SwiftDriver -- /Applications/Xcode.app/Contents/Developer/Toolchains/XcodeDefault.xctoolchain/usr/bin/swiftc -module-name OrangeLenPreviewArchives -Onone @/Users/huangzhe/Documents/GitHub/OrangeLen/build/DerivedData/Build/Intermediates.noindex/OrangeLen.build/Debug/OrangeLenPreviewArchives.build/Objects-normal/arm64/OrangeLenPreviewArchives.SwiftFileList -DDEBUG -Xcc -fmodule-map-file\=/Users/huangzhe/Documents/GitHub/OrangeLen/Packages/OrangeLen/Sources/CZlib/module.modulemap -Xcc -fmodule-map-file\=/Users/huangzhe/Documents/GitHub/OrangeLen/Packages/OrangeLen/Sources/CSQLite/module.modulemap -enable-bare-slash-regex -enable-experimental-feature DebugDescriptionMacro -sdk /Applications/Xcode.app/Contents/Developer/Platforms/MacOSX.platform/Developer/SDKs/MacOSX26.5.sdk -target arm64-apple-macos14.0 -g -module-cache-path /Users/huangzhe/Documents/GitHub/OrangeLen/build/DerivedData/ModuleCache.noindex -Xfrontend -serialize-debugging-options -application-extension -enable-testing -index-store-path /Users/huangzhe/Documents/GitHub/OrangeLen/build/DerivedData/Index.noindex/DataStore -Xcc -D_LIBCPP_HARDENING_MODE\=_LIBCPP_HARDENING_MODE_DEBUG -swift-version 5 -I /Users/huangzhe/Documents/GitHub/OrangeLen/build/DerivedData/Build/Products/Debug -F /Users/huangzhe/Documents/GitHub/OrangeLen/build/DerivedData/Build/Products/Debug/PackageFrameworks -F /Users/huangzhe/Documents/GitHub/OrangeLen/build/DerivedData/Build/Products/Debug/PackageFrameworks -F /Users/huangzhe/Documents/GitHub/OrangeLen/build/DerivedData/Build/Products/Debug/PackageFrameworks -F /Users/huangzhe/Documents/GitHub/OrangeLen/build/DerivedData/Build/Products/Debug/PackageFrameworks -F /Users/huangzhe/Documents/GitHub/OrangeLen/build/DerivedData/Build/Products/Debug/PackageFrameworks -F /Users/huangzhe/Documents/GitHub/OrangeLen/build/DerivedData/Build/Products/Debug/PackageFrameworks -F /Users/huangzhe/Documents/GitHub/OrangeLen/build/DerivedData/Build/Products/Debug -parse-as-library -c -j11 -enable-batch-mode -incremental -Xcc -ivfsstatcache -Xcc /Users/huangzhe/Documents/GitHub/OrangeLen/build/DerivedData/SDKStatCaches.noindex/macosx26.5-25F70-e082c4a02f00227109f4ed75e425c832.sdkstatcache -output-file-map /Users/huangzhe/Documents/GitHub/OrangeLen/build/DerivedData/Build/Intermediates.noindex/OrangeLen.build/Debug/OrangeLenPreviewArchives.build/Objects-normal/arm64/OrangeLenPreviewArchives-OutputFileMap.json -use-frontend-parseable-output -save-temps -no-color-diagnostics -explicit-module-build -module-cache-path /Users/huangzhe/Documents/GitHub/OrangeLen/build/DerivedData/Build/Intermediates.noindex/SwiftExplicitPrecompiledModules -clang-scanner-module-cache-path /Users/huangzhe/Documents/GitHub/OrangeLen/build/DerivedData/ModuleCache.noindex -sdk-module-cache-path /Users/huangzhe/Documents/GitHub/OrangeLen/build/DerivedData/ModuleCache.noindex -serialize-diagnostics -emit-dependencies -emit-module -emit-module-path /Users/huangzhe/Documents/GitHub/OrangeLen/build/DerivedData/Build/Intermediates.noindex/OrangeLen.build/Debug/OrangeLenPreviewArchives.build/Objects-normal/arm64/OrangeLenPreviewArchives.swiftmodule -validate-clang-modules-once -clang-build-session-file /Users/huangzhe/Documents/GitHub/OrangeLen/build/DerivedData/ModuleCache.noindex/Session.modulevalidation -Xcc -I/Users/huangzhe/Documents/GitHub/OrangeLen/build/DerivedData/Build/Intermediates.noindex/OrangeLen.build/Debug/OrangeLenPreviewArchives.build/swift-overrides.hmap -emit-const-values -Xfrontend -const-gather-protocols-file -Xfrontend /Users/huangzhe/Documents/GitHub/OrangeLen/build/DerivedData/Build/Intermediates.noindex/OrangeLen.build/Debug/OrangeLenPreviewArchives.build/Objects-normal/arm64/OrangeLenPreviewArchives_const_extract_protocols.json -Xcc -iquote -Xcc /Users/huangzhe/Documents/GitHub/OrangeLen/build/DerivedData/Build/Intermediates.noindex/OrangeLen.build/Debug/OrangeLenPreviewArchives.build/OrangeLenPreviewArchives-generated-files.hmap -Xcc -I/Users/huangzhe/Documents/GitHub/OrangeLen/build/DerivedData/Build/Intermediates.noindex/OrangeLen.build/Debug/OrangeLenPreviewArchives.build/OrangeLenPreviewArchives-own-target-headers.hmap -Xcc -I/Users/huangzhe/Documents/GitHub/OrangeLen/build/DerivedData/Build/Intermediates.noindex/OrangeLen.build/Debug/OrangeLenPreviewArchives.build/OrangeLenPreviewArchives-all-non-framework-target-headers.hmap -Xcc -ivfsoverlay -Xcc /Users/huangzhe/Documents/GitHub/OrangeLen/build/DerivedData/Build/Intermediates.noindex/OrangeLen.build/Debug/OrangeLen-858e2ff2c7d6a1eb168211f71310dee6-VFS/all-product-headers.yaml -Xcc -iquote -Xcc /Users/huangzhe/Documents/GitHub/OrangeLen/build/DerivedData/Build/Intermediates.noindex/OrangeLen.build/Debug/OrangeLenPreviewArchives.build/OrangeLenPreviewArchives-project-headers.hmap -Xcc -I/Users/huangzhe/Documents/GitHub/OrangeLen/build/DerivedData/SourcePackages/checkouts/swift-cmark/src/include -Xcc -I/Users/huangzhe/Documents/GitHub/OrangeLen/build/DerivedData/SourcePackages/checkouts/swift-cmark/extensions/include -Xcc -I/Users/huangzhe/Documents/GitHub/OrangeLen/build/DerivedData/SourcePackages/checkouts/swift-markdown/Sources/CAtomic/include -Xcc -I/Users/huangzhe/Documents/GitHub/OrangeLen/build/DerivedData/Build/Products/Debug/include -Xcc -I/Users/huangzhe/Documents/GitHub/OrangeLen/build/DerivedData/Build/Intermediates.noindex/OrangeLen.build/Debug/OrangeLenPreviewArchives.build/DerivedSources-normal/arm64 -Xcc -I/Users/huangzhe/Documents/GitHub/OrangeLen/build/DerivedData/Build/Intermediates.noindex/OrangeLen.build/Debug/OrangeLenPreviewArchives.build/DerivedSources/arm64 -Xcc -I/Users/huangzhe/Documents/GitHub/OrangeLen/build/DerivedData/Build/Intermediates.noindex/OrangeLen.build/Debug/OrangeLenPreviewArchives.build/DerivedSources -Xcc -DDEBUG\=1 -emit-objc-header -emit-objc-header-path /Users/huangzhe/Documents/GitHub/OrangeLen/build/DerivedData/Build/Intermediates.noindex/OrangeLen.build/Debug/OrangeLenPreviewArchives.build/Objects-normal/arm64/OrangeLenPreviewArchives-Swift.h -working-directory /Users/huangzhe/Documents/GitHub/OrangeLen -experimental-emit-module-separately -disable-cmo

SwiftDriver OrangeLenPreviewMarkdown normal arm64 com.apple.xcode.tools.swift.compiler (in target 'OrangeLenPreviewMarkdown' from project 'OrangeLen' at path '/Users/huangzhe/Documents/GitHub/OrangeLen/OrangeLen.xcodeproj')
    cd /Users/huangzhe/Documents/GitHub/OrangeLen
    builtin-SwiftDriver -- /Applications/Xcode.app/Contents/Developer/Toolchains/XcodeDefault.xctoolchain/usr/bin/swiftc -module-name OrangeLenPreviewMarkdown -Onone @/Users/huangzhe/Documents/GitHub/OrangeLen/build/DerivedData/Build/Intermediates.noindex/OrangeLen.build/Debug/OrangeLenPreviewMarkdown.build/Objects-normal/arm64/OrangeLenPreviewMarkdown.SwiftFileList -DDEBUG -Xcc -fmodule-map-file\=/Users/huangzhe/Documents/GitHub/OrangeLen/Packages/OrangeLen/Sources/CZlib/module.modulemap -Xcc -fmodule-map-file\=/Users/huangzhe/Documents/GitHub/OrangeLen/Packages/OrangeLen/Sources/CSQLite/module.modulemap -enable-bare-slash-regex -enable-experimental-feature DebugDescriptionMacro -sdk /Applications/Xcode.app/Contents/Developer/Platforms/MacOSX.platform/Developer/SDKs/MacOSX26.5.sdk -target arm64-apple-macos14.0 -g -module-cache-path /Users/huangzhe/Documents/GitHub/OrangeLen/build/DerivedData/ModuleCache.noindex -Xfrontend -serialize-debugging-options -application-extension -enable-testing -index-store-path /Users/huangzhe/Documents/GitHub/OrangeLen/build/DerivedData/Index.noindex/DataStore -Xcc -D_LIBCPP_HARDENING_MODE\=_LIBCPP_HARDENING_MODE_DEBUG -swift-version 5 -I /Users/huangzhe/Documents/GitHub/OrangeLen/build/DerivedData/Build/Products/Debug -F /Users/huangzhe/Documents/GitHub/OrangeLen/build/DerivedData/Build/Products/Debug/PackageFrameworks -F /Users/huangzhe/Documents/GitHub/OrangeLen/build/DerivedData/Build/Products/Debug/PackageFrameworks -F /Users/huangzhe/Documents/GitHub/OrangeLen/build/DerivedData/Build/Products/Debug/PackageFrameworks -F /Users/huangzhe/Documents/GitHub/OrangeLen/build/DerivedData/Build/Products/Debug/PackageFrameworks -F /Users/huangzhe/Documents/GitHub/OrangeLen/build/DerivedData/Build/Products/Debug/PackageFrameworks -F /Users/huangzhe/Documents/GitHub/OrangeLen/build/DerivedData/Build/Products/Debug/PackageFrameworks -F /Users/huangzhe/Documents/GitHub/OrangeLen/build/DerivedData/Build/Products/Debug -parse-as-library -c -j11 -enable-batch-mode -incremental -Xcc -ivfsstatcache -Xcc /Users/huangzhe/Documents/GitHub/OrangeLen/build/DerivedData/SDKStatCaches.noindex/macosx26.5-25F70-e082c4a02f00227109f4ed75e425c832.sdkstatcache -output-file-map /Users/huangzhe/Documents/GitHub/OrangeLen/build/DerivedData/Build/Intermediates.noindex/OrangeLen.build/Debug/OrangeLenPreviewMarkdown.build/Objects-normal/arm64/OrangeLenPreviewMarkdown-OutputFileMap.json -use-frontend-parseable-output -save-temps -no-color-diagnostics -explicit-module-build -module-cache-path /Users/huangzhe/Documents/GitHub/OrangeLen/build/DerivedData/Build/Intermediates.noindex/SwiftExplicitPrecompiledModules -clang-scanner-module-cache-path /Users/huangzhe/Documents/GitHub/OrangeLen/build/DerivedData/ModuleCache.noindex -sdk-module-cache-path /Users/huangzhe/Documents/GitHub/OrangeLen/build/DerivedData/ModuleCache.noindex -serialize-diagnostics -emit-dependencies -emit-module -emit-module-path /Users/huangzhe/Documents/GitHub/OrangeLen/build/DerivedData/Build/Intermediates.noindex/OrangeLen.build/Debug/OrangeLenPreviewMarkdown.build/Objects-normal/arm64/OrangeLenPreviewMarkdown.swiftmodule -validate-clang-modules-once -clang-build-session-file /Users/huangzhe/Documents/GitHub/OrangeLen/build/DerivedData/ModuleCache.noindex/Session.modulevalidation -Xcc -I/Users/huangzhe/Documents/GitHub/OrangeLen/build/DerivedData/Build/Intermediates.noindex/OrangeLen.build/Debug/OrangeLenPreviewMarkdown.build/swift-overrides.hmap -emit-const-values -Xfrontend -const-gather-protocols-file -Xfrontend /Users/huangzhe/Documents/GitHub/OrangeLen/build/DerivedData/Build/Intermediates.noindex/OrangeLen.build/Debug/OrangeLenPreviewMarkdown.build/Objects-normal/arm64/OrangeLenPreviewMarkdown_const_extract_protocols.json -Xcc -iquote -Xcc /Users/huangzhe/Documents/GitHub/OrangeLen/build/DerivedData/Build/Intermediates.noindex/OrangeLen.build/Debug/OrangeLenPreviewMarkdown.build/OrangeLenPreviewMarkdown-generated-files.hmap -Xcc -I/Users/huangzhe/Documents/GitHub/OrangeLen/build/DerivedData/Build/Intermediates.noindex/OrangeLen.build/Debug/OrangeLenPreviewMarkdown.build/OrangeLenPreviewMarkdown-own-target-headers.hmap -Xcc -I/Users/huangzhe/Documents/GitHub/OrangeLen/build/DerivedData/Build/Intermediates.noindex/OrangeLen.build/Debug/OrangeLenPreviewMarkdown.build/OrangeLenPreviewMarkdown-all-non-framework-target-headers.hmap -Xcc -ivfsoverlay -Xcc /Users/huangzhe/Documents/GitHub/OrangeLen/build/DerivedData/Build/Intermediates.noindex/OrangeLen.build/Debug/OrangeLen-858e2ff2c7d6a1eb168211f71310dee6-VFS/all-product-headers.yaml -Xcc -iquote -Xcc /Users/huangzhe/Documents/GitHub/OrangeLen/build/DerivedData/Build/Intermediates.noindex/OrangeLen.build/Debug/OrangeLenPreviewMarkdown.build/OrangeLenPreviewMarkdown-project-headers.hmap -Xcc -I/Users/huangzhe/Documents/GitHub/OrangeLen/build/DerivedData/SourcePackages/checkouts/swift-cmark/src/include -Xcc -I/Users/huangzhe/Documents/GitHub/OrangeLen/build/DerivedData/SourcePackages/checkouts/swift-cmark/extensions/include -Xcc -I/Users/huangzhe/Documents/GitHub/OrangeLen/build/DerivedData/SourcePackages/checkouts/swift-markdown/Sources/CAtomic/include -Xcc -I/Users/huangzhe/Documents/GitHub/OrangeLen/build/DerivedData/Build/Products/Debug/include -Xcc -I/Users/huangzhe/Documents/GitHub/OrangeLen/build/DerivedData/Build/Intermediates.noindex/OrangeLen.build/Debug/OrangeLenPreviewMarkdown.build/DerivedSources-normal/arm64 -Xcc -I/Users/huangzhe/Documents/GitHub/OrangeLen/build/DerivedData/Build/Intermediates.noindex/OrangeLen.build/Debug/OrangeLenPreviewMarkdown.build/DerivedSources/arm64 -Xcc -I/Users/huangzhe/Documents/GitHub/OrangeLen/build/DerivedData/Build/Intermediates.noindex/OrangeLen.build/Debug/OrangeLenPreviewMarkdown.build/DerivedSources -Xcc -DDEBUG\=1 -emit-objc-header -emit-objc-header-path /Users/huangzhe/Documents/GitHub/OrangeLen/build/DerivedData/Build/Intermediates.noindex/OrangeLen.build/Debug/OrangeLenPreviewMarkdown.build/Objects-normal/arm64/OrangeLenPreviewMarkdown-Swift.h -working-directory /Users/huangzhe/Documents/GitHub/OrangeLen -experimental-emit-module-separately -disable-cmo

SwiftDriver OrangeLenPreviewBooks normal arm64 com.apple.xcode.tools.swift.compiler (in target 'OrangeLenPreviewBooks' from project 'OrangeLen' at path '/Users/huangzhe/Documents/GitHub/OrangeLen/OrangeLen.xcodeproj')
    cd /Users/huangzhe/Documents/GitHub/OrangeLen
    builtin-SwiftDriver -- /Applications/Xcode.app/Contents/Developer/Toolchains/XcodeDefault.xctoolchain/usr/bin/swiftc -module-name OrangeLenPreviewBooks -Onone @/Users/huangzhe/Documents/GitHub/OrangeLen/build/DerivedData/Build/Intermediates.noindex/OrangeLen.build/Debug/OrangeLenPreviewBooks.build/Objects-normal/arm64/OrangeLenPreviewBooks.SwiftFileList -DDEBUG -Xcc -fmodule-map-file\=/Users/huangzhe/Documents/GitHub/OrangeLen/Packages/OrangeLen/Sources/CZlib/module.modulemap -Xcc -fmodule-map-file\=/Users/huangzhe/Documents/GitHub/OrangeLen/Packages/OrangeLen/Sources/CSQLite/module.modulemap -enable-bare-slash-regex -enable-experimental-feature DebugDescriptionMacro -sdk /Applications/Xcode.app/Contents/Developer/Platforms/MacOSX.platform/Developer/SDKs/MacOSX26.5.sdk -target arm64-apple-macos14.0 -g -module-cache-path /Users/huangzhe/Documents/GitHub/OrangeLen/build/DerivedData/ModuleCache.noindex -Xfrontend -serialize-debugging-options -application-extension -enable-testing -index-store-path /Users/huangzhe/Documents/GitHub/OrangeLen/build/DerivedData/Index.noindex/DataStore -Xcc -D_LIBCPP_HARDENING_MODE\=_LIBCPP_HARDENING_MODE_DEBUG -swift-version 5 -I /Users/huangzhe/Documents/GitHub/OrangeLen/build/DerivedData/Build/Products/Debug -F /Users/huangzhe/Documents/GitHub/OrangeLen/build/DerivedData/Build/Products/Debug/PackageFrameworks -F /Users/huangzhe/Documents/GitHub/OrangeLen/build/DerivedData/Build/Products/Debug/PackageFrameworks -F /Users/huangzhe/Documents/GitHub/OrangeLen/build/DerivedData/Build/Products/Debug/PackageFrameworks -F /Users/huangzhe/Documents/GitHub/OrangeLen/build/DerivedData/Build/Products/Debug/PackageFrameworks -F /Users/huangzhe/Documents/GitHub/OrangeLen/build/DerivedData/Build/Products/Debug/PackageFrameworks -F /Users/huangzhe/Documents/GitHub/OrangeLen/build/DerivedData/Build/Products/Debug/PackageFrameworks -F /Users/huangzhe/Documents/GitHub/OrangeLen/build/DerivedData/Build/Products/Debug -parse-as-library -c -j11 -enable-batch-mode -incremental -Xcc -ivfsstatcache -Xcc /Users/huangzhe/Documents/GitHub/OrangeLen/build/DerivedData/SDKStatCaches.noindex/macosx26.5-25F70-e082c4a02f00227109f4ed75e425c832.sdkstatcache -output-file-map /Users/huangzhe/Documents/GitHub/OrangeLen/build/DerivedData/Build/Intermediates.noindex/OrangeLen.build/Debug/OrangeLenPreviewBooks.build/Objects-normal/arm64/OrangeLenPreviewBooks-OutputFileMap.json -use-frontend-parseable-output -save-temps -no-color-diagnostics -explicit-module-build -module-cache-path /Users/huangzhe/Documents/GitHub/OrangeLen/build/DerivedData/Build/Intermediates.noindex/SwiftExplicitPrecompiledModules -clang-scanner-module-cache-path /Users/huangzhe/Documents/GitHub/OrangeLen/build/DerivedData/ModuleCache.noindex -sdk-module-cache-path /Users/huangzhe/Documents/GitHub/OrangeLen/build/DerivedData/ModuleCache.noindex -serialize-diagnostics -emit-dependencies -emit-module -emit-module-path /Users/huangzhe/Documents/GitHub/OrangeLen/build/DerivedData/Build/Intermediates.noindex/OrangeLen.build/Debug/OrangeLenPreviewBooks.build/Objects-normal/arm64/OrangeLenPreviewBooks.swiftmodule -validate-clang-modules-once -clang-build-session-file /Users/huangzhe/Documents/GitHub/OrangeLen/build/DerivedData/ModuleCache.noindex/Session.modulevalidation -Xcc -I/Users/huangzhe/Documents/GitHub/OrangeLen/build/DerivedData/Build/Intermediates.noindex/OrangeLen.build/Debug/OrangeLenPreviewBooks.build/swift-overrides.hmap -emit-const-values -Xfrontend -const-gather-protocols-file -Xfrontend /Users/huangzhe/Documents/GitHub/OrangeLen/build/DerivedData/Build/Intermediates.noindex/OrangeLen.build/Debug/OrangeLenPreviewBooks.build/Objects-normal/arm64/OrangeLenPreviewBooks_const_extract_protocols.json -Xcc -iquote -Xcc /Users/huangzhe/Documents/GitHub/OrangeLen/build/DerivedData/Build/Intermediates.noindex/OrangeLen.build/Debug/OrangeLenPreviewBooks.build/OrangeLenPreviewBooks-generated-files.hmap -Xcc -I/Users/huangzhe/Documents/GitHub/OrangeLen/build/DerivedData/Build/Intermediates.noindex/OrangeLen.build/Debug/OrangeLenPreviewBooks.build/OrangeLenPreviewBooks-own-target-headers.hmap -Xcc -I/Users/huangzhe/Documents/GitHub/OrangeLen/build/DerivedData/Build/Intermediates.noindex/OrangeLen.build/Debug/OrangeLenPreviewBooks.build/OrangeLenPreviewBooks-all-non-framework-target-headers.hmap -Xcc -ivfsoverlay -Xcc /Users/huangzhe/Documents/GitHub/OrangeLen/build/DerivedData/Build/Intermediates.noindex/OrangeLen.build/Debug/OrangeLen-858e2ff2c7d6a1eb168211f71310dee6-VFS/all-product-headers.yaml -Xcc -iquote -Xcc /Users/huangzhe/Documents/GitHub/OrangeLen/build/DerivedData/Build/Intermediates.noindex/OrangeLen.build/Debug/OrangeLenPreviewBooks.build/OrangeLenPreviewBooks-project-headers.hmap -Xcc -I/Users/huangzhe/Documents/GitHub/OrangeLen/build/DerivedData/SourcePackages/checkouts/swift-cmark/src/include -Xcc -I/Users/huangzhe/Documents/GitHub/OrangeLen/build/DerivedData/SourcePackages/checkouts/swift-cmark/extensions/include -Xcc -I/Users/huangzhe/Documents/GitHub/OrangeLen/build/DerivedData/SourcePackages/checkouts/swift-markdown/Sources/CAtomic/include -Xcc -I/Users/huangzhe/Documents/GitHub/OrangeLen/build/DerivedData/Build/Products/Debug/include -Xcc -I/Users/huangzhe/Documents/GitHub/OrangeLen/build/DerivedData/Build/Intermediates.noindex/OrangeLen.build/Debug/OrangeLenPreviewBooks.build/DerivedSources-normal/arm64 -Xcc -I/Users/huangzhe/Documents/GitHub/OrangeLen/build/DerivedData/Build/Intermediates.noindex/OrangeLen.build/Debug/OrangeLenPreviewBooks.build/DerivedSources/arm64 -Xcc -I/Users/huangzhe/Documents/GitHub/OrangeLen/build/DerivedData/Build/Intermediates.noindex/OrangeLen.build/Debug/OrangeLenPreviewBooks.build/DerivedSources -Xcc -DDEBUG\=1 -emit-objc-header -emit-objc-header-path /Users/huangzhe/Documents/GitHub/OrangeLen/build/DerivedData/Build/Intermediates.noindex/OrangeLen.build/Debug/OrangeLenPreviewBooks.build/Objects-normal/arm64/OrangeLenPreviewBooks-Swift.h -working-directory /Users/huangzhe/Documents/GitHub/OrangeLen -experimental-emit-module-separately -disable-cmo

SwiftDriver OrangeLenPreview normal arm64 com.apple.xcode.tools.swift.compiler (in target 'OrangeLenPreview' from project 'OrangeLen' at path '/Users/huangzhe/Documents/GitHub/OrangeLen/OrangeLen.xcodeproj')
    cd /Users/huangzhe/Documents/GitHub/OrangeLen
    builtin-SwiftDriver -- /Applications/Xcode.app/Contents/Developer/Toolchains/XcodeDefault.xctoolchain/usr/bin/swiftc -module-name OrangeLenPreview -Onone @/Users/huangzhe/Documents/GitHub/OrangeLen/build/DerivedData/Build/Intermediates.noindex/OrangeLen.build/Debug/OrangeLenPreview.build/Objects-normal/arm64/OrangeLenPreview.SwiftFileList -DDEBUG -Xcc -fmodule-map-file\=/Users/huangzhe/Documents/GitHub/OrangeLen/Packages/OrangeLen/Sources/CZlib/module.modulemap -Xcc -fmodule-map-file\=/Users/huangzhe/Documents/GitHub/OrangeLen/Packages/OrangeLen/Sources/CSQLite/module.modulemap -enable-bare-slash-regex -enable-experimental-feature DebugDescriptionMacro -sdk /Applications/Xcode.app/Contents/Developer/Platforms/MacOSX.platform/Developer/SDKs/MacOSX26.5.sdk -target arm64-apple-macos14.0 -g -module-cache-path /Users/huangzhe/Documents/GitHub/OrangeLen/build/DerivedData/ModuleCache.noindex -Xfrontend -serialize-debugging-options -application-extension -enable-testing -index-store-path /Users/huangzhe/Documents/GitHub/OrangeLen/build/DerivedData/Index.noindex/DataStore -Xcc -D_LIBCPP_HARDENING_MODE\=_LIBCPP_HARDENING_MODE_DEBUG -swift-version 5 -I /Users/huangzhe/Documents/GitHub/OrangeLen/build/DerivedData/Build/Products/Debug -F /Users/huangzhe/Documents/GitHub/OrangeLen/build/DerivedData/Build/Products/Debug/PackageFrameworks -F /Users/huangzhe/Documents/GitHub/OrangeLen/build/DerivedData/Build/Products/Debug/PackageFrameworks -F /Users/huangzhe/Documents/GitHub/OrangeLen/build/DerivedData/Build/Products/Debug/PackageFrameworks -F /Users/huangzhe/Documents/GitHub/OrangeLen/build/DerivedData/Build/Products/Debug/PackageFrameworks -F /Users/huangzhe/Documents/GitHub/OrangeLen/build/DerivedData/Build/Products/Debug/PackageFrameworks -F /Users/huangzhe/Documents/GitHub/OrangeLen/build/DerivedData/Build/Products/Debug/PackageFrameworks -F /Users/huangzhe/Documents/GitHub/OrangeLen/build/DerivedData/Build/Products/Debug -parse-as-library -c -j11 -enable-batch-mode -incremental -Xcc -ivfsstatcache -Xcc /Users/huangzhe/Documents/GitHub/OrangeLen/build/DerivedData/SDKStatCaches.noindex/macosx26.5-25F70-e082c4a02f00227109f4ed75e425c832.sdkstatcache -output-file-map /Users/huangzhe/Documents/GitHub/OrangeLen/build/DerivedData/Build/Intermediates.noindex/OrangeLen.build/Debug/OrangeLenPreview.build/Objects-normal/arm64/OrangeLenPreview-OutputFileMap.json -use-frontend-parseable-output -save-temps -no-color-diagnostics -explicit-module-build -module-cache-path /Users/huangzhe/Documents/GitHub/OrangeLen/build/DerivedData/Build/Intermediates.noindex/SwiftExplicitPrecompiledModules -clang-scanner-module-cache-path /Users/huangzhe/Documents/GitHub/OrangeLen/build/DerivedData/ModuleCache.noindex -sdk-module-cache-path /Users/huangzhe/Documents/GitHub/OrangeLen/build/DerivedData/ModuleCache.noindex -serialize-diagnostics -emit-dependencies -emit-module -emit-module-path /Users/huangzhe/Documents/GitHub/OrangeLen/build/DerivedData/Build/Intermediates.noindex/OrangeLen.build/Debug/OrangeLenPreview.build/Objects-normal/arm64/OrangeLenPreview.swiftmodule -validate-clang-modules-once -clang-build-session-file /Users/huangzhe/Documents/GitHub/OrangeLen/build/DerivedData/ModuleCache.noindex/Session.modulevalidation -Xcc -I/Users/huangzhe/Documents/GitHub/OrangeLen/build/DerivedData/Build/Intermediates.noindex/OrangeLen.build/Debug/OrangeLenPreview.build/swift-overrides.hmap -emit-const-values -Xfrontend -const-gather-protocols-file -Xfrontend /Users/huangzhe/Documents/GitHub/OrangeLen/build/DerivedData/Build/Intermediates.noindex/OrangeLen.build/Debug/OrangeLenPreview.build/Objects-normal/arm64/OrangeLenPreview_const_extract_protocols.json -Xcc -iquote -Xcc /Users/huangzhe/Documents/GitHub/OrangeLen/build/DerivedData/Build/Intermediates.noindex/OrangeLen.build/Debug/OrangeLenPreview.build/OrangeLenPreview-generated-files.hmap -Xcc -I/Users/huangzhe/Documents/GitHub/OrangeLen/build/DerivedData/Build/Intermediates.noindex/OrangeLen.build/Debug/OrangeLenPreview.build/OrangeLenPreview-own-target-headers.hmap -Xcc -I/Users/huangzhe/Documents/GitHub/OrangeLen/build/DerivedData/Build/Intermediates.noindex/OrangeLen.build/Debug/OrangeLenPreview.build/OrangeLenPreview-all-non-framework-target-headers.hmap -Xcc -ivfsoverlay -Xcc /Users/huangzhe/Documents/GitHub/OrangeLen/build/DerivedData/Build/Intermediates.noindex/OrangeLen.build/Debug/OrangeLen-858e2ff2c7d6a1eb168211f71310dee6-VFS/all-product-headers.yaml -Xcc -iquote -Xcc /Users/huangzhe/Documents/GitHub/OrangeLen/build/DerivedData/Build/Intermediates.noindex/OrangeLen.build/Debug/OrangeLenPreview.build/OrangeLenPreview-project-headers.hmap -Xcc -I/Users/huangzhe/Documents/GitHub/OrangeLen/build/DerivedData/SourcePackages/checkouts/swift-cmark/src/include -Xcc -I/Users/huangzhe/Documents/GitHub/OrangeLen/build/DerivedData/SourcePackages/checkouts/swift-cmark/extensions/include -Xcc -I/Users/huangzhe/Documents/GitHub/OrangeLen/build/DerivedData/SourcePackages/checkouts/swift-markdown/Sources/CAtomic/include -Xcc -I/Users/huangzhe/Documents/GitHub/OrangeLen/build/DerivedData/Build/Products/Debug/include -Xcc -I/Users/huangzhe/Documents/GitHub/OrangeLen/build/DerivedData/Build/Intermediates.noindex/OrangeLen.build/Debug/OrangeLenPreview.build/DerivedSources-normal/arm64 -Xcc -I/Users/huangzhe/Documents/GitHub/OrangeLen/build/DerivedData/Build/Intermediates.noindex/OrangeLen.build/Debug/OrangeLenPreview.build/DerivedSources/arm64 -Xcc -I/Users/huangzhe/Documents/GitHub/OrangeLen/build/DerivedData/Build/Intermediates.noindex/OrangeLen.build/Debug/OrangeLenPreview.build/DerivedSources -Xcc -DDEBUG\=1 -emit-objc-header -emit-objc-header-path /Users/huangzhe/Documents/GitHub/OrangeLen/build/DerivedData/Build/Intermediates.noindex/OrangeLen.build/Debug/OrangeLenPreview.build/Objects-normal/arm64/OrangeLenPreview-Swift.h -working-directory /Users/huangzhe/Documents/GitHub/OrangeLen -experimental-emit-module-separately -disable-cmo

SwiftDriver OrangeLenPreviewDrawings normal arm64 com.apple.xcode.tools.swift.compiler (in target 'OrangeLenPreviewDrawings' from project 'OrangeLen' at path '/Users/huangzhe/Documents/GitHub/OrangeLen/OrangeLen.xcodeproj')
    cd /Users/huangzhe/Documents/GitHub/OrangeLen
    builtin-SwiftDriver -- /Applications/Xcode.app/Contents/Developer/Toolchains/XcodeDefault.xctoolchain/usr/bin/swiftc -module-name OrangeLenPreviewDrawings -Onone @/Users/huangzhe/Documents/GitHub/OrangeLen/build/DerivedData/Build/Intermediates.noindex/OrangeLen.build/Debug/OrangeLenPreviewDrawings.build/Objects-normal/arm64/OrangeLenPreviewDrawings.SwiftFileList -DDEBUG -Xcc -fmodule-map-file\=/Users/huangzhe/Documents/GitHub/OrangeLen/Packages/OrangeLen/Sources/CZlib/module.modulemap -Xcc -fmodule-map-file\=/Users/huangzhe/Documents/GitHub/OrangeLen/Packages/OrangeLen/Sources/CSQLite/module.modulemap -enable-bare-slash-regex -enable-experimental-feature DebugDescriptionMacro -sdk /Applications/Xcode.app/Contents/Developer/Platforms/MacOSX.platform/Developer/SDKs/MacOSX26.5.sdk -target arm64-apple-macos14.0 -g -module-cache-path /Users/huangzhe/Documents/GitHub/OrangeLen/build/DerivedData/ModuleCache.noindex -Xfrontend -serialize-debugging-options -application-extension -enable-testing -index-store-path /Users/huangzhe/Documents/GitHub/OrangeLen/build/DerivedData/Index.noindex/DataStore -Xcc -D_LIBCPP_HARDENING_MODE\=_LIBCPP_HARDENING_MODE_DEBUG -swift-version 5 -I /Users/huangzhe/Documents/GitHub/OrangeLen/build/DerivedData/Build/Products/Debug -F /Users/huangzhe/Documents/GitHub/OrangeLen/build/DerivedData/Build/Products/Debug/PackageFrameworks -F /Users/huangzhe/Documents/GitHub/OrangeLen/build/DerivedData/Build/Products/Debug/PackageFrameworks -F /Users/huangzhe/Documents/GitHub/OrangeLen/build/DerivedData/Build/Products/Debug/PackageFrameworks -F /Users/huangzhe/Documents/GitHub/OrangeLen/build/DerivedData/Build/Products/Debug/PackageFrameworks -F /Users/huangzhe/Documents/GitHub/OrangeLen/build/DerivedData/Build/Products/Debug/PackageFrameworks -F /Users/huangzhe/Documents/GitHub/OrangeLen/build/DerivedData/Build/Products/Debug/PackageFrameworks -F /Users/huangzhe/Documents/GitHub/OrangeLen/build/DerivedData/Build/Products/Debug -parse-as-library -c -j11 -enable-batch-mode -incremental -Xcc -ivfsstatcache -Xcc /Users/huangzhe/Documents/GitHub/OrangeLen/build/DerivedData/SDKStatCaches.noindex/macosx26.5-25F70-e082c4a02f00227109f4ed75e425c832.sdkstatcache -output-file-map /Users/huangzhe/Documents/GitHub/OrangeLen/build/DerivedData/Build/Intermediates.noindex/OrangeLen.build/Debug/OrangeLenPreviewDrawings.build/Objects-normal/arm64/OrangeLenPreviewDrawings-OutputFileMap.json -use-frontend-parseable-output -save-temps -no-color-diagnostics -explicit-module-build -module-cache-path /Users/huangzhe/Documents/GitHub/OrangeLen/build/DerivedData/Build/Intermediates.noindex/SwiftExplicitPrecompiledModules -clang-scanner-module-cache-path /Users/huangzhe/Documents/GitHub/OrangeLen/build/DerivedData/ModuleCache.noindex -sdk-module-cache-path /Users/huangzhe/Documents/GitHub/OrangeLen/build/DerivedData/ModuleCache.noindex -serialize-diagnostics -emit-dependencies -emit-module -emit-module-path /Users/huangzhe/Documents/GitHub/OrangeLen/build/DerivedData/Build/Intermediates.noindex/OrangeLen.build/Debug/OrangeLenPreviewDrawings.build/Objects-normal/arm64/OrangeLenPreviewDrawings.swiftmodule -validate-clang-modules-once -clang-build-session-file /Users/huangzhe/Documents/GitHub/OrangeLen/build/DerivedData/ModuleCache.noindex/Session.modulevalidation -Xcc -I/Users/huangzhe/Documents/GitHub/OrangeLen/build/DerivedData/Build/Intermediates.noindex/OrangeLen.build/Debug/OrangeLenPreviewDrawings.build/swift-overrides.hmap -emit-const-values -Xfrontend -const-gather-protocols-file -Xfrontend /Users/huangzhe/Documents/GitHub/OrangeLen/build/DerivedData/Build/Intermediates.noindex/OrangeLen.build/Debug/OrangeLenPreviewDrawings.build/Objects-normal/arm64/OrangeLenPreviewDrawings_const_extract_protocols.json -Xcc -iquote -Xcc /Users/huangzhe/Documents/GitHub/OrangeLen/build/DerivedData/Build/Intermediates.noindex/OrangeLen.build/Debug/OrangeLenPreviewDrawings.build/OrangeLenPreviewDrawings-generated-files.hmap -Xcc -I/Users/huangzhe/Documents/GitHub/OrangeLen/build/DerivedData/Build/Intermediates.noindex/OrangeLen.build/Debug/OrangeLenPreviewDrawings.build/OrangeLenPreviewDrawings-own-target-headers.hmap -Xcc -I/Users/huangzhe/Documents/GitHub/OrangeLen/build/DerivedData/Build/Intermediates.noindex/OrangeLen.build/Debug/OrangeLenPreviewDrawings.build/OrangeLenPreviewDrawings-all-non-framework-target-headers.hmap -Xcc -ivfsoverlay -Xcc /Users/huangzhe/Documents/GitHub/OrangeLen/build/DerivedData/Build/Intermediates.noindex/OrangeLen.build/Debug/OrangeLen-858e2ff2c7d6a1eb168211f71310dee6-VFS/all-product-headers.yaml -Xcc -iquote -Xcc /Users/huangzhe/Documents/GitHub/OrangeLen/build/DerivedData/Build/Intermediates.noindex/OrangeLen.build/Debug/OrangeLenPreviewDrawings.build/OrangeLenPreviewDrawings-project-headers.hmap -Xcc -I/Users/huangzhe/Documents/GitHub/OrangeLen/build/DerivedData/SourcePackages/checkouts/swift-cmark/src/include -Xcc -I/Users/huangzhe/Documents/GitHub/OrangeLen/build/DerivedData/SourcePackages/checkouts/swift-cmark/extensions/include -Xcc -I/Users/huangzhe/Documents/GitHub/OrangeLen/build/DerivedData/SourcePackages/checkouts/swift-markdown/Sources/CAtomic/include -Xcc -I/Users/huangzhe/Documents/GitHub/OrangeLen/build/DerivedData/Build/Products/Debug/include -Xcc -I/Users/huangzhe/Documents/GitHub/OrangeLen/build/DerivedData/Build/Intermediates.noindex/OrangeLen.build/Debug/OrangeLenPreviewDrawings.build/DerivedSources-normal/arm64 -Xcc -I/Users/huangzhe/Documents/GitHub/OrangeLen/build/DerivedData/Build/Intermediates.noindex/OrangeLen.build/Debug/OrangeLenPreviewDrawings.build/DerivedSources/arm64 -Xcc -I/Users/huangzhe/Documents/GitHub/OrangeLen/build/DerivedData/Build/Intermediates.noindex/OrangeLen.build/Debug/OrangeLenPreviewDrawings.build/DerivedSources -Xcc -DDEBUG\=1 -emit-objc-header -emit-objc-header-path /Users/huangzhe/Documents/GitHub/OrangeLen/build/DerivedData/Build/Intermediates.noindex/OrangeLen.build/Debug/OrangeLenPreviewDrawings.build/Objects-normal/arm64/OrangeLenPreviewDrawings-Swift.h -working-directory /Users/huangzhe/Documents/GitHub/OrangeLen -experimental-emit-module-separately -disable-cmo

SwiftDriver OrangeLenPreviewData normal arm64 com.apple.xcode.tools.swift.compiler (in target 'OrangeLenPreviewData' from project 'OrangeLen' at path '/Users/huangzhe/Documents/GitHub/OrangeLen/OrangeLen.xcodeproj')
    cd /Users/huangzhe/Documents/GitHub/OrangeLen
    builtin-SwiftDriver -- /Applications/Xcode.app/Contents/Developer/Toolchains/XcodeDefault.xctoolchain/usr/bin/swiftc -module-name OrangeLenPreviewData -Onone @/Users/huangzhe/Documents/GitHub/OrangeLen/build/DerivedData/Build/Intermediates.noindex/OrangeLen.build/Debug/OrangeLenPreviewData.build/Objects-normal/arm64/OrangeLenPreviewData.SwiftFileList -DDEBUG -Xcc -fmodule-map-file\=/Users/huangzhe/Documents/GitHub/OrangeLen/Packages/OrangeLen/Sources/CZlib/module.modulemap -Xcc -fmodule-map-file\=/Users/huangzhe/Documents/GitHub/OrangeLen/Packages/OrangeLen/Sources/CSQLite/module.modulemap -enable-bare-slash-regex -enable-experimental-feature DebugDescriptionMacro -sdk /Applications/Xcode.app/Contents/Developer/Platforms/MacOSX.platform/Developer/SDKs/MacOSX26.5.sdk -target arm64-apple-macos14.0 -g -module-cache-path /Users/huangzhe/Documents/GitHub/OrangeLen/build/DerivedData/ModuleCache.noindex -Xfrontend -serialize-debugging-options -application-extension -enable-testing -index-store-path /Users/huangzhe/Documents/GitHub/OrangeLen/build/DerivedData/Index.noindex/DataStore -Xcc -D_LIBCPP_HARDENING_MODE\=_LIBCPP_HARDENING_MODE_DEBUG -swift-version 5 -I /Users/huangzhe/Documents/GitHub/OrangeLen/build/DerivedData/Build/Products/Debug -F /Users/huangzhe/Documents/GitHub/OrangeLen/build/DerivedData/Build/Products/Debug/PackageFrameworks -F /Users/huangzhe/Documents/GitHub/OrangeLen/build/DerivedData/Build/Products/Debug/PackageFrameworks -F /Users/huangzhe/Documents/GitHub/OrangeLen/build/DerivedData/Build/Products/Debug/PackageFrameworks -F /Users/huangzhe/Documents/GitHub/OrangeLen/build/DerivedData/Build/Products/Debug/PackageFrameworks -F /Users/huangzhe/Documents/GitHub/OrangeLen/build/DerivedData/Build/Products/Debug/PackageFrameworks -F /Users/huangzhe/Documents/GitHub/OrangeLen/build/DerivedData/Build/Products/Debug/PackageFrameworks -F /Users/huangzhe/Documents/GitHub/OrangeLen/build/DerivedData/Build/Products/Debug -parse-as-library -c -j11 -enable-batch-mode -incremental -Xcc -ivfsstatcache -Xcc /Users/huangzhe/Documents/GitHub/OrangeLen/build/DerivedData/SDKStatCaches.noindex/macosx26.5-25F70-e082c4a02f00227109f4ed75e425c832.sdkstatcache -output-file-map /Users/huangzhe/Documents/GitHub/OrangeLen/build/DerivedData/Build/Intermediates.noindex/OrangeLen.build/Debug/OrangeLenPreviewData.build/Objects-normal/arm64/OrangeLenPreviewData-OutputFileMap.json -use-frontend-parseable-output -save-temps -no-color-diagnostics -explicit-module-build -module-cache-path /Users/huangzhe/Documents/GitHub/OrangeLen/build/DerivedData/Build/Intermediates.noindex/SwiftExplicitPrecompiledModules -clang-scanner-module-cache-path /Users/huangzhe/Documents/GitHub/OrangeLen/build/DerivedData/ModuleCache.noindex -sdk-module-cache-path /Users/huangzhe/Documents/GitHub/OrangeLen/build/DerivedData/ModuleCache.noindex -serialize-diagnostics -emit-dependencies -emit-module -emit-module-path /Users/huangzhe/Documents/GitHub/OrangeLen/build/DerivedData/Build/Intermediates.noindex/OrangeLen.build/Debug/OrangeLenPreviewData.build/Objects-normal/arm64/OrangeLenPreviewData.swiftmodule -validate-clang-modules-once -clang-build-session-file /Users/huangzhe/Documents/GitHub/OrangeLen/build/DerivedData/ModuleCache.noindex/Session.modulevalidation -Xcc -I/Users/huangzhe/Documents/GitHub/OrangeLen/build/DerivedData/Build/Intermediates.noindex/OrangeLen.build/Debug/OrangeLenPreviewData.build/swift-overrides.hmap -emit-const-values -Xfrontend -const-gather-protocols-file -Xfrontend /Users/huangzhe/Documents/GitHub/OrangeLen/build/DerivedData/Build/Intermediates.noindex/OrangeLen.build/Debug/OrangeLenPreviewData.build/Objects-normal/arm64/OrangeLenPreviewData_const_extract_protocols.json -Xcc -iquote -Xcc /Users/huangzhe/Documents/GitHub/OrangeLen/build/DerivedData/Build/Intermediates.noindex/OrangeLen.build/Debug/OrangeLenPreviewData.build/OrangeLenPreviewData-generated-files.hmap -Xcc -I/Users/huangzhe/Documents/GitHub/OrangeLen/build/DerivedData/Build/Intermediates.noindex/OrangeLen.build/Debug/OrangeLenPreviewData.build/OrangeLenPreviewData-own-target-headers.hmap -Xcc -I/Users/huangzhe/Documents/GitHub/OrangeLen/build/DerivedData/Build/Intermediates.noindex/OrangeLen.build/Debug/OrangeLenPreviewData.build/OrangeLenPreviewData-all-non-framework-target-headers.hmap -Xcc -ivfsoverlay -Xcc /Users/huangzhe/Documents/GitHub/OrangeLen/build/DerivedData/Build/Intermediates.noindex/OrangeLen.build/Debug/OrangeLen-858e2ff2c7d6a1eb168211f71310dee6-VFS/all-product-headers.yaml -Xcc -iquote -Xcc /Users/huangzhe/Documents/GitHub/OrangeLen/build/DerivedData/Build/Intermediates.noindex/OrangeLen.build/Debug/OrangeLenPreviewData.build/OrangeLenPreviewData-project-headers.hmap -Xcc -I/Users/huangzhe/Documents/GitHub/OrangeLen/build/DerivedData/SourcePackages/checkouts/swift-cmark/src/include -Xcc -I/Users/huangzhe/Documents/GitHub/OrangeLen/build/DerivedData/SourcePackages/checkouts/swift-cmark/extensions/include -Xcc -I/Users/huangzhe/Documents/GitHub/OrangeLen/build/DerivedData/SourcePackages/checkouts/swift-markdown/Sources/CAtomic/include -Xcc -I/Users/huangzhe/Documents/GitHub/OrangeLen/build/DerivedData/Build/Products/Debug/include -Xcc -I/Users/huangzhe/Documents/GitHub/OrangeLen/build/DerivedData/Build/Intermediates.noindex/OrangeLen.build/Debug/OrangeLenPreviewData.build/DerivedSources-normal/arm64 -Xcc -I/Users/huangzhe/Documents/GitHub/OrangeLen/build/DerivedData/Build/Intermediates.noindex/OrangeLen.build/Debug/OrangeLenPreviewData.build/DerivedSources/arm64 -Xcc -I/Users/huangzhe/Documents/GitHub/OrangeLen/build/DerivedData/Build/Intermediates.noindex/OrangeLen.build/Debug/OrangeLenPreviewData.build/DerivedSources -Xcc -DDEBUG\=1 -emit-objc-header -emit-objc-header-path /Users/huangzhe/Documents/GitHub/OrangeLen/build/DerivedData/Build/Intermediates.noindex/OrangeLen.build/Debug/OrangeLenPreviewData.build/Objects-normal/arm64/OrangeLenPreviewData-Swift.h -working-directory /Users/huangzhe/Documents/GitHub/OrangeLen -experimental-emit-module-separately -disable-cmo

SwiftDriver OrangeLenPreviewFolders normal arm64 com.apple.xcode.tools.swift.compiler (in target 'OrangeLenPreviewFolders' from project 'OrangeLen' at path '/Users/huangzhe/Documents/GitHub/OrangeLen/OrangeLen.xcodeproj')
    cd /Users/huangzhe/Documents/GitHub/OrangeLen
    builtin-SwiftDriver -- /Applications/Xcode.app/Contents/Developer/Toolchains/XcodeDefault.xctoolchain/usr/bin/swiftc -module-name OrangeLenPreviewFolders -Onone @/Users/huangzhe/Documents/GitHub/OrangeLen/build/DerivedData/Build/Intermediates.noindex/OrangeLen.build/Debug/OrangeLenPreviewFolders.build/Objects-normal/arm64/OrangeLenPreviewFolders.SwiftFileList -DDEBUG -Xcc -fmodule-map-file\=/Users/huangzhe/Documents/GitHub/OrangeLen/Packages/OrangeLen/Sources/CZlib/module.modulemap -Xcc -fmodule-map-file\=/Users/huangzhe/Documents/GitHub/OrangeLen/Packages/OrangeLen/Sources/CSQLite/module.modulemap -enable-bare-slash-regex -enable-experimental-feature DebugDescriptionMacro -sdk /Applications/Xcode.app/Contents/Developer/Platforms/MacOSX.platform/Developer/SDKs/MacOSX26.5.sdk -target arm64-apple-macos14.0 -g -module-cache-path /Users/huangzhe/Documents/GitHub/OrangeLen/build/DerivedData/ModuleCache.noindex -Xfrontend -serialize-debugging-options -application-extension -enable-testing -index-store-path /Users/huangzhe/Documents/GitHub/OrangeLen/build/DerivedData/Index.noindex/DataStore -Xcc -D_LIBCPP_HARDENING_MODE\=_LIBCPP_HARDENING_MODE_DEBUG -swift-version 5 -I /Users/huangzhe/Documents/GitHub/OrangeLen/build/DerivedData/Build/Products/Debug -F /Users/huangzhe/Documents/GitHub/OrangeLen/build/DerivedData/Build/Products/Debug/PackageFrameworks -F /Users/huangzhe/Documents/GitHub/OrangeLen/build/DerivedData/Build/Products/Debug/PackageFrameworks -F /Users/huangzhe/Documents/GitHub/OrangeLen/build/DerivedData/Build/Products/Debug/PackageFrameworks -F /Users/huangzhe/Documents/GitHub/OrangeLen/build/DerivedData/Build/Products/Debug/PackageFrameworks -F /Users/huangzhe/Documents/GitHub/OrangeLen/build/DerivedData/Build/Products/Debug/PackageFrameworks -F /Users/huangzhe/Documents/GitHub/OrangeLen/build/DerivedData/Build/Products/Debug/PackageFrameworks -F /Users/huangzhe/Documents/GitHub/OrangeLen/build/DerivedData/Build/Products/Debug -parse-as-library -c -j11 -enable-batch-mode -incremental -Xcc -ivfsstatcache -Xcc /Users/huangzhe/Documents/GitHub/OrangeLen/build/DerivedData/SDKStatCaches.noindex/macosx26.5-25F70-e082c4a02f00227109f4ed75e425c832.sdkstatcache -output-file-map /Users/huangzhe/Documents/GitHub/OrangeLen/build/DerivedData/Build/Intermediates.noindex/OrangeLen.build/Debug/OrangeLenPreviewFolders.build/Objects-normal/arm64/OrangeLenPreviewFolders-OutputFileMap.json -use-frontend-parseable-output -save-temps -no-color-diagnostics -explicit-module-build -module-cache-path /Users/huangzhe/Documents/GitHub/OrangeLen/build/DerivedData/Build/Intermediates.noindex/SwiftExplicitPrecompiledModules -clang-scanner-module-cache-path /Users/huangzhe/Documents/GitHub/OrangeLen/build/DerivedData/ModuleCache.noindex -sdk-module-cache-path /Users/huangzhe/Documents/GitHub/OrangeLen/build/DerivedData/ModuleCache.noindex -serialize-diagnostics -emit-dependencies -emit-module -emit-module-path /Users/huangzhe/Documents/GitHub/OrangeLen/build/DerivedData/Build/Intermediates.noindex/OrangeLen.build/Debug/OrangeLenPreviewFolders.build/Objects-normal/arm64/OrangeLenPreviewFolders.swiftmodule -validate-clang-modules-once -clang-build-session-file /Users/huangzhe/Documents/GitHub/OrangeLen/build/DerivedData/ModuleCache.noindex/Session.modulevalidation -Xcc -I/Users/huangzhe/Documents/GitHub/OrangeLen/build/DerivedData/Build/Intermediates.noindex/OrangeLen.build/Debug/OrangeLenPreviewFolders.build/swift-overrides.hmap -emit-const-values -Xfrontend -const-gather-protocols-file -Xfrontend /Users/huangzhe/Documents/GitHub/OrangeLen/build/DerivedData/Build/Intermediates.noindex/OrangeLen.build/Debug/OrangeLenPreviewFolders.build/Objects-normal/arm64/OrangeLenPreviewFolders_const_extract_protocols.json -Xcc -iquote -Xcc /Users/huangzhe/Documents/GitHub/OrangeLen/build/DerivedData/Build/Intermediates.noindex/OrangeLen.build/Debug/OrangeLenPreviewFolders.build/OrangeLenPreviewFolders-generated-files.hmap -Xcc -I/Users/huangzhe/Documents/GitHub/OrangeLen/build/DerivedData/Build/Intermediates.noindex/OrangeLen.build/Debug/OrangeLenPreviewFolders.build/OrangeLenPreviewFolders-own-target-headers.hmap -Xcc -I/Users/huangzhe/Documents/GitHub/OrangeLen/build/DerivedData/Build/Intermediates.noindex/OrangeLen.build/Debug/OrangeLenPreviewFolders.build/OrangeLenPreviewFolders-all-non-framework-target-headers.hmap -Xcc -ivfsoverlay -Xcc /Users/huangzhe/Documents/GitHub/OrangeLen/build/DerivedData/Build/Intermediates.noindex/OrangeLen.build/Debug/OrangeLen-858e2ff2c7d6a1eb168211f71310dee6-VFS/all-product-headers.yaml -Xcc -iquote -Xcc /Users/huangzhe/Documents/GitHub/OrangeLen/build/DerivedData/Build/Intermediates.noindex/OrangeLen.build/Debug/OrangeLenPreviewFolders.build/OrangeLenPreviewFolders-project-headers.hmap -Xcc -I/Users/huangzhe/Documents/GitHub/OrangeLen/build/DerivedData/SourcePackages/checkouts/swift-cmark/src/include -Xcc -I/Users/huangzhe/Documents/GitHub/OrangeLen/build/DerivedData/SourcePackages/checkouts/swift-cmark/extensions/include -Xcc -I/Users/huangzhe/Documents/GitHub/OrangeLen/build/DerivedData/SourcePackages/checkouts/swift-markdown/Sources/CAtomic/include -Xcc -I/Users/huangzhe/Documents/GitHub/OrangeLen/build/DerivedData/Build/Products/Debug/include -Xcc -I/Users/huangzhe/Documents/GitHub/OrangeLen/build/DerivedData/Build/Intermediates.noindex/OrangeLen.build/Debug/OrangeLenPreviewFolders.build/DerivedSources-normal/arm64 -Xcc -I/Users/huangzhe/Documents/GitHub/OrangeLen/build/DerivedData/Build/Intermediates.noindex/OrangeLen.build/Debug/OrangeLenPreviewFolders.build/DerivedSources/arm64 -Xcc -I/Users/huangzhe/Documents/GitHub/OrangeLen/build/DerivedData/Build/Intermediates.noindex/OrangeLen.build/Debug/OrangeLenPreviewFolders.build/DerivedSources -Xcc -DDEBUG\=1 -emit-objc-header -emit-objc-header-path /Users/huangzhe/Documents/GitHub/OrangeLen/build/DerivedData/Build/Intermediates.noindex/OrangeLen.build/Debug/OrangeLenPreviewFolders.build/Objects-normal/arm64/OrangeLenPreviewFolders-Swift.h -working-directory /Users/huangzhe/Documents/GitHub/OrangeLen -experimental-emit-module-separately -disable-cmo

SwiftCompile normal arm64 Compiling\ PreviewViewController.swift /Users/huangzhe/Documents/GitHub/OrangeLen/PreviewExtension/PreviewViewController.swift (in target 'OrangeLenPreviewArchives' from project 'OrangeLen' at path '/Users/huangzhe/Documents/GitHub/OrangeLen/OrangeLen.xcodeproj')

SwiftCompile normal arm64 /Users/huangzhe/Documents/GitHub/OrangeLen/PreviewExtension/PreviewViewController.swift (in target 'OrangeLenPreviewArchives' from project 'OrangeLen' at path '/Users/huangzhe/Documents/GitHub/OrangeLen/OrangeLen.xcodeproj')
    cd /Users/huangzhe/Documents/GitHub/OrangeLen
    

SwiftEmitModule normal arm64 Emitting\ module\ for\ OrangeLenPreviewArchives (in target 'OrangeLenPreviewArchives' from project 'OrangeLen' at path '/Users/huangzhe/Documents/GitHub/OrangeLen/OrangeLen.xcodeproj')

SwiftCompile normal arm64 /Users/huangzhe/Documents/GitHub/OrangeLen/PreviewExtension/PreviewViewController.swift (in target 'OrangeLenPreviewArchives' from project 'OrangeLen' at path '/Users/huangzhe/Documents/GitHub/OrangeLen/OrangeLen.xcodeproj')
    cd /Users/huangzhe/Documents/GitHub/OrangeLen
    

SwiftEmitModule normal arm64 Emitting\ module\ for\ OrangeLenPreviewMarkdown (in target 'OrangeLenPreviewMarkdown' from project 'OrangeLen' at path '/Users/huangzhe/Documents/GitHub/OrangeLen/OrangeLen.xcodeproj')

SwiftCompile normal arm64 /Users/huangzhe/Documents/GitHub/OrangeLen/PreviewExtension/PreviewViewController.swift (in target 'OrangeLenPreviewMarkdown' from project 'OrangeLen' at path '/Users/huangzhe/Documents/GitHub/OrangeLen/OrangeLen.xcodeproj')
    cd /Users/huangzhe/Documents/GitHub/OrangeLen
    

SwiftCompile normal arm64 Compiling\ PreviewViewController.swift /Users/huangzhe/Documents/GitHub/OrangeLen/PreviewExtension/PreviewViewController.swift (in target 'OrangeLenPreviewMarkdown' from project 'OrangeLen' at path '/Users/huangzhe/Documents/GitHub/OrangeLen/OrangeLen.xcodeproj')

SwiftCompile normal arm64 /Users/huangzhe/Documents/GitHub/OrangeLen/PreviewExtension/PreviewViewController.swift (in target 'OrangeLenPreviewMarkdown' from project 'OrangeLen' at path '/Users/huangzhe/Documents/GitHub/OrangeLen/OrangeLen.xcodeproj')
    cd /Users/huangzhe/Documents/GitHub/OrangeLen
    

SwiftDriverJobDiscovery normal arm64 Emitting module for OrangeLenPreviewMarkdown (in target 'OrangeLenPreviewMarkdown' from project 'OrangeLen' at path '/Users/huangzhe/Documents/GitHub/OrangeLen/OrangeLen.xcodeproj')

SwiftDriver\ Compilation\ Requirements OrangeLenPreviewMarkdown normal arm64 com.apple.xcode.tools.swift.compiler (in target 'OrangeLenPreviewMarkdown' from project 'OrangeLen' at path '/Users/huangzhe/Documents/GitHub/OrangeLen/OrangeLen.xcodeproj')
    cd /Users/huangzhe/Documents/GitHub/OrangeLen
    builtin-Swift-Compilation-Requirements -- /Applications/Xcode.app/Contents/Developer/Toolchains/XcodeDefault.xctoolchain/usr/bin/swiftc -module-name OrangeLenPreviewMarkdown -Onone @/Users/huangzhe/Documents/GitHub/OrangeLen/build/DerivedData/Build/Intermediates.noindex/OrangeLen.build/Debug/OrangeLenPreviewMarkdown.build/Objects-normal/arm64/OrangeLenPreviewMarkdown.SwiftFileList -DDEBUG -Xcc -fmodule-map-file\=/Users/huangzhe/Documents/GitHub/OrangeLen/Packages/OrangeLen/Sources/CZlib/module.modulemap -Xcc -fmodule-map-file\=/Users/huangzhe/Documents/GitHub/OrangeLen/Packages/OrangeLen/Sources/CSQLite/module.modulemap -enable-bare-slash-regex -enable-experimental-feature DebugDescriptionMacro -sdk /Applications/Xcode.app/Contents/Developer/Platforms/MacOSX.platform/Developer/SDKs/MacOSX26.5.sdk -target arm64-apple-macos14.0 -g -module-cache-path /Users/huangzhe/Documents/GitHub/OrangeLen/build/DerivedData/ModuleCache.noindex -Xfrontend -serialize-debugging-options -application-extension -enable-testing -index-store-path /Users/huangzhe/Documents/GitHub/OrangeLen/build/DerivedData/Index.noindex/DataStore -Xcc -D_LIBCPP_HARDENING_MODE\=_LIBCPP_HARDENING_MODE_DEBUG -swift-version 5 -I /Users/huangzhe/Documents/GitHub/OrangeLen/build/DerivedData/Build/Products/Debug -F /Users/huangzhe/Documents/GitHub/OrangeLen/build/DerivedData/Build/Products/Debug/PackageFrameworks -F /Users/huangzhe/Documents/GitHub/OrangeLen/build/DerivedData/Build/Products/Debug/PackageFrameworks -F /Users/huangzhe/Documents/GitHub/OrangeLen/build/DerivedData/Build/Products/Debug/PackageFrameworks -F /Users/huangzhe/Documents/GitHub/OrangeLen/build/DerivedData/Build/Products/Debug/PackageFrameworks -F /Users/huangzhe/Documents/GitHub/OrangeLen/build/DerivedData/Build/Products/Debug/PackageFrameworks -F /Users/huangzhe/Documents/GitHub/OrangeLen/build/DerivedData/Build/Products/Debug/PackageFrameworks -F /Users/huangzhe/Documents/GitHub/OrangeLen/build/DerivedData/Build/Products/Debug -parse-as-library -c -j11 -enable-batch-mode -incremental -Xcc -ivfsstatcache -Xcc /Users/huangzhe/Documents/GitHub/OrangeLen/build/DerivedData/SDKStatCaches.noindex/macosx26.5-25F70-e082c4a02f00227109f4ed75e425c832.sdkstatcache -output-file-map /Users/huangzhe/Documents/GitHub/OrangeLen/build/DerivedData/Build/Intermediates.noindex/OrangeLen.build/Debug/OrangeLenPreviewMarkdown.build/Objects-normal/arm64/OrangeLenPreviewMarkdown-OutputFileMap.json -use-frontend-parseable-output -save-temps -no-color-diagnostics -explicit-module-build -module-cache-path /Users/huangzhe/Documents/GitHub/OrangeLen/build/DerivedData/Build/Intermediates.noindex/SwiftExplicitPrecompiledModules -clang-scanner-module-cache-path /Users/huangzhe/Documents/GitHub/OrangeLen/build/DerivedData/ModuleCache.noindex -sdk-module-cache-path /Users/huangzhe/Documents/GitHub/OrangeLen/build/DerivedData/ModuleCache.noindex -serialize-diagnostics -emit-dependencies -emit-module -emit-module-path /Users/huangzhe/Documents/GitHub/OrangeLen/build/DerivedData/Build/Intermediates.noindex/OrangeLen.build/Debug/OrangeLenPreviewMarkdown.build/Objects-normal/arm64/OrangeLenPreviewMarkdown.swiftmodule -validate-clang-modules-once -clang-build-session-file /Users/huangzhe/Documents/GitHub/OrangeLen/build/DerivedData/ModuleCache.noindex/Session.modulevalidation -Xcc -I/Users/huangzhe/Documents/GitHub/OrangeLen/build/DerivedData/Build/Intermediates.noindex/OrangeLen.build/Debug/OrangeLenPreviewMarkdown.build/swift-overrides.hmap -emit-const-values -Xfrontend -const-gather-protocols-file -Xfrontend /Users/huangzhe/Documents/GitHub/OrangeLen/build/DerivedData/Build/Intermediates.noindex/OrangeLen.build/Debug/OrangeLenPreviewMarkdown.build/Objects-normal/arm64/OrangeLenPreviewMarkdown_const_extract_protocols.json -Xcc -iquote -Xcc /Users/huangzhe/Documents/GitHub/OrangeLen/build/DerivedData/Build/Intermediates.noindex/OrangeLen.build/Debug/OrangeLenPreviewMarkdown.build/OrangeLenPreviewMarkdown-generated-files.hmap -Xcc -I/Users/huangzhe/Documents/GitHub/OrangeLen/build/DerivedData/Build/Intermediates.noindex/OrangeLen.build/Debug/OrangeLenPreviewMarkdown.build/OrangeLenPreviewMarkdown-own-target-headers.hmap -Xcc -I/Users/huangzhe/Documents/GitHub/OrangeLen/build/DerivedData/Build/Intermediates.noindex/OrangeLen.build/Debug/OrangeLenPreviewMarkdown.build/OrangeLenPreviewMarkdown-all-non-framework-target-headers.hmap -Xcc -ivfsoverlay -Xcc /Users/huangzhe/Documents/GitHub/OrangeLen/build/DerivedData/Build/Intermediates.noindex/OrangeLen.build/Debug/OrangeLen-858e2ff2c7d6a1eb168211f71310dee6-VFS/all-product-headers.yaml -Xcc -iquote -Xcc /Users/huangzhe/Documents/GitHub/OrangeLen/build/DerivedData/Build/Intermediates.noindex/OrangeLen.build/Debug/OrangeLenPreviewMarkdown.build/OrangeLenPreviewMarkdown-project-headers.hmap -Xcc -I/Users/huangzhe/Documents/GitHub/OrangeLen/build/DerivedData/SourcePackages/checkouts/swift-cmark/src/include -Xcc -I/Users/huangzhe/Documents/GitHub/OrangeLen/build/DerivedData/SourcePackages/checkouts/swift-cmark/extensions/include -Xcc -I/Users/huangzhe/Documents/GitHub/OrangeLen/build/DerivedData/SourcePackages/checkouts/swift-markdown/Sources/CAtomic/include -Xcc -I/Users/huangzhe/Documents/GitHub/OrangeLen/build/DerivedData/Build/Products/Debug/include -Xcc -I/Users/huangzhe/Documents/GitHub/OrangeLen/build/DerivedData/Build/Intermediates.noindex/OrangeLen.build/Debug/OrangeLenPreviewMarkdown.build/DerivedSources-normal/arm64 -Xcc -I/Users/huangzhe/Documents/GitHub/OrangeLen/build/DerivedData/Build/Intermediates.noindex/OrangeLen.build/Debug/OrangeLenPreviewMarkdown.build/DerivedSources/arm64 -Xcc -I/Users/huangzhe/Documents/GitHub/OrangeLen/build/DerivedData/Build/Intermediates.noindex/OrangeLen.build/Debug/OrangeLenPreviewMarkdown.build/DerivedSources -Xcc -DDEBUG\=1 -emit-objc-header -emit-objc-header-path /Users/huangzhe/Documents/GitHub/OrangeLen/build/DerivedData/Build/Intermediates.noindex/OrangeLen.build/Debug/OrangeLenPreviewMarkdown.build/Objects-normal/arm64/OrangeLenPreviewMarkdown-Swift.h -working-directory /Users/huangzhe/Documents/GitHub/OrangeLen -experimental-emit-module-separately -disable-cmo

Copy /Users/huangzhe/Documents/GitHub/OrangeLen/build/DerivedData/Build/Products/Debug/OrangeLenPreviewMarkdown.swiftmodule/arm64-apple-macos.abi.json /Users/huangzhe/Documents/GitHub/OrangeLen/build/DerivedData/Build/Intermediates.noindex/OrangeLen.build/Debug/OrangeLenPreviewMarkdown.build/Objects-normal/arm64/OrangeLenPreviewMarkdown.abi.json (in target 'OrangeLenPreviewMarkdown' from project 'OrangeLen' at path '/Users/huangzhe/Documents/GitHub/OrangeLen/OrangeLen.xcodeproj')
    cd /Users/huangzhe/Documents/GitHub/OrangeLen
    builtin-copy -exclude .DS_Store -exclude CVS -exclude .svn -exclude .git -exclude .hg -resolve-src-symlinks -rename /Users/huangzhe/Documents/GitHub/OrangeLen/build/DerivedData/Build/Intermediates.noindex/OrangeLen.build/Debug/OrangeLenPreviewMarkdown.build/Objects-normal/arm64/OrangeLenPreviewMarkdown.abi.json /Users/huangzhe/Documents/GitHub/OrangeLen/build/DerivedData/Build/Products/Debug/OrangeLenPreviewMarkdown.swiftmodule/arm64-apple-macos.abi.json

SwiftDriverJobDiscovery normal arm64 Compiling PreviewViewController.swift (in target 'OrangeLenPreviewMarkdown' from project 'OrangeLen' at path '/Users/huangzhe/Documents/GitHub/OrangeLen/OrangeLen.xcodeproj')

SwiftDriver\ Compilation OrangeLenPreviewMarkdown normal arm64 com.apple.xcode.tools.swift.compiler (in target 'OrangeLenPreviewMarkdown' from project 'OrangeLen' at path '/Users/huangzhe/Documents/GitHub/OrangeLen/OrangeLen.xcodeproj')
    cd /Users/huangzhe/Documents/GitHub/OrangeLen
    builtin-Swift-Compilation -- /Applications/Xcode.app/Contents/Developer/Toolchains/XcodeDefault.xctoolchain/usr/bin/swiftc -module-name OrangeLenPreviewMarkdown -Onone @/Users/huangzhe/Documents/GitHub/OrangeLen/build/DerivedData/Build/Intermediates.noindex/OrangeLen.build/Debug/OrangeLenPreviewMarkdown.build/Objects-normal/arm64/OrangeLenPreviewMarkdown.SwiftFileList -DDEBUG -Xcc -fmodule-map-file\=/Users/huangzhe/Documents/GitHub/OrangeLen/Packages/OrangeLen/Sources/CZlib/module.modulemap -Xcc -fmodule-map-file\=/Users/huangzhe/Documents/GitHub/OrangeLen/Packages/OrangeLen/Sources/CSQLite/module.modulemap -enable-bare-slash-regex -enable-experimental-feature DebugDescriptionMacro -sdk /Applications/Xcode.app/Contents/Developer/Platforms/MacOSX.platform/Developer/SDKs/MacOSX26.5.sdk -target arm64-apple-macos14.0 -g -module-cache-path /Users/huangzhe/Documents/GitHub/OrangeLen/build/DerivedData/ModuleCache.noindex -Xfrontend -serialize-debugging-options -application-extension -enable-testing -index-store-path /Users/huangzhe/Documents/GitHub/OrangeLen/build/DerivedData/Index.noindex/DataStore -Xcc -D_LIBCPP_HARDENING_MODE\=_LIBCPP_HARDENING_MODE_DEBUG -swift-version 5 -I /Users/huangzhe/Documents/GitHub/OrangeLen/build/DerivedData/Build/Products/Debug -F /Users/huangzhe/Documents/GitHub/OrangeLen/build/DerivedData/Build/Products/Debug/PackageFrameworks -F /Users/huangzhe/Documents/GitHub/OrangeLen/build/DerivedData/Build/Products/Debug/PackageFrameworks -F /Users/huangzhe/Documents/GitHub/OrangeLen/build/DerivedData/Build/Products/Debug/PackageFrameworks -F /Users/huangzhe/Documents/GitHub/OrangeLen/build/DerivedData/Build/Products/Debug/PackageFrameworks -F /Users/huangzhe/Documents/GitHub/OrangeLen/build/DerivedData/Build/Products/Debug/PackageFrameworks -F /Users/huangzhe/Documents/GitHub/OrangeLen/build/DerivedData/Build/Products/Debug/PackageFrameworks -F /Users/huangzhe/Documents/GitHub/OrangeLen/build/DerivedData/Build/Products/Debug -parse-as-library -c -j11 -enable-batch-mode -incremental -Xcc -ivfsstatcache -Xcc /Users/huangzhe/Documents/GitHub/OrangeLen/build/DerivedData/SDKStatCaches.noindex/macosx26.5-25F70-e082c4a02f00227109f4ed75e425c832.sdkstatcache -output-file-map /Users/huangzhe/Documents/GitHub/OrangeLen/build/DerivedData/Build/Intermediates.noindex/OrangeLen.build/Debug/OrangeLenPreviewMarkdown.build/Objects-normal/arm64/OrangeLenPreviewMarkdown-OutputFileMap.json -use-frontend-parseable-output -save-temps -no-color-diagnostics -explicit-module-build -module-cache-path /Users/huangzhe/Documents/GitHub/OrangeLen/build/DerivedData/Build/Intermediates.noindex/SwiftExplicitPrecompiledModules -clang-scanner-module-cache-path /Users/huangzhe/Documents/GitHub/OrangeLen/build/DerivedData/ModuleCache.noindex -sdk-module-cache-path /Users/huangzhe/Documents/GitHub/OrangeLen/build/DerivedData/ModuleCache.noindex -serialize-diagnostics -emit-dependencies -emit-module -emit-module-path /Users/huangzhe/Documents/GitHub/OrangeLen/build/DerivedData/Build/Intermediates.noindex/OrangeLen.build/Debug/OrangeLenPreviewMarkdown.build/Objects-normal/arm64/OrangeLenPreviewMarkdown.swiftmodule -validate-clang-modules-once -clang-build-session-file /Users/huangzhe/Documents/GitHub/OrangeLen/build/DerivedData/ModuleCache.noindex/Session.modulevalidation -Xcc -I/Users/huangzhe/Documents/GitHub/OrangeLen/build/DerivedData/Build/Intermediates.noindex/OrangeLen.build/Debug/OrangeLenPreviewMarkdown.build/swift-overrides.hmap -emit-const-values -Xfrontend -const-gather-protocols-file -Xfrontend /Users/huangzhe/Documents/GitHub/OrangeLen/build/DerivedData/Build/Intermediates.noindex/OrangeLen.build/Debug/OrangeLenPreviewMarkdown.build/Objects-normal/arm64/OrangeLenPreviewMarkdown_const_extract_protocols.json -Xcc -iquote -Xcc /Users/huangzhe/Documents/GitHub/OrangeLen/build/DerivedData/Build/Intermediates.noindex/OrangeLen.build/Debug/OrangeLenPreviewMarkdown.build/OrangeLenPreviewMarkdown-generated-files.hmap -Xcc -I/Users/huangzhe/Documents/GitHub/OrangeLen/build/DerivedData/Build/Intermediates.noindex/OrangeLen.build/Debug/OrangeLenPreviewMarkdown.build/OrangeLenPreviewMarkdown-own-target-headers.hmap -Xcc -I/Users/huangzhe/Documents/GitHub/OrangeLen/build/DerivedData/Build/Intermediates.noindex/OrangeLen.build/Debug/OrangeLenPreviewMarkdown.build/OrangeLenPreviewMarkdown-all-non-framework-target-headers.hmap -Xcc -ivfsoverlay -Xcc /Users/huangzhe/Documents/GitHub/OrangeLen/build/DerivedData/Build/Intermediates.noindex/OrangeLen.build/Debug/OrangeLen-858e2ff2c7d6a1eb168211f71310dee6-VFS/all-product-headers.yaml -Xcc -iquote -Xcc /Users/huangzhe/Documents/GitHub/OrangeLen/build/DerivedData/Build/Intermediates.noindex/OrangeLen.build/Debug/OrangeLenPreviewMarkdown.build/OrangeLenPreviewMarkdown-project-headers.hmap -Xcc -I/Users/huangzhe/Documents/GitHub/OrangeLen/build/DerivedData/SourcePackages/checkouts/swift-cmark/src/include -Xcc -I/Users/huangzhe/Documents/GitHub/OrangeLen/build/DerivedData/SourcePackages/checkouts/swift-cmark/extensions/include -Xcc -I/Users/huangzhe/Documents/GitHub/OrangeLen/build/DerivedData/SourcePackages/checkouts/swift-markdown/Sources/CAtomic/include -Xcc -I/Users/huangzhe/Documents/GitHub/OrangeLen/build/DerivedData/Build/Products/Debug/include -Xcc -I/Users/huangzhe/Documents/GitHub/OrangeLen/build/DerivedData/Build/Intermediates.noindex/OrangeLen.build/Debug/OrangeLenPreviewMarkdown.build/DerivedSources-normal/arm64 -Xcc -I/Users/huangzhe/Documents/GitHub/OrangeLen/build/DerivedData/Build/Intermediates.noindex/OrangeLen.build/Debug/OrangeLenPreviewMarkdown.build/DerivedSources/arm64 -Xcc -I/Users/huangzhe/Documents/GitHub/OrangeLen/build/DerivedData/Build/Intermediates.noindex/OrangeLen.build/Debug/OrangeLenPreviewMarkdown.build/DerivedSources -Xcc -DDEBUG\=1 -emit-objc-header -emit-objc-header-path /Users/huangzhe/Documents/GitHub/OrangeLen/build/DerivedData/Build/Intermediates.noindex/OrangeLen.build/Debug/OrangeLenPreviewMarkdown.build/Objects-normal/arm64/OrangeLenPreviewMarkdown-Swift.h -working-directory /Users/huangzhe/Documents/GitHub/OrangeLen -experimental-emit-module-separately -disable-cmo

SwiftDriverJobDiscovery normal arm64 Compiling PreviewViewController.swift (in target 'OrangeLenPreviewArchives' from project 'OrangeLen' at path '/Users/huangzhe/Documents/GitHub/OrangeLen/OrangeLen.xcodeproj')

SwiftDriver\ Compilation OrangeLenPreviewArchives normal arm64 com.apple.xcode.tools.swift.compiler (in target 'OrangeLenPreviewArchives' from project 'OrangeLen' at path '/Users/huangzhe/Documents/GitHub/OrangeLen/OrangeLen.xcodeproj')
    cd /Users/huangzhe/Documents/GitHub/OrangeLen
    builtin-Swift-Compilation -- /Applications/Xcode.app/Contents/Developer/Toolchains/XcodeDefault.xctoolchain/usr/bin/swiftc -module-name OrangeLenPreviewArchives -Onone @/Users/huangzhe/Documents/GitHub/OrangeLen/build/DerivedData/Build/Intermediates.noindex/OrangeLen.build/Debug/OrangeLenPreviewArchives.build/Objects-normal/arm64/OrangeLenPreviewArchives.SwiftFileList -DDEBUG -Xcc -fmodule-map-file\=/Users/huangzhe/Documents/GitHub/OrangeLen/Packages/OrangeLen/Sources/CZlib/module.modulemap -Xcc -fmodule-map-file\=/Users/huangzhe/Documents/GitHub/OrangeLen/Packages/OrangeLen/Sources/CSQLite/module.modulemap -enable-bare-slash-regex -enable-experimental-feature DebugDescriptionMacro -sdk /Applications/Xcode.app/Contents/Developer/Platforms/MacOSX.platform/Developer/SDKs/MacOSX26.5.sdk -target arm64-apple-macos14.0 -g -module-cache-path /Users/huangzhe/Documents/GitHub/OrangeLen/build/DerivedData/ModuleCache.noindex -Xfrontend -serialize-debugging-options -application-extension -enable-testing -index-store-path /Users/huangzhe/Documents/GitHub/OrangeLen/build/DerivedData/Index.noindex/DataStore -Xcc -D_LIBCPP_HARDENING_MODE\=_LIBCPP_HARDENING_MODE_DEBUG -swift-version 5 -I /Users/huangzhe/Documents/GitHub/OrangeLen/build/DerivedData/Build/Products/Debug -F /Users/huangzhe/Documents/GitHub/OrangeLen/build/DerivedData/Build/Products/Debug/PackageFrameworks -F /Users/huangzhe/Documents/GitHub/OrangeLen/build/DerivedData/Build/Products/Debug/PackageFrameworks -F /Users/huangzhe/Documents/GitHub/OrangeLen/build/DerivedData/Build/Products/Debug/PackageFrameworks -F /Users/huangzhe/Documents/GitHub/OrangeLen/build/DerivedData/Build/Products/Debug/PackageFrameworks -F /Users/huangzhe/Documents/GitHub/OrangeLen/build/DerivedData/Build/Products/Debug/PackageFrameworks -F /Users/huangzhe/Documents/GitHub/OrangeLen/build/DerivedData/Build/Products/Debug/PackageFrameworks -F /Users/huangzhe/Documents/GitHub/OrangeLen/build/DerivedData/Build/Products/Debug -parse-as-library -c -j11 -enable-batch-mode -incremental -Xcc -ivfsstatcache -Xcc /Users/huangzhe/Documents/GitHub/OrangeLen/build/DerivedData/SDKStatCaches.noindex/macosx26.5-25F70-e082c4a02f00227109f4ed75e425c832.sdkstatcache -output-file-map /Users/huangzhe/Documents/GitHub/OrangeLen/build/DerivedData/Build/Intermediates.noindex/OrangeLen.build/Debug/OrangeLenPreviewArchives.build/Objects-normal/arm64/OrangeLenPreviewArchives-OutputFileMap.json -use-frontend-parseable-output -save-temps -no-color-diagnostics -explicit-module-build -module-cache-path /Users/huangzhe/Documents/GitHub/OrangeLen/build/DerivedData/Build/Intermediates.noindex/SwiftExplicitPrecompiledModules -clang-scanner-module-cache-path /Users/huangzhe/Documents/GitHub/OrangeLen/build/DerivedData/ModuleCache.noindex -sdk-module-cache-path /Users/huangzhe/Documents/GitHub/OrangeLen/build/DerivedData/ModuleCache.noindex -serialize-diagnostics -emit-dependencies -emit-module -emit-module-path /Users/huangzhe/Documents/GitHub/OrangeLen/build/DerivedData/Build/Intermediates.noindex/OrangeLen.build/Debug/OrangeLenPreviewArchives.build/Objects-normal/arm64/OrangeLenPreviewArchives.swiftmodule -validate-clang-modules-once -clang-build-session-file /Users/huangzhe/Documents/GitHub/OrangeLen/build/DerivedData/ModuleCache.noindex/Session.modulevalidation -Xcc -I/Users/huangzhe/Documents/GitHub/OrangeLen/build/DerivedData/Build/Intermediates.noindex/OrangeLen.build/Debug/OrangeLenPreviewArchives.build/swift-overrides.hmap -emit-const-values -Xfrontend -const-gather-protocols-file -Xfrontend /Users/huangzhe/Documents/GitHub/OrangeLen/build/DerivedData/Build/Intermediates.noindex/OrangeLen.build/Debug/OrangeLenPreviewArchives.build/Objects-normal/arm64/OrangeLenPreviewArchives_const_extract_protocols.json -Xcc -iquote -Xcc /Users/huangzhe/Documents/GitHub/OrangeLen/build/DerivedData/Build/Intermediates.noindex/OrangeLen.build/Debug/OrangeLenPreviewArchives.build/OrangeLenPreviewArchives-generated-files.hmap -Xcc -I/Users/huangzhe/Documents/GitHub/OrangeLen/build/DerivedData/Build/Intermediates.noindex/OrangeLen.build/Debug/OrangeLenPreviewArchives.build/OrangeLenPreviewArchives-own-target-headers.hmap -Xcc -I/Users/huangzhe/Documents/GitHub/OrangeLen/build/DerivedData/Build/Intermediates.noindex/OrangeLen.build/Debug/OrangeLenPreviewArchives.build/OrangeLenPreviewArchives-all-non-framework-target-headers.hmap -Xcc -ivfsoverlay -Xcc /Users/huangzhe/Documents/GitHub/OrangeLen/build/DerivedData/Build/Intermediates.noindex/OrangeLen.build/Debug/OrangeLen-858e2ff2c7d6a1eb168211f71310dee6-VFS/all-product-headers.yaml -Xcc -iquote -Xcc /Users/huangzhe/Documents/GitHub/OrangeLen/build/DerivedData/Build/Intermediates.noindex/OrangeLen.build/Debug/OrangeLenPreviewArchives.build/OrangeLenPreviewArchives-project-headers.hmap -Xcc -I/Users/huangzhe/Documents/GitHub/OrangeLen/build/DerivedData/SourcePackages/checkouts/swift-cmark/src/include -Xcc -I/Users/huangzhe/Documents/GitHub/OrangeLen/build/DerivedData/SourcePackages/checkouts/swift-cmark/extensions/include -Xcc -I/Users/huangzhe/Documents/GitHub/OrangeLen/build/DerivedData/SourcePackages/checkouts/swift-markdown/Sources/CAtomic/include -Xcc -I/Users/huangzhe/Documents/GitHub/OrangeLen/build/DerivedData/Build/Products/Debug/include -Xcc -I/Users/huangzhe/Documents/GitHub/OrangeLen/build/DerivedData/Build/Intermediates.noindex/OrangeLen.build/Debug/OrangeLenPreviewArchives.build/DerivedSources-normal/arm64 -Xcc -I/Users/huangzhe/Documents/GitHub/OrangeLen/build/DerivedData/Build/Intermediates.noindex/OrangeLen.build/Debug/OrangeLenPreviewArchives.build/DerivedSources/arm64 -Xcc -I/Users/huangzhe/Documents/GitHub/OrangeLen/build/DerivedData/Build/Intermediates.noindex/OrangeLen.build/Debug/OrangeLenPreviewArchives.build/DerivedSources -Xcc -DDEBUG\=1 -emit-objc-header -emit-objc-header-path /Users/huangzhe/Documents/GitHub/OrangeLen/build/DerivedData/Build/Intermediates.noindex/OrangeLen.build/Debug/OrangeLenPreviewArchives.build/Objects-normal/arm64/OrangeLenPreviewArchives-Swift.h -working-directory /Users/huangzhe/Documents/GitHub/OrangeLen -experimental-emit-module-separately -disable-cmo

SwiftDriverJobDiscovery normal arm64 Emitting module for OrangeLenPreviewArchives (in target 'OrangeLenPreviewArchives' from project 'OrangeLen' at path '/Users/huangzhe/Documents/GitHub/OrangeLen/OrangeLen.xcodeproj')

SwiftDriver\ Compilation\ Requirements OrangeLenPreviewArchives normal arm64 com.apple.xcode.tools.swift.compiler (in target 'OrangeLenPreviewArchives' from project 'OrangeLen' at path '/Users/huangzhe/Documents/GitHub/OrangeLen/OrangeLen.xcodeproj')
    cd /Users/huangzhe/Documents/GitHub/OrangeLen
    builtin-Swift-Compilation-Requirements -- /Applications/Xcode.app/Contents/Developer/Toolchains/XcodeDefault.xctoolchain/usr/bin/swiftc -module-name OrangeLenPreviewArchives -Onone @/Users/huangzhe/Documents/GitHub/OrangeLen/build/DerivedData/Build/Intermediates.noindex/OrangeLen.build/Debug/OrangeLenPreviewArchives.build/Objects-normal/arm64/OrangeLenPreviewArchives.SwiftFileList -DDEBUG -Xcc -fmodule-map-file\=/Users/huangzhe/Documents/GitHub/OrangeLen/Packages/OrangeLen/Sources/CZlib/module.modulemap -Xcc -fmodule-map-file\=/Users/huangzhe/Documents/GitHub/OrangeLen/Packages/OrangeLen/Sources/CSQLite/module.modulemap -enable-bare-slash-regex -enable-experimental-feature DebugDescriptionMacro -sdk /Applications/Xcode.app/Contents/Developer/Platforms/MacOSX.platform/Developer/SDKs/MacOSX26.5.sdk -target arm64-apple-macos14.0 -g -module-cache-path /Users/huangzhe/Documents/GitHub/OrangeLen/build/DerivedData/ModuleCache.noindex -Xfrontend -serialize-debugging-options -application-extension -enable-testing -index-store-path /Users/huangzhe/Documents/GitHub/OrangeLen/build/DerivedData/Index.noindex/DataStore -Xcc -D_LIBCPP_HARDENING_MODE\=_LIBCPP_HARDENING_MODE_DEBUG -swift-version 5 -I /Users/huangzhe/Documents/GitHub/OrangeLen/build/DerivedData/Build/Products/Debug -F /Users/huangzhe/Documents/GitHub/OrangeLen/build/DerivedData/Build/Products/Debug/PackageFrameworks -F /Users/huangzhe/Documents/GitHub/OrangeLen/build/DerivedData/Build/Products/Debug/PackageFrameworks -F /Users/huangzhe/Documents/GitHub/OrangeLen/build/DerivedData/Build/Products/Debug/PackageFrameworks -F /Users/huangzhe/Documents/GitHub/OrangeLen/build/DerivedData/Build/Products/Debug/PackageFrameworks -F /Users/huangzhe/Documents/GitHub/OrangeLen/build/DerivedData/Build/Products/Debug/PackageFrameworks -F /Users/huangzhe/Documents/GitHub/OrangeLen/build/DerivedData/Build/Products/Debug/PackageFrameworks -F /Users/huangzhe/Documents/GitHub/OrangeLen/build/DerivedData/Build/Products/Debug -parse-as-library -c -j11 -enable-batch-mode -incremental -Xcc -ivfsstatcache -Xcc /Users/huangzhe/Documents/GitHub/OrangeLen/build/DerivedData/SDKStatCaches.noindex/macosx26.5-25F70-e082c4a02f00227109f4ed75e425c832.sdkstatcache -output-file-map /Users/huangzhe/Documents/GitHub/OrangeLen/build/DerivedData/Build/Intermediates.noindex/OrangeLen.build/Debug/OrangeLenPreviewArchives.build/Objects-normal/arm64/OrangeLenPreviewArchives-OutputFileMap.json -use-frontend-parseable-output -save-temps -no-color-diagnostics -explicit-module-build -module-cache-path /Users/huangzhe/Documents/GitHub/OrangeLen/build/DerivedData/Build/Intermediates.noindex/SwiftExplicitPrecompiledModules -clang-scanner-module-cache-path /Users/huangzhe/Documents/GitHub/OrangeLen/build/DerivedData/ModuleCache.noindex -sdk-module-cache-path /Users/huangzhe/Documents/GitHub/OrangeLen/build/DerivedData/ModuleCache.noindex -serialize-diagnostics -emit-dependencies -emit-module -emit-module-path /Users/huangzhe/Documents/GitHub/OrangeLen/build/DerivedData/Build/Intermediates.noindex/OrangeLen.build/Debug/OrangeLenPreviewArchives.build/Objects-normal/arm64/OrangeLenPreviewArchives.swiftmodule -validate-clang-modules-once -clang-build-session-file /Users/huangzhe/Documents/GitHub/OrangeLen/build/DerivedData/ModuleCache.noindex/Session.modulevalidation -Xcc -I/Users/huangzhe/Documents/GitHub/OrangeLen/build/DerivedData/Build/Intermediates.noindex/OrangeLen.build/Debug/OrangeLenPreviewArchives.build/swift-overrides.hmap -emit-const-values -Xfrontend -const-gather-protocols-file -Xfrontend /Users/huangzhe/Documents/GitHub/OrangeLen/build/DerivedData/Build/Intermediates.noindex/OrangeLen.build/Debug/OrangeLenPreviewArchives.build/Objects-normal/arm64/OrangeLenPreviewArchives_const_extract_protocols.json -Xcc -iquote -Xcc /Users/huangzhe/Documents/GitHub/OrangeLen/build/DerivedData/Build/Intermediates.noindex/OrangeLen.build/Debug/OrangeLenPreviewArchives.build/OrangeLenPreviewArchives-generated-files.hmap -Xcc -I/Users/huangzhe/Documents/GitHub/OrangeLen/build/DerivedData/Build/Intermediates.noindex/OrangeLen.build/Debug/OrangeLenPreviewArchives.build/OrangeLenPreviewArchives-own-target-headers.hmap -Xcc -I/Users/huangzhe/Documents/GitHub/OrangeLen/build/DerivedData/Build/Intermediates.noindex/OrangeLen.build/Debug/OrangeLenPreviewArchives.build/OrangeLenPreviewArchives-all-non-framework-target-headers.hmap -Xcc -ivfsoverlay -Xcc /Users/huangzhe/Documents/GitHub/OrangeLen/build/DerivedData/Build/Intermediates.noindex/OrangeLen.build/Debug/OrangeLen-858e2ff2c7d6a1eb168211f71310dee6-VFS/all-product-headers.yaml -Xcc -iquote -Xcc /Users/huangzhe/Documents/GitHub/OrangeLen/build/DerivedData/Build/Intermediates.noindex/OrangeLen.build/Debug/OrangeLenPreviewArchives.build/OrangeLenPreviewArchives-project-headers.hmap -Xcc -I/Users/huangzhe/Documents/GitHub/OrangeLen/build/DerivedData/SourcePackages/checkouts/swift-cmark/src/include -Xcc -I/Users/huangzhe/Documents/GitHub/OrangeLen/build/DerivedData/SourcePackages/checkouts/swift-cmark/extensions/include -Xcc -I/Users/huangzhe/Documents/GitHub/OrangeLen/build/DerivedData/SourcePackages/checkouts/swift-markdown/Sources/CAtomic/include -Xcc -I/Users/huangzhe/Documents/GitHub/OrangeLen/build/DerivedData/Build/Products/Debug/include -Xcc -I/Users/huangzhe/Documents/GitHub/OrangeLen/build/DerivedData/Build/Intermediates.noindex/OrangeLen.build/Debug/OrangeLenPreviewArchives.build/DerivedSources-normal/arm64 -Xcc -I/Users/huangzhe/Documents/GitHub/OrangeLen/build/DerivedData/Build/Intermediates.noindex/OrangeLen.build/Debug/OrangeLenPreviewArchives.build/DerivedSources/arm64 -Xcc -I/Users/huangzhe/Documents/GitHub/OrangeLen/build/DerivedData/Build/Intermediates.noindex/OrangeLen.build/Debug/OrangeLenPreviewArchives.build/DerivedSources -Xcc -DDEBUG\=1 -emit-objc-header -emit-objc-header-path /Users/huangzhe/Documents/GitHub/OrangeLen/build/DerivedData/Build/Intermediates.noindex/OrangeLen.build/Debug/OrangeLenPreviewArchives.build/Objects-normal/arm64/OrangeLenPreviewArchives-Swift.h -working-directory /Users/huangzhe/Documents/GitHub/OrangeLen -experimental-emit-module-separately -disable-cmo

Copy /Users/huangzhe/Documents/GitHub/OrangeLen/build/DerivedData/Build/Products/Debug/OrangeLenPreviewArchives.swiftmodule/arm64-apple-macos.abi.json /Users/huangzhe/Documents/GitHub/OrangeLen/build/DerivedData/Build/Intermediates.noindex/OrangeLen.build/Debug/OrangeLenPreviewArchives.build/Objects-normal/arm64/OrangeLenPreviewArchives.abi.json (in target 'OrangeLenPreviewArchives' from project 'OrangeLen' at path '/Users/huangzhe/Documents/GitHub/OrangeLen/OrangeLen.xcodeproj')
    cd /Users/huangzhe/Documents/GitHub/OrangeLen
    builtin-copy -exclude .DS_Store -exclude CVS -exclude .svn -exclude .git -exclude .hg -resolve-src-symlinks -rename /Users/huangzhe/Documents/GitHub/OrangeLen/build/DerivedData/Build/Intermediates.noindex/OrangeLen.build/Debug/OrangeLenPreviewArchives.build/Objects-normal/arm64/OrangeLenPreviewArchives.abi.json /Users/huangzhe/Documents/GitHub/OrangeLen/build/DerivedData/Build/Products/Debug/OrangeLenPreviewArchives.swiftmodule/arm64-apple-macos.abi.json

SwiftCompile normal arm64 Compiling\ PreviewViewController.swift /Users/huangzhe/Documents/GitHub/OrangeLen/PreviewExtension/PreviewViewController.swift (in target 'OrangeLenPreviewData' from project 'OrangeLen' at path '/Users/huangzhe/Documents/GitHub/OrangeLen/OrangeLen.xcodeproj')

SwiftCompile normal arm64 /Users/huangzhe/Documents/GitHub/OrangeLen/PreviewExtension/PreviewViewController.swift (in target 'OrangeLenPreviewData' from project 'OrangeLen' at path '/Users/huangzhe/Documents/GitHub/OrangeLen/OrangeLen.xcodeproj')
    cd /Users/huangzhe/Documents/GitHub/OrangeLen
    

SwiftEmitModule normal arm64 Emitting\ module\ for\ OrangeLenPreviewData (in target 'OrangeLenPreviewData' from project 'OrangeLen' at path '/Users/huangzhe/Documents/GitHub/OrangeLen/OrangeLen.xcodeproj')

SwiftCompile normal arm64 /Users/huangzhe/Documents/GitHub/OrangeLen/PreviewExtension/PreviewViewController.swift (in target 'OrangeLenPreviewData' from project 'OrangeLen' at path '/Users/huangzhe/Documents/GitHub/OrangeLen/OrangeLen.xcodeproj')
    cd /Users/huangzhe/Documents/GitHub/OrangeLen
    

SwiftEmitModule normal arm64 Emitting\ module\ for\ OrangeLenPreviewFolders (in target 'OrangeLenPreviewFolders' from project 'OrangeLen' at path '/Users/huangzhe/Documents/GitHub/OrangeLen/OrangeLen.xcodeproj')

SwiftCompile normal arm64 /Users/huangzhe/Documents/GitHub/OrangeLen/PreviewExtension/PreviewViewController.swift (in target 'OrangeLenPreviewFolders' from project 'OrangeLen' at path '/Users/huangzhe/Documents/GitHub/OrangeLen/OrangeLen.xcodeproj')
    cd /Users/huangzhe/Documents/GitHub/OrangeLen
    

SwiftCompile normal arm64 Compiling\ PreviewViewController.swift /Users/huangzhe/Documents/GitHub/OrangeLen/PreviewExtension/PreviewViewController.swift (in target 'OrangeLenPreviewFolders' from project 'OrangeLen' at path '/Users/huangzhe/Documents/GitHub/OrangeLen/OrangeLen.xcodeproj')

SwiftCompile normal arm64 /Users/huangzhe/Documents/GitHub/OrangeLen/PreviewExtension/PreviewViewController.swift (in target 'OrangeLenPreviewFolders' from project 'OrangeLen' at path '/Users/huangzhe/Documents/GitHub/OrangeLen/OrangeLen.xcodeproj')
    cd /Users/huangzhe/Documents/GitHub/OrangeLen
    

SwiftEmitModule normal arm64 Emitting\ module\ for\ OrangeLenPreviewDrawings (in target 'OrangeLenPreviewDrawings' from project 'OrangeLen' at path '/Users/huangzhe/Documents/GitHub/OrangeLen/OrangeLen.xcodeproj')

SwiftCompile normal arm64 /Users/huangzhe/Documents/GitHub/OrangeLen/PreviewExtension/PreviewViewController.swift (in target 'OrangeLenPreviewDrawings' from project 'OrangeLen' at path '/Users/huangzhe/Documents/GitHub/OrangeLen/OrangeLen.xcodeproj')
    cd /Users/huangzhe/Documents/GitHub/OrangeLen
    

SwiftEmitModule normal arm64 Emitting\ module\ for\ OrangeLenPreviewBooks (in target 'OrangeLenPreviewBooks' from project 'OrangeLen' at path '/Users/huangzhe/Documents/GitHub/OrangeLen/OrangeLen.xcodeproj')

SwiftCompile normal arm64 /Users/huangzhe/Documents/GitHub/OrangeLen/PreviewExtension/PreviewViewController.swift (in target 'OrangeLenPreviewBooks' from project 'OrangeLen' at path '/Users/huangzhe/Documents/GitHub/OrangeLen/OrangeLen.xcodeproj')
    cd /Users/huangzhe/Documents/GitHub/OrangeLen
    

SwiftEmitModule normal arm64 Emitting\ module\ for\ OrangeLenPreview (in target 'OrangeLenPreview' from project 'OrangeLen' at path '/Users/huangzhe/Documents/GitHub/OrangeLen/OrangeLen.xcodeproj')

SwiftCompile normal arm64 /Users/huangzhe/Documents/GitHub/OrangeLen/PreviewExtension/PreviewViewController.swift (in target 'OrangeLenPreview' from project 'OrangeLen' at path '/Users/huangzhe/Documents/GitHub/OrangeLen/OrangeLen.xcodeproj')
    cd /Users/huangzhe/Documents/GitHub/OrangeLen
    

SwiftCompile normal arm64 Compiling\ PreviewViewController.swift /Users/huangzhe/Documents/GitHub/OrangeLen/PreviewExtension/PreviewViewController.swift (in target 'OrangeLenPreviewBooks' from project 'OrangeLen' at path '/Users/huangzhe/Documents/GitHub/OrangeLen/OrangeLen.xcodeproj')

SwiftCompile normal arm64 /Users/huangzhe/Documents/GitHub/OrangeLen/PreviewExtension/PreviewViewController.swift (in target 'OrangeLenPreviewBooks' from project 'OrangeLen' at path '/Users/huangzhe/Documents/GitHub/OrangeLen/OrangeLen.xcodeproj')
    cd /Users/huangzhe/Documents/GitHub/OrangeLen
    

SwiftCompile normal arm64 Compiling\ PreviewViewController.swift /Users/huangzhe/Documents/GitHub/OrangeLen/PreviewExtension/PreviewViewController.swift (in target 'OrangeLenPreviewDrawings' from project 'OrangeLen' at path '/Users/huangzhe/Documents/GitHub/OrangeLen/OrangeLen.xcodeproj')

SwiftCompile normal arm64 /Users/huangzhe/Documents/GitHub/OrangeLen/PreviewExtension/PreviewViewController.swift (in target 'OrangeLenPreviewDrawings' from project 'OrangeLen' at path '/Users/huangzhe/Documents/GitHub/OrangeLen/OrangeLen.xcodeproj')
    cd /Users/huangzhe/Documents/GitHub/OrangeLen
    

SwiftCompile normal arm64 Compiling\ PreviewViewController.swift /Users/huangzhe/Documents/GitHub/OrangeLen/PreviewExtension/PreviewViewController.swift (in target 'OrangeLenPreview' from project 'OrangeLen' at path '/Users/huangzhe/Documents/GitHub/OrangeLen/OrangeLen.xcodeproj')

SwiftCompile normal arm64 /Users/huangzhe/Documents/GitHub/OrangeLen/PreviewExtension/PreviewViewController.swift (in target 'OrangeLenPreview' from project 'OrangeLen' at path '/Users/huangzhe/Documents/GitHub/OrangeLen/OrangeLen.xcodeproj')
    cd /Users/huangzhe/Documents/GitHub/OrangeLen
    

SwiftDriverJobDiscovery normal arm64 Emitting module for OrangeLenPreviewFolders (in target 'OrangeLenPreviewFolders' from project 'OrangeLen' at path '/Users/huangzhe/Documents/GitHub/OrangeLen/OrangeLen.xcodeproj')

SwiftDriver\ Compilation\ Requirements OrangeLenPreviewFolders normal arm64 com.apple.xcode.tools.swift.compiler (in target 'OrangeLenPreviewFolders' from project 'OrangeLen' at path '/Users/huangzhe/Documents/GitHub/OrangeLen/OrangeLen.xcodeproj')
    cd /Users/huangzhe/Documents/GitHub/OrangeLen
    builtin-Swift-Compilation-Requirements -- /Applications/Xcode.app/Contents/Developer/Toolchains/XcodeDefault.xctoolchain/usr/bin/swiftc -module-name OrangeLenPreviewFolders -Onone @/Users/huangzhe/Documents/GitHub/OrangeLen/build/DerivedData/Build/Intermediates.noindex/OrangeLen.build/Debug/OrangeLenPreviewFolders.build/Objects-normal/arm64/OrangeLenPreviewFolders.SwiftFileList -DDEBUG -Xcc -fmodule-map-file\=/Users/huangzhe/Documents/GitHub/OrangeLen/Packages/OrangeLen/Sources/CZlib/module.modulemap -Xcc -fmodule-map-file\=/Users/huangzhe/Documents/GitHub/OrangeLen/Packages/OrangeLen/Sources/CSQLite/module.modulemap -enable-bare-slash-regex -enable-experimental-feature DebugDescriptionMacro -sdk /Applications/Xcode.app/Contents/Developer/Platforms/MacOSX.platform/Developer/SDKs/MacOSX26.5.sdk -target arm64-apple-macos14.0 -g -module-cache-path /Users/huangzhe/Documents/GitHub/OrangeLen/build/DerivedData/ModuleCache.noindex -Xfrontend -serialize-debugging-options -application-extension -enable-testing -index-store-path /Users/huangzhe/Documents/GitHub/OrangeLen/build/DerivedData/Index.noindex/DataStore -Xcc -D_LIBCPP_HARDENING_MODE\=_LIBCPP_HARDENING_MODE_DEBUG -swift-version 5 -I /Users/huangzhe/Documents/GitHub/OrangeLen/build/DerivedData/Build/Products/Debug -F /Users/huangzhe/Documents/GitHub/OrangeLen/build/DerivedData/Build/Products/Debug/PackageFrameworks -F /Users/huangzhe/Documents/GitHub/OrangeLen/build/DerivedData/Build/Products/Debug/PackageFrameworks -F /Users/huangzhe/Documents/GitHub/OrangeLen/build/DerivedData/Build/Products/Debug/PackageFrameworks -F /Users/huangzhe/Documents/GitHub/OrangeLen/build/DerivedData/Build/Products/Debug/PackageFrameworks -F /Users/huangzhe/Documents/GitHub/OrangeLen/build/DerivedData/Build/Products/Debug/PackageFrameworks -F /Users/huangzhe/Documents/GitHub/OrangeLen/build/DerivedData/Build/Products/Debug/PackageFrameworks -F /Users/huangzhe/Documents/GitHub/OrangeLen/build/DerivedData/Build/Products/Debug -parse-as-library -c -j11 -enable-batch-mode -incremental -Xcc -ivfsstatcache -Xcc /Users/huangzhe/Documents/GitHub/OrangeLen/build/DerivedData/SDKStatCaches.noindex/macosx26.5-25F70-e082c4a02f00227109f4ed75e425c832.sdkstatcache -output-file-map /Users/huangzhe/Documents/GitHub/OrangeLen/build/DerivedData/Build/Intermediates.noindex/OrangeLen.build/Debug/OrangeLenPreviewFolders.build/Objects-normal/arm64/OrangeLenPreviewFolders-OutputFileMap.json -use-frontend-parseable-output -save-temps -no-color-diagnostics -explicit-module-build -module-cache-path /Users/huangzhe/Documents/GitHub/OrangeLen/build/DerivedData/Build/Intermediates.noindex/SwiftExplicitPrecompiledModules -clang-scanner-module-cache-path /Users/huangzhe/Documents/GitHub/OrangeLen/build/DerivedData/ModuleCache.noindex -sdk-module-cache-path /Users/huangzhe/Documents/GitHub/OrangeLen/build/DerivedData/ModuleCache.noindex -serialize-diagnostics -emit-dependencies -emit-module -emit-module-path /Users/huangzhe/Documents/GitHub/OrangeLen/build/DerivedData/Build/Intermediates.noindex/OrangeLen.build/Debug/OrangeLenPreviewFolders.build/Objects-normal/arm64/OrangeLenPreviewFolders.swiftmodule -validate-clang-modules-once -clang-build-session-file /Users/huangzhe/Documents/GitHub/OrangeLen/build/DerivedData/ModuleCache.noindex/Session.modulevalidation -Xcc -I/Users/huangzhe/Documents/GitHub/OrangeLen/build/DerivedData/Build/Intermediates.noindex/OrangeLen.build/Debug/OrangeLenPreviewFolders.build/swift-overrides.hmap -emit-const-values -Xfrontend -const-gather-protocols-file -Xfrontend /Users/huangzhe/Documents/GitHub/OrangeLen/build/DerivedData/Build/Intermediates.noindex/OrangeLen.build/Debug/OrangeLenPreviewFolders.build/Objects-normal/arm64/OrangeLenPreviewFolders_const_extract_protocols.json -Xcc -iquote -Xcc /Users/huangzhe/Documents/GitHub/OrangeLen/build/DerivedData/Build/Intermediates.noindex/OrangeLen.build/Debug/OrangeLenPreviewFolders.build/OrangeLenPreviewFolders-generated-files.hmap -Xcc -I/Users/huangzhe/Documents/GitHub/OrangeLen/build/DerivedData/Build/Intermediates.noindex/OrangeLen.build/Debug/OrangeLenPreviewFolders.build/OrangeLenPreviewFolders-own-target-headers.hmap -Xcc -I/Users/huangzhe/Documents/GitHub/OrangeLen/build/DerivedData/Build/Intermediates.noindex/OrangeLen.build/Debug/OrangeLenPreviewFolders.build/OrangeLenPreviewFolders-all-non-framework-target-headers.hmap -Xcc -ivfsoverlay -Xcc /Users/huangzhe/Documents/GitHub/OrangeLen/build/DerivedData/Build/Intermediates.noindex/OrangeLen.build/Debug/OrangeLen-858e2ff2c7d6a1eb168211f71310dee6-VFS/all-product-headers.yaml -Xcc -iquote -Xcc /Users/huangzhe/Documents/GitHub/OrangeLen/build/DerivedData/Build/Intermediates.noindex/OrangeLen.build/Debug/OrangeLenPreviewFolders.build/OrangeLenPreviewFolders-project-headers.hmap -Xcc -I/Users/huangzhe/Documents/GitHub/OrangeLen/build/DerivedData/SourcePackages/checkouts/swift-cmark/src/include -Xcc -I/Users/huangzhe/Documents/GitHub/OrangeLen/build/DerivedData/SourcePackages/checkouts/swift-cmark/extensions/include -Xcc -I/Users/huangzhe/Documents/GitHub/OrangeLen/build/DerivedData/SourcePackages/checkouts/swift-markdown/Sources/CAtomic/include -Xcc -I/Users/huangzhe/Documents/GitHub/OrangeLen/build/DerivedData/Build/Products/Debug/include -Xcc -I/Users/huangzhe/Documents/GitHub/OrangeLen/build/DerivedData/Build/Intermediates.noindex/OrangeLen.build/Debug/OrangeLenPreviewFolders.build/DerivedSources-normal/arm64 -Xcc -I/Users/huangzhe/Documents/GitHub/OrangeLen/build/DerivedData/Build/Intermediates.noindex/OrangeLen.build/Debug/OrangeLenPreviewFolders.build/DerivedSources/arm64 -Xcc -I/Users/huangzhe/Documents/GitHub/OrangeLen/build/DerivedData/Build/Intermediates.noindex/OrangeLen.build/Debug/OrangeLenPreviewFolders.build/DerivedSources -Xcc -DDEBUG\=1 -emit-objc-header -emit-objc-header-path /Users/huangzhe/Documents/GitHub/OrangeLen/build/DerivedData/Build/Intermediates.noindex/OrangeLen.build/Debug/OrangeLenPreviewFolders.build/Objects-normal/arm64/OrangeLenPreviewFolders-Swift.h -working-directory /Users/huangzhe/Documents/GitHub/OrangeLen -experimental-emit-module-separately -disable-cmo

Copy /Users/huangzhe/Documents/GitHub/OrangeLen/build/DerivedData/Build/Products/Debug/OrangeLenPreviewFolders.swiftmodule/arm64-apple-macos.abi.json /Users/huangzhe/Documents/GitHub/OrangeLen/build/DerivedData/Build/Intermediates.noindex/OrangeLen.build/Debug/OrangeLenPreviewFolders.build/Objects-normal/arm64/OrangeLenPreviewFolders.abi.json (in target 'OrangeLenPreviewFolders' from project 'OrangeLen' at path '/Users/huangzhe/Documents/GitHub/OrangeLen/OrangeLen.xcodeproj')
    cd /Users/huangzhe/Documents/GitHub/OrangeLen
    builtin-copy -exclude .DS_Store -exclude CVS -exclude .svn -exclude .git -exclude .hg -resolve-src-symlinks -rename /Users/huangzhe/Documents/GitHub/OrangeLen/build/DerivedData/Build/Intermediates.noindex/OrangeLen.build/Debug/OrangeLenPreviewFolders.build/Objects-normal/arm64/OrangeLenPreviewFolders.abi.json /Users/huangzhe/Documents/GitHub/OrangeLen/build/DerivedData/Build/Products/Debug/OrangeLenPreviewFolders.swiftmodule/arm64-apple-macos.abi.json

SwiftDriverJobDiscovery normal arm64 Emitting module for OrangeLenPreviewData (in target 'OrangeLenPreviewData' from project 'OrangeLen' at path '/Users/huangzhe/Documents/GitHub/OrangeLen/OrangeLen.xcodeproj')

SwiftDriver\ Compilation\ Requirements OrangeLenPreviewData normal arm64 com.apple.xcode.tools.swift.compiler (in target 'OrangeLenPreviewData' from project 'OrangeLen' at path '/Users/huangzhe/Documents/GitHub/OrangeLen/OrangeLen.xcodeproj')
    cd /Users/huangzhe/Documents/GitHub/OrangeLen
    builtin-Swift-Compilation-Requirements -- /Applications/Xcode.app/Contents/Developer/Toolchains/XcodeDefault.xctoolchain/usr/bin/swiftc -module-name OrangeLenPreviewData -Onone @/Users/huangzhe/Documents/GitHub/OrangeLen/build/DerivedData/Build/Intermediates.noindex/OrangeLen.build/Debug/OrangeLenPreviewData.build/Objects-normal/arm64/OrangeLenPreviewData.SwiftFileList -DDEBUG -Xcc -fmodule-map-file\=/Users/huangzhe/Documents/GitHub/OrangeLen/Packages/OrangeLen/Sources/CZlib/module.modulemap -Xcc -fmodule-map-file\=/Users/huangzhe/Documents/GitHub/OrangeLen/Packages/OrangeLen/Sources/CSQLite/module.modulemap -enable-bare-slash-regex -enable-experimental-feature DebugDescriptionMacro -sdk /Applications/Xcode.app/Contents/Developer/Platforms/MacOSX.platform/Developer/SDKs/MacOSX26.5.sdk -target arm64-apple-macos14.0 -g -module-cache-path /Users/huangzhe/Documents/GitHub/OrangeLen/build/DerivedData/ModuleCache.noindex -Xfrontend -serialize-debugging-options -application-extension -enable-testing -index-store-path /Users/huangzhe/Documents/GitHub/OrangeLen/build/DerivedData/Index.noindex/DataStore -Xcc -D_LIBCPP_HARDENING_MODE\=_LIBCPP_HARDENING_MODE_DEBUG -swift-version 5 -I /Users/huangzhe/Documents/GitHub/OrangeLen/build/DerivedData/Build/Products/Debug -F /Users/huangzhe/Documents/GitHub/OrangeLen/build/DerivedData/Build/Products/Debug/PackageFrameworks -F /Users/huangzhe/Documents/GitHub/OrangeLen/build/DerivedData/Build/Products/Debug/PackageFrameworks -F /Users/huangzhe/Documents/GitHub/OrangeLen/build/DerivedData/Build/Products/Debug/PackageFrameworks -F /Users/huangzhe/Documents/GitHub/OrangeLen/build/DerivedData/Build/Products/Debug/PackageFrameworks -F /Users/huangzhe/Documents/GitHub/OrangeLen/build/DerivedData/Build/Products/Debug/PackageFrameworks -F /Users/huangzhe/Documents/GitHub/OrangeLen/build/DerivedData/Build/Products/Debug/PackageFrameworks -F /Users/huangzhe/Documents/GitHub/OrangeLen/build/DerivedData/Build/Products/Debug -parse-as-library -c -j11 -enable-batch-mode -incremental -Xcc -ivfsstatcache -Xcc /Users/huangzhe/Documents/GitHub/OrangeLen/build/DerivedData/SDKStatCaches.noindex/macosx26.5-25F70-e082c4a02f00227109f4ed75e425c832.sdkstatcache -output-file-map /Users/huangzhe/Documents/GitHub/OrangeLen/build/DerivedData/Build/Intermediates.noindex/OrangeLen.build/Debug/OrangeLenPreviewData.build/Objects-normal/arm64/OrangeLenPreviewData-OutputFileMap.json -use-frontend-parseable-output -save-temps -no-color-diagnostics -explicit-module-build -module-cache-path /Users/huangzhe/Documents/GitHub/OrangeLen/build/DerivedData/Build/Intermediates.noindex/SwiftExplicitPrecompiledModules -clang-scanner-module-cache-path /Users/huangzhe/Documents/GitHub/OrangeLen/build/DerivedData/ModuleCache.noindex -sdk-module-cache-path /Users/huangzhe/Documents/GitHub/OrangeLen/build/DerivedData/ModuleCache.noindex -serialize-diagnostics -emit-dependencies -emit-module -emit-module-path /Users/huangzhe/Documents/GitHub/OrangeLen/build/DerivedData/Build/Intermediates.noindex/OrangeLen.build/Debug/OrangeLenPreviewData.build/Objects-normal/arm64/OrangeLenPreviewData.swiftmodule -validate-clang-modules-once -clang-build-session-file /Users/huangzhe/Documents/GitHub/OrangeLen/build/DerivedData/ModuleCache.noindex/Session.modulevalidation -Xcc -I/Users/huangzhe/Documents/GitHub/OrangeLen/build/DerivedData/Build/Intermediates.noindex/OrangeLen.build/Debug/OrangeLenPreviewData.build/swift-overrides.hmap -emit-const-values -Xfrontend -const-gather-protocols-file -Xfrontend /Users/huangzhe/Documents/GitHub/OrangeLen/build/DerivedData/Build/Intermediates.noindex/OrangeLen.build/Debug/OrangeLenPreviewData.build/Objects-normal/arm64/OrangeLenPreviewData_const_extract_protocols.json -Xcc -iquote -Xcc /Users/huangzhe/Documents/GitHub/OrangeLen/build/DerivedData/Build/Intermediates.noindex/OrangeLen.build/Debug/OrangeLenPreviewData.build/OrangeLenPreviewData-generated-files.hmap -Xcc -I/Users/huangzhe/Documents/GitHub/OrangeLen/build/DerivedData/Build/Intermediates.noindex/OrangeLen.build/Debug/OrangeLenPreviewData.build/OrangeLenPreviewData-own-target-headers.hmap -Xcc -I/Users/huangzhe/Documents/GitHub/OrangeLen/build/DerivedData/Build/Intermediates.noindex/OrangeLen.build/Debug/OrangeLenPreviewData.build/OrangeLenPreviewData-all-non-framework-target-headers.hmap -Xcc -ivfsoverlay -Xcc /Users/huangzhe/Documents/GitHub/OrangeLen/build/DerivedData/Build/Intermediates.noindex/OrangeLen.build/Debug/OrangeLen-858e2ff2c7d6a1eb168211f71310dee6-VFS/all-product-headers.yaml -Xcc -iquote -Xcc /Users/huangzhe/Documents/GitHub/OrangeLen/build/DerivedData/Build/Intermediates.noindex/OrangeLen.build/Debug/OrangeLenPreviewData.build/OrangeLenPreviewData-project-headers.hmap -Xcc -I/Users/huangzhe/Documents/GitHub/OrangeLen/build/DerivedData/SourcePackages/checkouts/swift-cmark/src/include -Xcc -I/Users/huangzhe/Documents/GitHub/OrangeLen/build/DerivedData/SourcePackages/checkouts/swift-cmark/extensions/include -Xcc -I/Users/huangzhe/Documents/GitHub/OrangeLen/build/DerivedData/SourcePackages/checkouts/swift-markdown/Sources/CAtomic/include -Xcc -I/Users/huangzhe/Documents/GitHub/OrangeLen/build/DerivedData/Build/Products/Debug/include -Xcc -I/Users/huangzhe/Documents/GitHub/OrangeLen/build/DerivedData/Build/Intermediates.noindex/OrangeLen.build/Debug/OrangeLenPreviewData.build/DerivedSources-normal/arm64 -Xcc -I/Users/huangzhe/Documents/GitHub/OrangeLen/build/DerivedData/Build/Intermediates.noindex/OrangeLen.build/Debug/OrangeLenPreviewData.build/DerivedSources/arm64 -Xcc -I/Users/huangzhe/Documents/GitHub/OrangeLen/build/DerivedData/Build/Intermediates.noindex/OrangeLen.build/Debug/OrangeLenPreviewData.build/DerivedSources -Xcc -DDEBUG\=1 -emit-objc-header -emit-objc-header-path /Users/huangzhe/Documents/GitHub/OrangeLen/build/DerivedData/Build/Intermediates.noindex/OrangeLen.build/Debug/OrangeLenPreviewData.build/Objects-normal/arm64/OrangeLenPreviewData-Swift.h -working-directory /Users/huangzhe/Documents/GitHub/OrangeLen -experimental-emit-module-separately -disable-cmo

Copy /Users/huangzhe/Documents/GitHub/OrangeLen/build/DerivedData/Build/Products/Debug/OrangeLenPreviewData.swiftmodule/arm64-apple-macos.abi.json /Users/huangzhe/Documents/GitHub/OrangeLen/build/DerivedData/Build/Intermediates.noindex/OrangeLen.build/Debug/OrangeLenPreviewData.build/Objects-normal/arm64/OrangeLenPreviewData.abi.json (in target 'OrangeLenPreviewData' from project 'OrangeLen' at path '/Users/huangzhe/Documents/GitHub/OrangeLen/OrangeLen.xcodeproj')
    cd /Users/huangzhe/Documents/GitHub/OrangeLen
    builtin-copy -exclude .DS_Store -exclude CVS -exclude .svn -exclude .git -exclude .hg -resolve-src-symlinks -rename /Users/huangzhe/Documents/GitHub/OrangeLen/build/DerivedData/Build/Intermediates.noindex/OrangeLen.build/Debug/OrangeLenPreviewData.build/Objects-normal/arm64/OrangeLenPreviewData.abi.json /Users/huangzhe/Documents/GitHub/OrangeLen/build/DerivedData/Build/Products/Debug/OrangeLenPreviewData.swiftmodule/arm64-apple-macos.abi.json

SwiftDriverJobDiscovery normal arm64 Emitting module for OrangeLenPreviewDrawings (in target 'OrangeLenPreviewDrawings' from project 'OrangeLen' at path '/Users/huangzhe/Documents/GitHub/OrangeLen/OrangeLen.xcodeproj')

SwiftDriver\ Compilation\ Requirements OrangeLenPreviewDrawings normal arm64 com.apple.xcode.tools.swift.compiler (in target 'OrangeLenPreviewDrawings' from project 'OrangeLen' at path '/Users/huangzhe/Documents/GitHub/OrangeLen/OrangeLen.xcodeproj')
    cd /Users/huangzhe/Documents/GitHub/OrangeLen
    builtin-Swift-Compilation-Requirements -- /Applications/Xcode.app/Contents/Developer/Toolchains/XcodeDefault.xctoolchain/usr/bin/swiftc -module-name OrangeLenPreviewDrawings -Onone @/Users/huangzhe/Documents/GitHub/OrangeLen/build/DerivedData/Build/Intermediates.noindex/OrangeLen.build/Debug/OrangeLenPreviewDrawings.build/Objects-normal/arm64/OrangeLenPreviewDrawings.SwiftFileList -DDEBUG -Xcc -fmodule-map-file\=/Users/huangzhe/Documents/GitHub/OrangeLen/Packages/OrangeLen/Sources/CZlib/module.modulemap -Xcc -fmodule-map-file\=/Users/huangzhe/Documents/GitHub/OrangeLen/Packages/OrangeLen/Sources/CSQLite/module.modulemap -enable-bare-slash-regex -enable-experimental-feature DebugDescriptionMacro -sdk /Applications/Xcode.app/Contents/Developer/Platforms/MacOSX.platform/Developer/SDKs/MacOSX26.5.sdk -target arm64-apple-macos14.0 -g -module-cache-path /Users/huangzhe/Documents/GitHub/OrangeLen/build/DerivedData/ModuleCache.noindex -Xfrontend -serialize-debugging-options -application-extension -enable-testing -index-store-path /Users/huangzhe/Documents/GitHub/OrangeLen/build/DerivedData/Index.noindex/DataStore -Xcc -D_LIBCPP_HARDENING_MODE\=_LIBCPP_HARDENING_MODE_DEBUG -swift-version 5 -I /Users/huangzhe/Documents/GitHub/OrangeLen/build/DerivedData/Build/Products/Debug -F /Users/huangzhe/Documents/GitHub/OrangeLen/build/DerivedData/Build/Products/Debug/PackageFrameworks -F /Users/huangzhe/Documents/GitHub/OrangeLen/build/DerivedData/Build/Products/Debug/PackageFrameworks -F /Users/huangzhe/Documents/GitHub/OrangeLen/build/DerivedData/Build/Products/Debug/PackageFrameworks -F /Users/huangzhe/Documents/GitHub/OrangeLen/build/DerivedData/Build/Products/Debug/PackageFrameworks -F /Users/huangzhe/Documents/GitHub/OrangeLen/build/DerivedData/Build/Products/Debug/PackageFrameworks -F /Users/huangzhe/Documents/GitHub/OrangeLen/build/DerivedData/Build/Products/Debug/PackageFrameworks -F /Users/huangzhe/Documents/GitHub/OrangeLen/build/DerivedData/Build/Products/Debug -parse-as-library -c -j11 -enable-batch-mode -incremental -Xcc -ivfsstatcache -Xcc /Users/huangzhe/Documents/GitHub/OrangeLen/build/DerivedData/SDKStatCaches.noindex/macosx26.5-25F70-e082c4a02f00227109f4ed75e425c832.sdkstatcache -output-file-map /Users/huangzhe/Documents/GitHub/OrangeLen/build/DerivedData/Build/Intermediates.noindex/OrangeLen.build/Debug/OrangeLenPreviewDrawings.build/Objects-normal/arm64/OrangeLenPreviewDrawings-OutputFileMap.json -use-frontend-parseable-output -save-temps -no-color-diagnostics -explicit-module-build -module-cache-path /Users/huangzhe/Documents/GitHub/OrangeLen/build/DerivedData/Build/Intermediates.noindex/SwiftExplicitPrecompiledModules -clang-scanner-module-cache-path /Users/huangzhe/Documents/GitHub/OrangeLen/build/DerivedData/ModuleCache.noindex -sdk-module-cache-path /Users/huangzhe/Documents/GitHub/OrangeLen/build/DerivedData/ModuleCache.noindex -serialize-diagnostics -emit-dependencies -emit-module -emit-module-path /Users/huangzhe/Documents/GitHub/OrangeLen/build/DerivedData/Build/Intermediates.noindex/OrangeLen.build/Debug/OrangeLenPreviewDrawings.build/Objects-normal/arm64/OrangeLenPreviewDrawings.swiftmodule -validate-clang-modules-once -clang-build-session-file /Users/huangzhe/Documents/GitHub/OrangeLen/build/DerivedData/ModuleCache.noindex/Session.modulevalidation -Xcc -I/Users/huangzhe/Documents/GitHub/OrangeLen/build/DerivedData/Build/Intermediates.noindex/OrangeLen.build/Debug/OrangeLenPreviewDrawings.build/swift-overrides.hmap -emit-const-values -Xfrontend -const-gather-protocols-file -Xfrontend /Users/huangzhe/Documents/GitHub/OrangeLen/build/DerivedData/Build/Intermediates.noindex/OrangeLen.build/Debug/OrangeLenPreviewDrawings.build/Objects-normal/arm64/OrangeLenPreviewDrawings_const_extract_protocols.json -Xcc -iquote -Xcc /Users/huangzhe/Documents/GitHub/OrangeLen/build/DerivedData/Build/Intermediates.noindex/OrangeLen.build/Debug/OrangeLenPreviewDrawings.build/OrangeLenPreviewDrawings-generated-files.hmap -Xcc -I/Users/huangzhe/Documents/GitHub/OrangeLen/build/DerivedData/Build/Intermediates.noindex/OrangeLen.build/Debug/OrangeLenPreviewDrawings.build/OrangeLenPreviewDrawings-own-target-headers.hmap -Xcc -I/Users/huangzhe/Documents/GitHub/OrangeLen/build/DerivedData/Build/Intermediates.noindex/OrangeLen.build/Debug/OrangeLenPreviewDrawings.build/OrangeLenPreviewDrawings-all-non-framework-target-headers.hmap -Xcc -ivfsoverlay -Xcc /Users/huangzhe/Documents/GitHub/OrangeLen/build/DerivedData/Build/Intermediates.noindex/OrangeLen.build/Debug/OrangeLen-858e2ff2c7d6a1eb168211f71310dee6-VFS/all-product-headers.yaml -Xcc -iquote -Xcc /Users/huangzhe/Documents/GitHub/OrangeLen/build/DerivedData/Build/Intermediates.noindex/OrangeLen.build/Debug/OrangeLenPreviewDrawings.build/OrangeLenPreviewDrawings-project-headers.hmap -Xcc -I/Users/huangzhe/Documents/GitHub/OrangeLen/build/DerivedData/SourcePackages/checkouts/swift-cmark/src/include -Xcc -I/Users/huangzhe/Documents/GitHub/OrangeLen/build/DerivedData/SourcePackages/checkouts/swift-cmark/extensions/include -Xcc -I/Users/huangzhe/Documents/GitHub/OrangeLen/build/DerivedData/SourcePackages/checkouts/swift-markdown/Sources/CAtomic/include -Xcc -I/Users/huangzhe/Documents/GitHub/OrangeLen/build/DerivedData/Build/Products/Debug/include -Xcc -I/Users/huangzhe/Documents/GitHub/OrangeLen/build/DerivedData/Build/Intermediates.noindex/OrangeLen.build/Debug/OrangeLenPreviewDrawings.build/DerivedSources-normal/arm64 -Xcc -I/Users/huangzhe/Documents/GitHub/OrangeLen/build/DerivedData/Build/Intermediates.noindex/OrangeLen.build/Debug/OrangeLenPreviewDrawings.build/DerivedSources/arm64 -Xcc -I/Users/huangzhe/Documents/GitHub/OrangeLen/build/DerivedData/Build/Intermediates.noindex/OrangeLen.build/Debug/OrangeLenPreviewDrawings.build/DerivedSources -Xcc -DDEBUG\=1 -emit-objc-header -emit-objc-header-path /Users/huangzhe/Documents/GitHub/OrangeLen/build/DerivedData/Build/Intermediates.noindex/OrangeLen.build/Debug/OrangeLenPreviewDrawings.build/Objects-normal/arm64/OrangeLenPreviewDrawings-Swift.h -working-directory /Users/huangzhe/Documents/GitHub/OrangeLen -experimental-emit-module-separately -disable-cmo

Copy /Users/huangzhe/Documents/GitHub/OrangeLen/build/DerivedData/Build/Products/Debug/OrangeLenPreviewDrawings.swiftmodule/arm64-apple-macos.abi.json /Users/huangzhe/Documents/GitHub/OrangeLen/build/DerivedData/Build/Intermediates.noindex/OrangeLen.build/Debug/OrangeLenPreviewDrawings.build/Objects-normal/arm64/OrangeLenPreviewDrawings.abi.json (in target 'OrangeLenPreviewDrawings' from project 'OrangeLen' at path '/Users/huangzhe/Documents/GitHub/OrangeLen/OrangeLen.xcodeproj')
    cd /Users/huangzhe/Documents/GitHub/OrangeLen
    builtin-copy -exclude .DS_Store -exclude CVS -exclude .svn -exclude .git -exclude .hg -resolve-src-symlinks -rename /Users/huangzhe/Documents/GitHub/OrangeLen/build/DerivedData/Build/Intermediates.noindex/OrangeLen.build/Debug/OrangeLenPreviewDrawings.build/Objects-normal/arm64/OrangeLenPreviewDrawings.abi.json /Users/huangzhe/Documents/GitHub/OrangeLen/build/DerivedData/Build/Products/Debug/OrangeLenPreviewDrawings.swiftmodule/arm64-apple-macos.abi.json

SwiftDriverJobDiscovery normal arm64 Emitting module for OrangeLenPreviewBooks (in target 'OrangeLenPreviewBooks' from project 'OrangeLen' at path '/Users/huangzhe/Documents/GitHub/OrangeLen/OrangeLen.xcodeproj')

SwiftDriver\ Compilation\ Requirements OrangeLenPreviewBooks normal arm64 com.apple.xcode.tools.swift.compiler (in target 'OrangeLenPreviewBooks' from project 'OrangeLen' at path '/Users/huangzhe/Documents/GitHub/OrangeLen/OrangeLen.xcodeproj')
    cd /Users/huangzhe/Documents/GitHub/OrangeLen
    builtin-Swift-Compilation-Requirements -- /Applications/Xcode.app/Contents/Developer/Toolchains/XcodeDefault.xctoolchain/usr/bin/swiftc -module-name OrangeLenPreviewBooks -Onone @/Users/huangzhe/Documents/GitHub/OrangeLen/build/DerivedData/Build/Intermediates.noindex/OrangeLen.build/Debug/OrangeLenPreviewBooks.build/Objects-normal/arm64/OrangeLenPreviewBooks.SwiftFileList -DDEBUG -Xcc -fmodule-map-file\=/Users/huangzhe/Documents/GitHub/OrangeLen/Packages/OrangeLen/Sources/CZlib/module.modulemap -Xcc -fmodule-map-file\=/Users/huangzhe/Documents/GitHub/OrangeLen/Packages/OrangeLen/Sources/CSQLite/module.modulemap -enable-bare-slash-regex -enable-experimental-feature DebugDescriptionMacro -sdk /Applications/Xcode.app/Contents/Developer/Platforms/MacOSX.platform/Developer/SDKs/MacOSX26.5.sdk -target arm64-apple-macos14.0 -g -module-cache-path /Users/huangzhe/Documents/GitHub/OrangeLen/build/DerivedData/ModuleCache.noindex -Xfrontend -serialize-debugging-options -application-extension -enable-testing -index-store-path /Users/huangzhe/Documents/GitHub/OrangeLen/build/DerivedData/Index.noindex/DataStore -Xcc -D_LIBCPP_HARDENING_MODE\=_LIBCPP_HARDENING_MODE_DEBUG -swift-version 5 -I /Users/huangzhe/Documents/GitHub/OrangeLen/build/DerivedData/Build/Products/Debug -F /Users/huangzhe/Documents/GitHub/OrangeLen/build/DerivedData/Build/Products/Debug/PackageFrameworks -F /Users/huangzhe/Documents/GitHub/OrangeLen/build/DerivedData/Build/Products/Debug/PackageFrameworks -F /Users/huangzhe/Documents/GitHub/OrangeLen/build/DerivedData/Build/Products/Debug/PackageFrameworks -F /Users/huangzhe/Documents/GitHub/OrangeLen/build/DerivedData/Build/Products/Debug/PackageFrameworks -F /Users/huangzhe/Documents/GitHub/OrangeLen/build/DerivedData/Build/Products/Debug/PackageFrameworks -F /Users/huangzhe/Documents/GitHub/OrangeLen/build/DerivedData/Build/Products/Debug/PackageFrameworks -F /Users/huangzhe/Documents/GitHub/OrangeLen/build/DerivedData/Build/Products/Debug -parse-as-library -c -j11 -enable-batch-mode -incremental -Xcc -ivfsstatcache -Xcc /Users/huangzhe/Documents/GitHub/OrangeLen/build/DerivedData/SDKStatCaches.noindex/macosx26.5-25F70-e082c4a02f00227109f4ed75e425c832.sdkstatcache -output-file-map /Users/huangzhe/Documents/GitHub/OrangeLen/build/DerivedData/Build/Intermediates.noindex/OrangeLen.build/Debug/OrangeLenPreviewBooks.build/Objects-normal/arm64/OrangeLenPreviewBooks-OutputFileMap.json -use-frontend-parseable-output -save-temps -no-color-diagnostics -explicit-module-build -module-cache-path /Users/huangzhe/Documents/GitHub/OrangeLen/build/DerivedData/Build/Intermediates.noindex/SwiftExplicitPrecompiledModules -clang-scanner-module-cache-path /Users/huangzhe/Documents/GitHub/OrangeLen/build/DerivedData/ModuleCache.noindex -sdk-module-cache-path /Users/huangzhe/Documents/GitHub/OrangeLen/build/DerivedData/ModuleCache.noindex -serialize-diagnostics -emit-dependencies -emit-module -emit-module-path /Users/huangzhe/Documents/GitHub/OrangeLen/build/DerivedData/Build/Intermediates.noindex/OrangeLen.build/Debug/OrangeLenPreviewBooks.build/Objects-normal/arm64/OrangeLenPreviewBooks.swiftmodule -validate-clang-modules-once -clang-build-session-file /Users/huangzhe/Documents/GitHub/OrangeLen/build/DerivedData/ModuleCache.noindex/Session.modulevalidation -Xcc -I/Users/huangzhe/Documents/GitHub/OrangeLen/build/DerivedData/Build/Intermediates.noindex/OrangeLen.build/Debug/OrangeLenPreviewBooks.build/swift-overrides.hmap -emit-const-values -Xfrontend -const-gather-protocols-file -Xfrontend /Users/huangzhe/Documents/GitHub/OrangeLen/build/DerivedData/Build/Intermediates.noindex/OrangeLen.build/Debug/OrangeLenPreviewBooks.build/Objects-normal/arm64/OrangeLenPreviewBooks_const_extract_protocols.json -Xcc -iquote -Xcc /Users/huangzhe/Documents/GitHub/OrangeLen/build/DerivedData/Build/Intermediates.noindex/OrangeLen.build/Debug/OrangeLenPreviewBooks.build/OrangeLenPreviewBooks-generated-files.hmap -Xcc -I/Users/huangzhe/Documents/GitHub/OrangeLen/build/DerivedData/Build/Intermediates.noindex/OrangeLen.build/Debug/OrangeLenPreviewBooks.build/OrangeLenPreviewBooks-own-target-headers.hmap -Xcc -I/Users/huangzhe/Documents/GitHub/OrangeLen/build/DerivedData/Build/Intermediates.noindex/OrangeLen.build/Debug/OrangeLenPreviewBooks.build/OrangeLenPreviewBooks-all-non-framework-target-headers.hmap -Xcc -ivfsoverlay -Xcc /Users/huangzhe/Documents/GitHub/OrangeLen/build/DerivedData/Build/Intermediates.noindex/OrangeLen.build/Debug/OrangeLen-858e2ff2c7d6a1eb168211f71310dee6-VFS/all-product-headers.yaml -Xcc -iquote -Xcc /Users/huangzhe/Documents/GitHub/OrangeLen/build/DerivedData/Build/Intermediates.noindex/OrangeLen.build/Debug/OrangeLenPreviewBooks.build/OrangeLenPreviewBooks-project-headers.hmap -Xcc -I/Users/huangzhe/Documents/GitHub/OrangeLen/build/DerivedData/SourcePackages/checkouts/swift-cmark/src/include -Xcc -I/Users/huangzhe/Documents/GitHub/OrangeLen/build/DerivedData/SourcePackages/checkouts/swift-cmark/extensions/include -Xcc -I/Users/huangzhe/Documents/GitHub/OrangeLen/build/DerivedData/SourcePackages/checkouts/swift-markdown/Sources/CAtomic/include -Xcc -I/Users/huangzhe/Documents/GitHub/OrangeLen/build/DerivedData/Build/Products/Debug/include -Xcc -I/Users/huangzhe/Documents/GitHub/OrangeLen/build/DerivedData/Build/Intermediates.noindex/OrangeLen.build/Debug/OrangeLenPreviewBooks.build/DerivedSources-normal/arm64 -Xcc -I/Users/huangzhe/Documents/GitHub/OrangeLen/build/DerivedData/Build/Intermediates.noindex/OrangeLen.build/Debug/OrangeLenPreviewBooks.build/DerivedSources/arm64 -Xcc -I/Users/huangzhe/Documents/GitHub/OrangeLen/build/DerivedData/Build/Intermediates.noindex/OrangeLen.build/Debug/OrangeLenPreviewBooks.build/DerivedSources -Xcc -DDEBUG\=1 -emit-objc-header -emit-objc-header-path /Users/huangzhe/Documents/GitHub/OrangeLen/build/DerivedData/Build/Intermediates.noindex/OrangeLen.build/Debug/OrangeLenPreviewBooks.build/Objects-normal/arm64/OrangeLenPreviewBooks-Swift.h -working-directory /Users/huangzhe/Documents/GitHub/OrangeLen -experimental-emit-module-separately -disable-cmo

Copy /Users/huangzhe/Documents/GitHub/OrangeLen/build/DerivedData/Build/Products/Debug/OrangeLenPreviewBooks.swiftmodule/arm64-apple-macos.abi.json /Users/huangzhe/Documents/GitHub/OrangeLen/build/DerivedData/Build/Intermediates.noindex/OrangeLen.build/Debug/OrangeLenPreviewBooks.build/Objects-normal/arm64/OrangeLenPreviewBooks.abi.json (in target 'OrangeLenPreviewBooks' from project 'OrangeLen' at path '/Users/huangzhe/Documents/GitHub/OrangeLen/OrangeLen.xcodeproj')
    cd /Users/huangzhe/Documents/GitHub/OrangeLen
    builtin-copy -exclude .DS_Store -exclude CVS -exclude .svn -exclude .git -exclude .hg -resolve-src-symlinks -rename /Users/huangzhe/Documents/GitHub/OrangeLen/build/DerivedData/Build/Intermediates.noindex/OrangeLen.build/Debug/OrangeLenPreviewBooks.build/Objects-normal/arm64/OrangeLenPreviewBooks.abi.json /Users/huangzhe/Documents/GitHub/OrangeLen/build/DerivedData/Build/Products/Debug/OrangeLenPreviewBooks.swiftmodule/arm64-apple-macos.abi.json

SwiftDriverJobDiscovery normal arm64 Emitting module for OrangeLenPreview (in target 'OrangeLenPreview' from project 'OrangeLen' at path '/Users/huangzhe/Documents/GitHub/OrangeLen/OrangeLen.xcodeproj')

SwiftDriver\ Compilation\ Requirements OrangeLenPreview normal arm64 com.apple.xcode.tools.swift.compiler (in target 'OrangeLenPreview' from project 'OrangeLen' at path '/Users/huangzhe/Documents/GitHub/OrangeLen/OrangeLen.xcodeproj')
    cd /Users/huangzhe/Documents/GitHub/OrangeLen
    builtin-Swift-Compilation-Requirements -- /Applications/Xcode.app/Contents/Developer/Toolchains/XcodeDefault.xctoolchain/usr/bin/swiftc -module-name OrangeLenPreview -Onone @/Users/huangzhe/Documents/GitHub/OrangeLen/build/DerivedData/Build/Intermediates.noindex/OrangeLen.build/Debug/OrangeLenPreview.build/Objects-normal/arm64/OrangeLenPreview.SwiftFileList -DDEBUG -Xcc -fmodule-map-file\=/Users/huangzhe/Documents/GitHub/OrangeLen/Packages/OrangeLen/Sources/CZlib/module.modulemap -Xcc -fmodule-map-file\=/Users/huangzhe/Documents/GitHub/OrangeLen/Packages/OrangeLen/Sources/CSQLite/module.modulemap -enable-bare-slash-regex -enable-experimental-feature DebugDescriptionMacro -sdk /Applications/Xcode.app/Contents/Developer/Platforms/MacOSX.platform/Developer/SDKs/MacOSX26.5.sdk -target arm64-apple-macos14.0 -g -module-cache-path /Users/huangzhe/Documents/GitHub/OrangeLen/build/DerivedData/ModuleCache.noindex -Xfrontend -serialize-debugging-options -application-extension -enable-testing -index-store-path /Users/huangzhe/Documents/GitHub/OrangeLen/build/DerivedData/Index.noindex/DataStore -Xcc -D_LIBCPP_HARDENING_MODE\=_LIBCPP_HARDENING_MODE_DEBUG -swift-version 5 -I /Users/huangzhe/Documents/GitHub/OrangeLen/build/DerivedData/Build/Products/Debug -F /Users/huangzhe/Documents/GitHub/OrangeLen/build/DerivedData/Build/Products/Debug/PackageFrameworks -F /Users/huangzhe/Documents/GitHub/OrangeLen/build/DerivedData/Build/Products/Debug/PackageFrameworks -F /Users/huangzhe/Documents/GitHub/OrangeLen/build/DerivedData/Build/Products/Debug/PackageFrameworks -F /Users/huangzhe/Documents/GitHub/OrangeLen/build/DerivedData/Build/Products/Debug/PackageFrameworks -F /Users/huangzhe/Documents/GitHub/OrangeLen/build/DerivedData/Build/Products/Debug/PackageFrameworks -F /Users/huangzhe/Documents/GitHub/OrangeLen/build/DerivedData/Build/Products/Debug/PackageFrameworks -F /Users/huangzhe/Documents/GitHub/OrangeLen/build/DerivedData/Build/Products/Debug -parse-as-library -c -j11 -enable-batch-mode -incremental -Xcc -ivfsstatcache -Xcc /Users/huangzhe/Documents/GitHub/OrangeLen/build/DerivedData/SDKStatCaches.noindex/macosx26.5-25F70-e082c4a02f00227109f4ed75e425c832.sdkstatcache -output-file-map /Users/huangzhe/Documents/GitHub/OrangeLen/build/DerivedData/Build/Intermediates.noindex/OrangeLen.build/Debug/OrangeLenPreview.build/Objects-normal/arm64/OrangeLenPreview-OutputFileMap.json -use-frontend-parseable-output -save-temps -no-color-diagnostics -explicit-module-build -module-cache-path /Users/huangzhe/Documents/GitHub/OrangeLen/build/DerivedData/Build/Intermediates.noindex/SwiftExplicitPrecompiledModules -clang-scanner-module-cache-path /Users/huangzhe/Documents/GitHub/OrangeLen/build/DerivedData/ModuleCache.noindex -sdk-module-cache-path /Users/huangzhe/Documents/GitHub/OrangeLen/build/DerivedData/ModuleCache.noindex -serialize-diagnostics -emit-dependencies -emit-module -emit-module-path /Users/huangzhe/Documents/GitHub/OrangeLen/build/DerivedData/Build/Intermediates.noindex/OrangeLen.build/Debug/OrangeLenPreview.build/Objects-normal/arm64/OrangeLenPreview.swiftmodule -validate-clang-modules-once -clang-build-session-file /Users/huangzhe/Documents/GitHub/OrangeLen/build/DerivedData/ModuleCache.noindex/Session.modulevalidation -Xcc -I/Users/huangzhe/Documents/GitHub/OrangeLen/build/DerivedData/Build/Intermediates.noindex/OrangeLen.build/Debug/OrangeLenPreview.build/swift-overrides.hmap -emit-const-values -Xfrontend -const-gather-protocols-file -Xfrontend /Users/huangzhe/Documents/GitHub/OrangeLen/build/DerivedData/Build/Intermediates.noindex/OrangeLen.build/Debug/OrangeLenPreview.build/Objects-normal/arm64/OrangeLenPreview_const_extract_protocols.json -Xcc -iquote -Xcc /Users/huangzhe/Documents/GitHub/OrangeLen/build/DerivedData/Build/Intermediates.noindex/OrangeLen.build/Debug/OrangeLenPreview.build/OrangeLenPreview-generated-files.hmap -Xcc -I/Users/huangzhe/Documents/GitHub/OrangeLen/build/DerivedData/Build/Intermediates.noindex/OrangeLen.build/Debug/OrangeLenPreview.build/OrangeLenPreview-own-target-headers.hmap -Xcc -I/Users/huangzhe/Documents/GitHub/OrangeLen/build/DerivedData/Build/Intermediates.noindex/OrangeLen.build/Debug/OrangeLenPreview.build/OrangeLenPreview-all-non-framework-target-headers.hmap -Xcc -ivfsoverlay -Xcc /Users/huangzhe/Documents/GitHub/OrangeLen/build/DerivedData/Build/Intermediates.noindex/OrangeLen.build/Debug/OrangeLen-858e2ff2c7d6a1eb168211f71310dee6-VFS/all-product-headers.yaml -Xcc -iquote -Xcc /Users/huangzhe/Documents/GitHub/OrangeLen/build/DerivedData/Build/Intermediates.noindex/OrangeLen.build/Debug/OrangeLenPreview.build/OrangeLenPreview-project-headers.hmap -Xcc -I/Users/huangzhe/Documents/GitHub/OrangeLen/build/DerivedData/SourcePackages/checkouts/swift-cmark/src/include -Xcc -I/Users/huangzhe/Documents/GitHub/OrangeLen/build/DerivedData/SourcePackages/checkouts/swift-cmark/extensions/include -Xcc -I/Users/huangzhe/Documents/GitHub/OrangeLen/build/DerivedData/SourcePackages/checkouts/swift-markdown/Sources/CAtomic/include -Xcc -I/Users/huangzhe/Documents/GitHub/OrangeLen/build/DerivedData/Build/Products/Debug/include -Xcc -I/Users/huangzhe/Documents/GitHub/OrangeLen/build/DerivedData/Build/Intermediates.noindex/OrangeLen.build/Debug/OrangeLenPreview.build/DerivedSources-normal/arm64 -Xcc -I/Users/huangzhe/Documents/GitHub/OrangeLen/build/DerivedData/Build/Intermediates.noindex/OrangeLen.build/Debug/OrangeLenPreview.build/DerivedSources/arm64 -Xcc -I/Users/huangzhe/Documents/GitHub/OrangeLen/build/DerivedData/Build/Intermediates.noindex/OrangeLen.build/Debug/OrangeLenPreview.build/DerivedSources -Xcc -DDEBUG\=1 -emit-objc-header -emit-objc-header-path /Users/huangzhe/Documents/GitHub/OrangeLen/build/DerivedData/Build/Intermediates.noindex/OrangeLen.build/Debug/OrangeLenPreview.build/Objects-normal/arm64/OrangeLenPreview-Swift.h -working-directory /Users/huangzhe/Documents/GitHub/OrangeLen -experimental-emit-module-separately -disable-cmo

Copy /Users/huangzhe/Documents/GitHub/OrangeLen/build/DerivedData/Build/Products/Debug/OrangeLenPreview.swiftmodule/arm64-apple-macos.abi.json /Users/huangzhe/Documents/GitHub/OrangeLen/build/DerivedData/Build/Intermediates.noindex/OrangeLen.build/Debug/OrangeLenPreview.build/Objects-normal/arm64/OrangeLenPreview.abi.json (in target 'OrangeLenPreview' from project 'OrangeLen' at path '/Users/huangzhe/Documents/GitHub/OrangeLen/OrangeLen.xcodeproj')
    cd /Users/huangzhe/Documents/GitHub/OrangeLen
    builtin-copy -exclude .DS_Store -exclude CVS -exclude .svn -exclude .git -exclude .hg -resolve-src-symlinks -rename /Users/huangzhe/Documents/GitHub/OrangeLen/build/DerivedData/Build/Intermediates.noindex/OrangeLen.build/Debug/OrangeLenPreview.build/Objects-normal/arm64/OrangeLenPreview.abi.json /Users/huangzhe/Documents/GitHub/OrangeLen/build/DerivedData/Build/Products/Debug/OrangeLenPreview.swiftmodule/arm64-apple-macos.abi.json

SwiftDriver OrangeLen normal arm64 com.apple.xcode.tools.swift.compiler (in target 'OrangeLen' from project 'OrangeLen' at path '/Users/huangzhe/Documents/GitHub/OrangeLen/OrangeLen.xcodeproj')
    cd /Users/huangzhe/Documents/GitHub/OrangeLen
    builtin-SwiftDriver -- /Applications/Xcode.app/Contents/Developer/Toolchains/XcodeDefault.xctoolchain/usr/bin/swiftc -module-name OrangeLen -Onone @/Users/huangzhe/Documents/GitHub/OrangeLen/build/DerivedData/Build/Intermediates.noindex/OrangeLen.build/Debug/OrangeLen.build/Objects-normal/arm64/OrangeLen.SwiftFileList -DDEBUG -Xcc -fmodule-map-file\=/Users/huangzhe/Documents/GitHub/OrangeLen/Packages/OrangeLen/Sources/CZlib/module.modulemap -Xcc -fmodule-map-file\=/Users/huangzhe/Documents/GitHub/OrangeLen/Packages/OrangeLen/Sources/CSQLite/module.modulemap -enable-bare-slash-regex -enable-experimental-feature DebugDescriptionMacro -sdk /Applications/Xcode.app/Contents/Developer/Platforms/MacOSX.platform/Developer/SDKs/MacOSX26.5.sdk -target arm64-apple-macos14.0 -g -module-cache-path /Users/huangzhe/Documents/GitHub/OrangeLen/build/DerivedData/ModuleCache.noindex -Xfrontend -serialize-debugging-options -enable-testing -index-store-path /Users/huangzhe/Documents/GitHub/OrangeLen/build/DerivedData/Index.noindex/DataStore -Xcc -D_LIBCPP_HARDENING_MODE\=_LIBCPP_HARDENING_MODE_DEBUG -swift-version 5 -I /Users/huangzhe/Documents/GitHub/OrangeLen/build/DerivedData/Build/Products/Debug -F /Users/huangzhe/Documents/GitHub/OrangeLen/build/DerivedData/Build/Products/Debug/PackageFrameworks -F /Users/huangzhe/Documents/GitHub/OrangeLen/build/DerivedData/Build/Products/Debug/PackageFrameworks -F /Users/huangzhe/Documents/GitHub/OrangeLen/build/DerivedData/Build/Products/Debug/PackageFrameworks -F /Users/huangzhe/Documents/GitHub/OrangeLen/build/DerivedData/Build/Products/Debug/PackageFrameworks -F /Users/huangzhe/Documents/GitHub/OrangeLen/build/DerivedData/Build/Products/Debug/PackageFrameworks -F /Users/huangzhe/Documents/GitHub/OrangeLen/build/DerivedData/Build/Products/Debug/PackageFrameworks -F /Users/huangzhe/Documents/GitHub/OrangeLen/build/DerivedData/Build/Products/Debug -c -j11 -enable-batch-mode -incremental -Xcc -ivfsstatcache -Xcc /Users/huangzhe/Documents/GitHub/OrangeLen/build/DerivedData/SDKStatCaches.noindex/macosx26.5-25F70-e082c4a02f00227109f4ed75e425c832.sdkstatcache -output-file-map /Users/huangzhe/Documents/GitHub/OrangeLen/build/DerivedData/Build/Intermediates.noindex/OrangeLen.build/Debug/OrangeLen.build/Objects-normal/arm64/OrangeLen-OutputFileMap.json -use-frontend-parseable-output -save-temps -no-color-diagnostics -explicit-module-build -module-cache-path /Users/huangzhe/Documents/GitHub/OrangeLen/build/DerivedData/Build/Intermediates.noindex/SwiftExplicitPrecompiledModules -clang-scanner-module-cache-path /Users/huangzhe/Documents/GitHub/OrangeLen/build/DerivedData/ModuleCache.noindex -sdk-module-cache-path /Users/huangzhe/Documents/GitHub/OrangeLen/build/DerivedData/ModuleCache.noindex -serialize-diagnostics -emit-dependencies -emit-module -emit-module-path /Users/huangzhe/Documents/GitHub/OrangeLen/build/DerivedData/Build/Intermediates.noindex/OrangeLen.build/Debug/OrangeLen.build/Objects-normal/arm64/OrangeLen.swiftmodule -validate-clang-modules-once -clang-build-session-file /Users/huangzhe/Documents/GitHub/OrangeLen/build/DerivedData/ModuleCache.noindex/Session.modulevalidation -Xcc -I/Users/huangzhe/Documents/GitHub/OrangeLen/build/DerivedData/Build/Intermediates.noindex/OrangeLen.build/Debug/OrangeLen.build/swift-overrides.hmap -emit-const-values -Xfrontend -const-gather-protocols-file -Xfrontend /Users/huangzhe/Documents/GitHub/OrangeLen/build/DerivedData/Build/Intermediates.noindex/OrangeLen.build/Debug/OrangeLen.build/Objects-normal/arm64/OrangeLen_const_extract_protocols.json -Xcc -iquote -Xcc /Users/huangzhe/Documents/GitHub/OrangeLen/build/DerivedData/Build/Intermediates.noindex/OrangeLen.build/Debug/OrangeLen.build/OrangeLen-generated-files.hmap -Xcc -I/Users/huangzhe/Documents/GitHub/OrangeLen/build/DerivedData/Build/Intermediates.noindex/OrangeLen.build/Debug/OrangeLen.build/OrangeLen-own-target-headers.hmap -Xcc -I/Users/huangzhe/Documents/GitHub/OrangeLen/build/DerivedData/Build/Intermediates.noindex/OrangeLen.build/Debug/OrangeLen.build/OrangeLen-all-non-framework-target-headers.hmap -Xcc -ivfsoverlay -Xcc /Users/huangzhe/Documents/GitHub/OrangeLen/build/DerivedData/Build/Intermediates.noindex/OrangeLen.build/Debug/OrangeLen-858e2ff2c7d6a1eb168211f71310dee6-VFS/all-product-headers.yaml -Xcc -iquote -Xcc /Users/huangzhe/Documents/GitHub/OrangeLen/build/DerivedData/Build/Intermediates.noindex/OrangeLen.build/Debug/OrangeLen.build/OrangeLen-project-headers.hmap -Xcc -I/Users/huangzhe/Documents/GitHub/OrangeLen/build/DerivedData/SourcePackages/checkouts/swift-cmark/src/include -Xcc -I/Users/huangzhe/Documents/GitHub/OrangeLen/build/DerivedData/SourcePackages/checkouts/swift-cmark/extensions/include -Xcc -I/Users/huangzhe/Documents/GitHub/OrangeLen/build/DerivedData/SourcePackages/checkouts/swift-markdown/Sources/CAtomic/include -Xcc -I/Users/huangzhe/Documents/GitHub/OrangeLen/build/DerivedData/Build/Products/Debug/include -Xcc -I/Users/huangzhe/Documents/GitHub/OrangeLen/build/DerivedData/Build/Intermediates.noindex/OrangeLen.build/Debug/OrangeLen.build/DerivedSources-normal/arm64 -Xcc -I/Users/huangzhe/Documents/GitHub/OrangeLen/build/DerivedData/Build/Intermediates.noindex/OrangeLen.build/Debug/OrangeLen.build/DerivedSources/arm64 -Xcc -I/Users/huangzhe/Documents/GitHub/OrangeLen/build/DerivedData/Build/Intermediates.noindex/OrangeLen.build/Debug/OrangeLen.build/DerivedSources -Xcc -DDEBUG\=1 -emit-objc-header -emit-objc-header-path /Users/huangzhe/Documents/GitHub/OrangeLen/build/DerivedData/Build/Intermediates.noindex/OrangeLen.build/Debug/OrangeLen.build/Objects-normal/arm64/OrangeLen-Swift.h -working-directory /Users/huangzhe/Documents/GitHub/OrangeLen -experimental-emit-module-separately -disable-cmo

SwiftDriverJobDiscovery normal arm64 Compiling PreviewViewController.swift (in target 'OrangeLenPreview' from project 'OrangeLen' at path '/Users/huangzhe/Documents/GitHub/OrangeLen/OrangeLen.xcodeproj')

SwiftDriver\ Compilation OrangeLenPreview normal arm64 com.apple.xcode.tools.swift.compiler (in target 'OrangeLenPreview' from project 'OrangeLen' at path '/Users/huangzhe/Documents/GitHub/OrangeLen/OrangeLen.xcodeproj')
    cd /Users/huangzhe/Documents/GitHub/OrangeLen
    builtin-Swift-Compilation -- /Applications/Xcode.app/Contents/Developer/Toolchains/XcodeDefault.xctoolchain/usr/bin/swiftc -module-name OrangeLenPreview -Onone @/Users/huangzhe/Documents/GitHub/OrangeLen/build/DerivedData/Build/Intermediates.noindex/OrangeLen.build/Debug/OrangeLenPreview.build/Objects-normal/arm64/OrangeLenPreview.SwiftFileList -DDEBUG -Xcc -fmodule-map-file\=/Users/huangzhe/Documents/GitHub/OrangeLen/Packages/OrangeLen/Sources/CZlib/module.modulemap -Xcc -fmodule-map-file\=/Users/huangzhe/Documents/GitHub/OrangeLen/Packages/OrangeLen/Sources/CSQLite/module.modulemap -enable-bare-slash-regex -enable-experimental-feature DebugDescriptionMacro -sdk /Applications/Xcode.app/Contents/Developer/Platforms/MacOSX.platform/Developer/SDKs/MacOSX26.5.sdk -target arm64-apple-macos14.0 -g -module-cache-path /Users/huangzhe/Documents/GitHub/OrangeLen/build/DerivedData/ModuleCache.noindex -Xfrontend -serialize-debugging-options -application-extension -enable-testing -index-store-path /Users/huangzhe/Documents/GitHub/OrangeLen/build/DerivedData/Index.noindex/DataStore -Xcc -D_LIBCPP_HARDENING_MODE\=_LIBCPP_HARDENING_MODE_DEBUG -swift-version 5 -I /Users/huangzhe/Documents/GitHub/OrangeLen/build/DerivedData/Build/Products/Debug -F /Users/huangzhe/Documents/GitHub/OrangeLen/build/DerivedData/Build/Products/Debug/PackageFrameworks -F /Users/huangzhe/Documents/GitHub/OrangeLen/build/DerivedData/Build/Products/Debug/PackageFrameworks -F /Users/huangzhe/Documents/GitHub/OrangeLen/build/DerivedData/Build/Products/Debug/PackageFrameworks -F /Users/huangzhe/Documents/GitHub/OrangeLen/build/DerivedData/Build/Products/Debug/PackageFrameworks -F /Users/huangzhe/Documents/GitHub/OrangeLen/build/DerivedData/Build/Products/Debug/PackageFrameworks -F /Users/huangzhe/Documents/GitHub/OrangeLen/build/DerivedData/Build/Products/Debug/PackageFrameworks -F /Users/huangzhe/Documents/GitHub/OrangeLen/build/DerivedData/Build/Products/Debug -parse-as-library -c -j11 -enable-batch-mode -incremental -Xcc -ivfsstatcache -Xcc /Users/huangzhe/Documents/GitHub/OrangeLen/build/DerivedData/SDKStatCaches.noindex/macosx26.5-25F70-e082c4a02f00227109f4ed75e425c832.sdkstatcache -output-file-map /Users/huangzhe/Documents/GitHub/OrangeLen/build/DerivedData/Build/Intermediates.noindex/OrangeLen.build/Debug/OrangeLenPreview.build/Objects-normal/arm64/OrangeLenPreview-OutputFileMap.json -use-frontend-parseable-output -save-temps -no-color-diagnostics -explicit-module-build -module-cache-path /Users/huangzhe/Documents/GitHub/OrangeLen/build/DerivedData/Build/Intermediates.noindex/SwiftExplicitPrecompiledModules -clang-scanner-module-cache-path /Users/huangzhe/Documents/GitHub/OrangeLen/build/DerivedData/ModuleCache.noindex -sdk-module-cache-path /Users/huangzhe/Documents/GitHub/OrangeLen/build/DerivedData/ModuleCache.noindex -serialize-diagnostics -emit-dependencies -emit-module -emit-module-path /Users/huangzhe/Documents/GitHub/OrangeLen/build/DerivedData/Build/Intermediates.noindex/OrangeLen.build/Debug/OrangeLenPreview.build/Objects-normal/arm64/OrangeLenPreview.swiftmodule -validate-clang-modules-once -clang-build-session-file /Users/huangzhe/Documents/GitHub/OrangeLen/build/DerivedData/ModuleCache.noindex/Session.modulevalidation -Xcc -I/Users/huangzhe/Documents/GitHub/OrangeLen/build/DerivedData/Build/Intermediates.noindex/OrangeLen.build/Debug/OrangeLenPreview.build/swift-overrides.hmap -emit-const-values -Xfrontend -const-gather-protocols-file -Xfrontend /Users/huangzhe/Documents/GitHub/OrangeLen/build/DerivedData/Build/Intermediates.noindex/OrangeLen.build/Debug/OrangeLenPreview.build/Objects-normal/arm64/OrangeLenPreview_const_extract_protocols.json -Xcc -iquote -Xcc /Users/huangzhe/Documents/GitHub/OrangeLen/build/DerivedData/Build/Intermediates.noindex/OrangeLen.build/Debug/OrangeLenPreview.build/OrangeLenPreview-generated-files.hmap -Xcc -I/Users/huangzhe/Documents/GitHub/OrangeLen/build/DerivedData/Build/Intermediates.noindex/OrangeLen.build/Debug/OrangeLenPreview.build/OrangeLenPreview-own-target-headers.hmap -Xcc -I/Users/huangzhe/Documents/GitHub/OrangeLen/build/DerivedData/Build/Intermediates.noindex/OrangeLen.build/Debug/OrangeLenPreview.build/OrangeLenPreview-all-non-framework-target-headers.hmap -Xcc -ivfsoverlay -Xcc /Users/huangzhe/Documents/GitHub/OrangeLen/build/DerivedData/Build/Intermediates.noindex/OrangeLen.build/Debug/OrangeLen-858e2ff2c7d6a1eb168211f71310dee6-VFS/all-product-headers.yaml -Xcc -iquote -Xcc /Users/huangzhe/Documents/GitHub/OrangeLen/build/DerivedData/Build/Intermediates.noindex/OrangeLen.build/Debug/OrangeLenPreview.build/OrangeLenPreview-project-headers.hmap -Xcc -I/Users/huangzhe/Documents/GitHub/OrangeLen/build/DerivedData/SourcePackages/checkouts/swift-cmark/src/include -Xcc -I/Users/huangzhe/Documents/GitHub/OrangeLen/build/DerivedData/SourcePackages/checkouts/swift-cmark/extensions/include -Xcc -I/Users/huangzhe/Documents/GitHub/OrangeLen/build/DerivedData/SourcePackages/checkouts/swift-markdown/Sources/CAtomic/include -Xcc -I/Users/huangzhe/Documents/GitHub/OrangeLen/build/DerivedData/Build/Products/Debug/include -Xcc -I/Users/huangzhe/Documents/GitHub/OrangeLen/build/DerivedData/Build/Intermediates.noindex/OrangeLen.build/Debug/OrangeLenPreview.build/DerivedSources-normal/arm64 -Xcc -I/Users/huangzhe/Documents/GitHub/OrangeLen/build/DerivedData/Build/Intermediates.noindex/OrangeLen.build/Debug/OrangeLenPreview.build/DerivedSources/arm64 -Xcc -I/Users/huangzhe/Documents/GitHub/OrangeLen/build/DerivedData/Build/Intermediates.noindex/OrangeLen.build/Debug/OrangeLenPreview.build/DerivedSources -Xcc -DDEBUG\=1 -emit-objc-header -emit-objc-header-path /Users/huangzhe/Documents/GitHub/OrangeLen/build/DerivedData/Build/Intermediates.noindex/OrangeLen.build/Debug/OrangeLenPreview.build/Objects-normal/arm64/OrangeLenPreview-Swift.h -working-directory /Users/huangzhe/Documents/GitHub/OrangeLen -experimental-emit-module-separately -disable-cmo

SwiftDriverJobDiscovery normal arm64 Compiling PreviewViewController.swift (in target 'OrangeLenPreviewData' from project 'OrangeLen' at path '/Users/huangzhe/Documents/GitHub/OrangeLen/OrangeLen.xcodeproj')

SwiftDriver\ Compilation OrangeLenPreviewData normal arm64 com.apple.xcode.tools.swift.compiler (in target 'OrangeLenPreviewData' from project 'OrangeLen' at path '/Users/huangzhe/Documents/GitHub/OrangeLen/OrangeLen.xcodeproj')
    cd /Users/huangzhe/Documents/GitHub/OrangeLen
    builtin-Swift-Compilation -- /Applications/Xcode.app/Contents/Developer/Toolchains/XcodeDefault.xctoolchain/usr/bin/swiftc -module-name OrangeLenPreviewData -Onone @/Users/huangzhe/Documents/GitHub/OrangeLen/build/DerivedData/Build/Intermediates.noindex/OrangeLen.build/Debug/OrangeLenPreviewData.build/Objects-normal/arm64/OrangeLenPreviewData.SwiftFileList -DDEBUG -Xcc -fmodule-map-file\=/Users/huangzhe/Documents/GitHub/OrangeLen/Packages/OrangeLen/Sources/CZlib/module.modulemap -Xcc -fmodule-map-file\=/Users/huangzhe/Documents/GitHub/OrangeLen/Packages/OrangeLen/Sources/CSQLite/module.modulemap -enable-bare-slash-regex -enable-experimental-feature DebugDescriptionMacro -sdk /Applications/Xcode.app/Contents/Developer/Platforms/MacOSX.platform/Developer/SDKs/MacOSX26.5.sdk -target arm64-apple-macos14.0 -g -module-cache-path /Users/huangzhe/Documents/GitHub/OrangeLen/build/DerivedData/ModuleCache.noindex -Xfrontend -serialize-debugging-options -application-extension -enable-testing -index-store-path /Users/huangzhe/Documents/GitHub/OrangeLen/build/DerivedData/Index.noindex/DataStore -Xcc -D_LIBCPP_HARDENING_MODE\=_LIBCPP_HARDENING_MODE_DEBUG -swift-version 5 -I /Users/huangzhe/Documents/GitHub/OrangeLen/build/DerivedData/Build/Products/Debug -F /Users/huangzhe/Documents/GitHub/OrangeLen/build/DerivedData/Build/Products/Debug/PackageFrameworks -F /Users/huangzhe/Documents/GitHub/OrangeLen/build/DerivedData/Build/Products/Debug/PackageFrameworks -F /Users/huangzhe/Documents/GitHub/OrangeLen/build/DerivedData/Build/Products/Debug/PackageFrameworks -F /Users/huangzhe/Documents/GitHub/OrangeLen/build/DerivedData/Build/Products/Debug/PackageFrameworks -F /Users/huangzhe/Documents/GitHub/OrangeLen/build/DerivedData/Build/Products/Debug/PackageFrameworks -F /Users/huangzhe/Documents/GitHub/OrangeLen/build/DerivedData/Build/Products/Debug/PackageFrameworks -F /Users/huangzhe/Documents/GitHub/OrangeLen/build/DerivedData/Build/Products/Debug -parse-as-library -c -j11 -enable-batch-mode -incremental -Xcc -ivfsstatcache -Xcc /Users/huangzhe/Documents/GitHub/OrangeLen/build/DerivedData/SDKStatCaches.noindex/macosx26.5-25F70-e082c4a02f00227109f4ed75e425c832.sdkstatcache -output-file-map /Users/huangzhe/Documents/GitHub/OrangeLen/build/DerivedData/Build/Intermediates.noindex/OrangeLen.build/Debug/OrangeLenPreviewData.build/Objects-normal/arm64/OrangeLenPreviewData-OutputFileMap.json -use-frontend-parseable-output -save-temps -no-color-diagnostics -explicit-module-build -module-cache-path /Users/huangzhe/Documents/GitHub/OrangeLen/build/DerivedData/Build/Intermediates.noindex/SwiftExplicitPrecompiledModules -clang-scanner-module-cache-path /Users/huangzhe/Documents/GitHub/OrangeLen/build/DerivedData/ModuleCache.noindex -sdk-module-cache-path /Users/huangzhe/Documents/GitHub/OrangeLen/build/DerivedData/ModuleCache.noindex -serialize-diagnostics -emit-dependencies -emit-module -emit-module-path /Users/huangzhe/Documents/GitHub/OrangeLen/build/DerivedData/Build/Intermediates.noindex/OrangeLen.build/Debug/OrangeLenPreviewData.build/Objects-normal/arm64/OrangeLenPreviewData.swiftmodule -validate-clang-modules-once -clang-build-session-file /Users/huangzhe/Documents/GitHub/OrangeLen/build/DerivedData/ModuleCache.noindex/Session.modulevalidation -Xcc -I/Users/huangzhe/Documents/GitHub/OrangeLen/build/DerivedData/Build/Intermediates.noindex/OrangeLen.build/Debug/OrangeLenPreviewData.build/swift-overrides.hmap -emit-const-values -Xfrontend -const-gather-protocols-file -Xfrontend /Users/huangzhe/Documents/GitHub/OrangeLen/build/DerivedData/Build/Intermediates.noindex/OrangeLen.build/Debug/OrangeLenPreviewData.build/Objects-normal/arm64/OrangeLenPreviewData_const_extract_protocols.json -Xcc -iquote -Xcc /Users/huangzhe/Documents/GitHub/OrangeLen/build/DerivedData/Build/Intermediates.noindex/OrangeLen.build/Debug/OrangeLenPreviewData.build/OrangeLenPreviewData-generated-files.hmap -Xcc -I/Users/huangzhe/Documents/GitHub/OrangeLen/build/DerivedData/Build/Intermediates.noindex/OrangeLen.build/Debug/OrangeLenPreviewData.build/OrangeLenPreviewData-own-target-headers.hmap -Xcc -I/Users/huangzhe/Documents/GitHub/OrangeLen/build/DerivedData/Build/Intermediates.noindex/OrangeLen.build/Debug/OrangeLenPreviewData.build/OrangeLenPreviewData-all-non-framework-target-headers.hmap -Xcc -ivfsoverlay -Xcc /Users/huangzhe/Documents/GitHub/OrangeLen/build/DerivedData/Build/Intermediates.noindex/OrangeLen.build/Debug/OrangeLen-858e2ff2c7d6a1eb168211f71310dee6-VFS/all-product-headers.yaml -Xcc -iquote -Xcc /Users/huangzhe/Documents/GitHub/OrangeLen/build/DerivedData/Build/Intermediates.noindex/OrangeLen.build/Debug/OrangeLenPreviewData.build/OrangeLenPreviewData-project-headers.hmap -Xcc -I/Users/huangzhe/Documents/GitHub/OrangeLen/build/DerivedData/SourcePackages/checkouts/swift-cmark/src/include -Xcc -I/Users/huangzhe/Documents/GitHub/OrangeLen/build/DerivedData/SourcePackages/checkouts/swift-cmark/extensions/include -Xcc -I/Users/huangzhe/Documents/GitHub/OrangeLen/build/DerivedData/SourcePackages/checkouts/swift-markdown/Sources/CAtomic/include -Xcc -I/Users/huangzhe/Documents/GitHub/OrangeLen/build/DerivedData/Build/Products/Debug/include -Xcc -I/Users/huangzhe/Documents/GitHub/OrangeLen/build/DerivedData/Build/Intermediates.noindex/OrangeLen.build/Debug/OrangeLenPreviewData.build/DerivedSources-normal/arm64 -Xcc -I/Users/huangzhe/Documents/GitHub/OrangeLen/build/DerivedData/Build/Intermediates.noindex/OrangeLen.build/Debug/OrangeLenPreviewData.build/DerivedSources/arm64 -Xcc -I/Users/huangzhe/Documents/GitHub/OrangeLen/build/DerivedData/Build/Intermediates.noindex/OrangeLen.build/Debug/OrangeLenPreviewData.build/DerivedSources -Xcc -DDEBUG\=1 -emit-objc-header -emit-objc-header-path /Users/huangzhe/Documents/GitHub/OrangeLen/build/DerivedData/Build/Intermediates.noindex/OrangeLen.build/Debug/OrangeLenPreviewData.build/Objects-normal/arm64/OrangeLenPreviewData-Swift.h -working-directory /Users/huangzhe/Documents/GitHub/OrangeLen -experimental-emit-module-separately -disable-cmo

SwiftDriverJobDiscovery normal arm64 Compiling PreviewViewController.swift (in target 'OrangeLenPreviewBooks' from project 'OrangeLen' at path '/Users/huangzhe/Documents/GitHub/OrangeLen/OrangeLen.xcodeproj')

SwiftDriver\ Compilation OrangeLenPreviewBooks normal arm64 com.apple.xcode.tools.swift.compiler (in target 'OrangeLenPreviewBooks' from project 'OrangeLen' at path '/Users/huangzhe/Documents/GitHub/OrangeLen/OrangeLen.xcodeproj')
    cd /Users/huangzhe/Documents/GitHub/OrangeLen
    builtin-Swift-Compilation -- /Applications/Xcode.app/Contents/Developer/Toolchains/XcodeDefault.xctoolchain/usr/bin/swiftc -module-name OrangeLenPreviewBooks -Onone @/Users/huangzhe/Documents/GitHub/OrangeLen/build/DerivedData/Build/Intermediates.noindex/OrangeLen.build/Debug/OrangeLenPreviewBooks.build/Objects-normal/arm64/OrangeLenPreviewBooks.SwiftFileList -DDEBUG -Xcc -fmodule-map-file\=/Users/huangzhe/Documents/GitHub/OrangeLen/Packages/OrangeLen/Sources/CZlib/module.modulemap -Xcc -fmodule-map-file\=/Users/huangzhe/Documents/GitHub/OrangeLen/Packages/OrangeLen/Sources/CSQLite/module.modulemap -enable-bare-slash-regex -enable-experimental-feature DebugDescriptionMacro -sdk /Applications/Xcode.app/Contents/Developer/Platforms/MacOSX.platform/Developer/SDKs/MacOSX26.5.sdk -target arm64-apple-macos14.0 -g -module-cache-path /Users/huangzhe/Documents/GitHub/OrangeLen/build/DerivedData/ModuleCache.noindex -Xfrontend -serialize-debugging-options -application-extension -enable-testing -index-store-path /Users/huangzhe/Documents/GitHub/OrangeLen/build/DerivedData/Index.noindex/DataStore -Xcc -D_LIBCPP_HARDENING_MODE\=_LIBCPP_HARDENING_MODE_DEBUG -swift-version 5 -I /Users/huangzhe/Documents/GitHub/OrangeLen/build/DerivedData/Build/Products/Debug -F /Users/huangzhe/Documents/GitHub/OrangeLen/build/DerivedData/Build/Products/Debug/PackageFrameworks -F /Users/huangzhe/Documents/GitHub/OrangeLen/build/DerivedData/Build/Products/Debug/PackageFrameworks -F /Users/huangzhe/Documents/GitHub/OrangeLen/build/DerivedData/Build/Products/Debug/PackageFrameworks -F /Users/huangzhe/Documents/GitHub/OrangeLen/build/DerivedData/Build/Products/Debug/PackageFrameworks -F /Users/huangzhe/Documents/GitHub/OrangeLen/build/DerivedData/Build/Products/Debug/PackageFrameworks -F /Users/huangzhe/Documents/GitHub/OrangeLen/build/DerivedData/Build/Products/Debug/PackageFrameworks -F /Users/huangzhe/Documents/GitHub/OrangeLen/build/DerivedData/Build/Products/Debug -parse-as-library -c -j11 -enable-batch-mode -incremental -Xcc -ivfsstatcache -Xcc /Users/huangzhe/Documents/GitHub/OrangeLen/build/DerivedData/SDKStatCaches.noindex/macosx26.5-25F70-e082c4a02f00227109f4ed75e425c832.sdkstatcache -output-file-map /Users/huangzhe/Documents/GitHub/OrangeLen/build/DerivedData/Build/Intermediates.noindex/OrangeLen.build/Debug/OrangeLenPreviewBooks.build/Objects-normal/arm64/OrangeLenPreviewBooks-OutputFileMap.json -use-frontend-parseable-output -save-temps -no-color-diagnostics -explicit-module-build -module-cache-path /Users/huangzhe/Documents/GitHub/OrangeLen/build/DerivedData/Build/Intermediates.noindex/SwiftExplicitPrecompiledModules -clang-scanner-module-cache-path /Users/huangzhe/Documents/GitHub/OrangeLen/build/DerivedData/ModuleCache.noindex -sdk-module-cache-path /Users/huangzhe/Documents/GitHub/OrangeLen/build/DerivedData/ModuleCache.noindex -serialize-diagnostics -emit-dependencies -emit-module -emit-module-path /Users/huangzhe/Documents/GitHub/OrangeLen/build/DerivedData/Build/Intermediates.noindex/OrangeLen.build/Debug/OrangeLenPreviewBooks.build/Objects-normal/arm64/OrangeLenPreviewBooks.swiftmodule -validate-clang-modules-once -clang-build-session-file /Users/huangzhe/Documents/GitHub/OrangeLen/build/DerivedData/ModuleCache.noindex/Session.modulevalidation -Xcc -I/Users/huangzhe/Documents/GitHub/OrangeLen/build/DerivedData/Build/Intermediates.noindex/OrangeLen.build/Debug/OrangeLenPreviewBooks.build/swift-overrides.hmap -emit-const-values -Xfrontend -const-gather-protocols-file -Xfrontend /Users/huangzhe/Documents/GitHub/OrangeLen/build/DerivedData/Build/Intermediates.noindex/OrangeLen.build/Debug/OrangeLenPreviewBooks.build/Objects-normal/arm64/OrangeLenPreviewBooks_const_extract_protocols.json -Xcc -iquote -Xcc /Users/huangzhe/Documents/GitHub/OrangeLen/build/DerivedData/Build/Intermediates.noindex/OrangeLen.build/Debug/OrangeLenPreviewBooks.build/OrangeLenPreviewBooks-generated-files.hmap -Xcc -I/Users/huangzhe/Documents/GitHub/OrangeLen/build/DerivedData/Build/Intermediates.noindex/OrangeLen.build/Debug/OrangeLenPreviewBooks.build/OrangeLenPreviewBooks-own-target-headers.hmap -Xcc -I/Users/huangzhe/Documents/GitHub/OrangeLen/build/DerivedData/Build/Intermediates.noindex/OrangeLen.build/Debug/OrangeLenPreviewBooks.build/OrangeLenPreviewBooks-all-non-framework-target-headers.hmap -Xcc -ivfsoverlay -Xcc /Users/huangzhe/Documents/GitHub/OrangeLen/build/DerivedData/Build/Intermediates.noindex/OrangeLen.build/Debug/OrangeLen-858e2ff2c7d6a1eb168211f71310dee6-VFS/all-product-headers.yaml -Xcc -iquote -Xcc /Users/huangzhe/Documents/GitHub/OrangeLen/build/DerivedData/Build/Intermediates.noindex/OrangeLen.build/Debug/OrangeLenPreviewBooks.build/OrangeLenPreviewBooks-project-headers.hmap -Xcc -I/Users/huangzhe/Documents/GitHub/OrangeLen/build/DerivedData/SourcePackages/checkouts/swift-cmark/src/include -Xcc -I/Users/huangzhe/Documents/GitHub/OrangeLen/build/DerivedData/SourcePackages/checkouts/swift-cmark/extensions/include -Xcc -I/Users/huangzhe/Documents/GitHub/OrangeLen/build/DerivedData/SourcePackages/checkouts/swift-markdown/Sources/CAtomic/include -Xcc -I/Users/huangzhe/Documents/GitHub/OrangeLen/build/DerivedData/Build/Products/Debug/include -Xcc -I/Users/huangzhe/Documents/GitHub/OrangeLen/build/DerivedData/Build/Intermediates.noindex/OrangeLen.build/Debug/OrangeLenPreviewBooks.build/DerivedSources-normal/arm64 -Xcc -I/Users/huangzhe/Documents/GitHub/OrangeLen/build/DerivedData/Build/Intermediates.noindex/OrangeLen.build/Debug/OrangeLenPreviewBooks.build/DerivedSources/arm64 -Xcc -I/Users/huangzhe/Documents/GitHub/OrangeLen/build/DerivedData/Build/Intermediates.noindex/OrangeLen.build/Debug/OrangeLenPreviewBooks.build/DerivedSources -Xcc -DDEBUG\=1 -emit-objc-header -emit-objc-header-path /Users/huangzhe/Documents/GitHub/OrangeLen/build/DerivedData/Build/Intermediates.noindex/OrangeLen.build/Debug/OrangeLenPreviewBooks.build/Objects-normal/arm64/OrangeLenPreviewBooks-Swift.h -working-directory /Users/huangzhe/Documents/GitHub/OrangeLen -experimental-emit-module-separately -disable-cmo

SwiftDriverJobDiscovery normal arm64 Compiling PreviewViewController.swift (in target 'OrangeLenPreviewFolders' from project 'OrangeLen' at path '/Users/huangzhe/Documents/GitHub/OrangeLen/OrangeLen.xcodeproj')

SwiftDriver\ Compilation OrangeLenPreviewFolders normal arm64 com.apple.xcode.tools.swift.compiler (in target 'OrangeLenPreviewFolders' from project 'OrangeLen' at path '/Users/huangzhe/Documents/GitHub/OrangeLen/OrangeLen.xcodeproj')
    cd /Users/huangzhe/Documents/GitHub/OrangeLen
    builtin-Swift-Compilation -- /Applications/Xcode.app/Contents/Developer/Toolchains/XcodeDefault.xctoolchain/usr/bin/swiftc -module-name OrangeLenPreviewFolders -Onone @/Users/huangzhe/Documents/GitHub/OrangeLen/build/DerivedData/Build/Intermediates.noindex/OrangeLen.build/Debug/OrangeLenPreviewFolders.build/Objects-normal/arm64/OrangeLenPreviewFolders.SwiftFileList -DDEBUG -Xcc -fmodule-map-file\=/Users/huangzhe/Documents/GitHub/OrangeLen/Packages/OrangeLen/Sources/CZlib/module.modulemap -Xcc -fmodule-map-file\=/Users/huangzhe/Documents/GitHub/OrangeLen/Packages/OrangeLen/Sources/CSQLite/module.modulemap -enable-bare-slash-regex -enable-experimental-feature DebugDescriptionMacro -sdk /Applications/Xcode.app/Contents/Developer/Platforms/MacOSX.platform/Developer/SDKs/MacOSX26.5.sdk -target arm64-apple-macos14.0 -g -module-cache-path /Users/huangzhe/Documents/GitHub/OrangeLen/build/DerivedData/ModuleCache.noindex -Xfrontend -serialize-debugging-options -application-extension -enable-testing -index-store-path /Users/huangzhe/Documents/GitHub/OrangeLen/build/DerivedData/Index.noindex/DataStore -Xcc -D_LIBCPP_HARDENING_MODE\=_LIBCPP_HARDENING_MODE_DEBUG -swift-version 5 -I /Users/huangzhe/Documents/GitHub/OrangeLen/build/DerivedData/Build/Products/Debug -F /Users/huangzhe/Documents/GitHub/OrangeLen/build/DerivedData/Build/Products/Debug/PackageFrameworks -F /Users/huangzhe/Documents/GitHub/OrangeLen/build/DerivedData/Build/Products/Debug/PackageFrameworks -F /Users/huangzhe/Documents/GitHub/OrangeLen/build/DerivedData/Build/Products/Debug/PackageFrameworks -F /Users/huangzhe/Documents/GitHub/OrangeLen/build/DerivedData/Build/Products/Debug/PackageFrameworks -F /Users/huangzhe/Documents/GitHub/OrangeLen/build/DerivedData/Build/Products/Debug/PackageFrameworks -F /Users/huangzhe/Documents/GitHub/OrangeLen/build/DerivedData/Build/Products/Debug/PackageFrameworks -F /Users/huangzhe/Documents/GitHub/OrangeLen/build/DerivedData/Build/Products/Debug -parse-as-library -c -j11 -enable-batch-mode -incremental -Xcc -ivfsstatcache -Xcc /Users/huangzhe/Documents/GitHub/OrangeLen/build/DerivedData/SDKStatCaches.noindex/macosx26.5-25F70-e082c4a02f00227109f4ed75e425c832.sdkstatcache -output-file-map /Users/huangzhe/Documents/GitHub/OrangeLen/build/DerivedData/Build/Intermediates.noindex/OrangeLen.build/Debug/OrangeLenPreviewFolders.build/Objects-normal/arm64/OrangeLenPreviewFolders-OutputFileMap.json -use-frontend-parseable-output -save-temps -no-color-diagnostics -explicit-module-build -module-cache-path /Users/huangzhe/Documents/GitHub/OrangeLen/build/DerivedData/Build/Intermediates.noindex/SwiftExplicitPrecompiledModules -clang-scanner-module-cache-path /Users/huangzhe/Documents/GitHub/OrangeLen/build/DerivedData/ModuleCache.noindex -sdk-module-cache-path /Users/huangzhe/Documents/GitHub/OrangeLen/build/DerivedData/ModuleCache.noindex -serialize-diagnostics -emit-dependencies -emit-module -emit-module-path /Users/huangzhe/Documents/GitHub/OrangeLen/build/DerivedData/Build/Intermediates.noindex/OrangeLen.build/Debug/OrangeLenPreviewFolders.build/Objects-normal/arm64/OrangeLenPreviewFolders.swiftmodule -validate-clang-modules-once -clang-build-session-file /Users/huangzhe/Documents/GitHub/OrangeLen/build/DerivedData/ModuleCache.noindex/Session.modulevalidation -Xcc -I/Users/huangzhe/Documents/GitHub/OrangeLen/build/DerivedData/Build/Intermediates.noindex/OrangeLen.build/Debug/OrangeLenPreviewFolders.build/swift-overrides.hmap -emit-const-values -Xfrontend -const-gather-protocols-file -Xfrontend /Users/huangzhe/Documents/GitHub/OrangeLen/build/DerivedData/Build/Intermediates.noindex/OrangeLen.build/Debug/OrangeLenPreviewFolders.build/Objects-normal/arm64/OrangeLenPreviewFolders_const_extract_protocols.json -Xcc -iquote -Xcc /Users/huangzhe/Documents/GitHub/OrangeLen/build/DerivedData/Build/Intermediates.noindex/OrangeLen.build/Debug/OrangeLenPreviewFolders.build/OrangeLenPreviewFolders-generated-files.hmap -Xcc -I/Users/huangzhe/Documents/GitHub/OrangeLen/build/DerivedData/Build/Intermediates.noindex/OrangeLen.build/Debug/OrangeLenPreviewFolders.build/OrangeLenPreviewFolders-own-target-headers.hmap -Xcc -I/Users/huangzhe/Documents/GitHub/OrangeLen/build/DerivedData/Build/Intermediates.noindex/OrangeLen.build/Debug/OrangeLenPreviewFolders.build/OrangeLenPreviewFolders-all-non-framework-target-headers.hmap -Xcc -ivfsoverlay -Xcc /Users/huangzhe/Documents/GitHub/OrangeLen/build/DerivedData/Build/Intermediates.noindex/OrangeLen.build/Debug/OrangeLen-858e2ff2c7d6a1eb168211f71310dee6-VFS/all-product-headers.yaml -Xcc -iquote -Xcc /Users/huangzhe/Documents/GitHub/OrangeLen/build/DerivedData/Build/Intermediates.noindex/OrangeLen.build/Debug/OrangeLenPreviewFolders.build/OrangeLenPreviewFolders-project-headers.hmap -Xcc -I/Users/huangzhe/Documents/GitHub/OrangeLen/build/DerivedData/SourcePackages/checkouts/swift-cmark/src/include -Xcc -I/Users/huangzhe/Documents/GitHub/OrangeLen/build/DerivedData/SourcePackages/checkouts/swift-cmark/extensions/include -Xcc -I/Users/huangzhe/Documents/GitHub/OrangeLen/build/DerivedData/SourcePackages/checkouts/swift-markdown/Sources/CAtomic/include -Xcc -I/Users/huangzhe/Documents/GitHub/OrangeLen/build/DerivedData/Build/Products/Debug/include -Xcc -I/Users/huangzhe/Documents/GitHub/OrangeLen/build/DerivedData/Build/Intermediates.noindex/OrangeLen.build/Debug/OrangeLenPreviewFolders.build/DerivedSources-normal/arm64 -Xcc -I/Users/huangzhe/Documents/GitHub/OrangeLen/build/DerivedData/Build/Intermediates.noindex/OrangeLen.build/Debug/OrangeLenPreviewFolders.build/DerivedSources/arm64 -Xcc -I/Users/huangzhe/Documents/GitHub/OrangeLen/build/DerivedData/Build/Intermediates.noindex/OrangeLen.build/Debug/OrangeLenPreviewFolders.build/DerivedSources -Xcc -DDEBUG\=1 -emit-objc-header -emit-objc-header-path /Users/huangzhe/Documents/GitHub/OrangeLen/build/DerivedData/Build/Intermediates.noindex/OrangeLen.build/Debug/OrangeLenPreviewFolders.build/Objects-normal/arm64/OrangeLenPreviewFolders-Swift.h -working-directory /Users/huangzhe/Documents/GitHub/OrangeLen -experimental-emit-module-separately -disable-cmo

SwiftDriverJobDiscovery normal arm64 Compiling PreviewViewController.swift (in target 'OrangeLenPreviewDrawings' from project 'OrangeLen' at path '/Users/huangzhe/Documents/GitHub/OrangeLen/OrangeLen.xcodeproj')

SwiftDriver\ Compilation OrangeLenPreviewDrawings normal arm64 com.apple.xcode.tools.swift.compiler (in target 'OrangeLenPreviewDrawings' from project 'OrangeLen' at path '/Users/huangzhe/Documents/GitHub/OrangeLen/OrangeLen.xcodeproj')
    cd /Users/huangzhe/Documents/GitHub/OrangeLen
    builtin-Swift-Compilation -- /Applications/Xcode.app/Contents/Developer/Toolchains/XcodeDefault.xctoolchain/usr/bin/swiftc -module-name OrangeLenPreviewDrawings -Onone @/Users/huangzhe/Documents/GitHub/OrangeLen/build/DerivedData/Build/Intermediates.noindex/OrangeLen.build/Debug/OrangeLenPreviewDrawings.build/Objects-normal/arm64/OrangeLenPreviewDrawings.SwiftFileList -DDEBUG -Xcc -fmodule-map-file\=/Users/huangzhe/Documents/GitHub/OrangeLen/Packages/OrangeLen/Sources/CZlib/module.modulemap -Xcc -fmodule-map-file\=/Users/huangzhe/Documents/GitHub/OrangeLen/Packages/OrangeLen/Sources/CSQLite/module.modulemap -enable-bare-slash-regex -enable-experimental-feature DebugDescriptionMacro -sdk /Applications/Xcode.app/Contents/Developer/Platforms/MacOSX.platform/Developer/SDKs/MacOSX26.5.sdk -target arm64-apple-macos14.0 -g -module-cache-path /Users/huangzhe/Documents/GitHub/OrangeLen/build/DerivedData/ModuleCache.noindex -Xfrontend -serialize-debugging-options -application-extension -enable-testing -index-store-path /Users/huangzhe/Documents/GitHub/OrangeLen/build/DerivedData/Index.noindex/DataStore -Xcc -D_LIBCPP_HARDENING_MODE\=_LIBCPP_HARDENING_MODE_DEBUG -swift-version 5 -I /Users/huangzhe/Documents/GitHub/OrangeLen/build/DerivedData/Build/Products/Debug -F /Users/huangzhe/Documents/GitHub/OrangeLen/build/DerivedData/Build/Products/Debug/PackageFrameworks -F /Users/huangzhe/Documents/GitHub/OrangeLen/build/DerivedData/Build/Products/Debug/PackageFrameworks -F /Users/huangzhe/Documents/GitHub/OrangeLen/build/DerivedData/Build/Products/Debug/PackageFrameworks -F /Users/huangzhe/Documents/GitHub/OrangeLen/build/DerivedData/Build/Products/Debug/PackageFrameworks -F /Users/huangzhe/Documents/GitHub/OrangeLen/build/DerivedData/Build/Products/Debug/PackageFrameworks -F /Users/huangzhe/Documents/GitHub/OrangeLen/build/DerivedData/Build/Products/Debug/PackageFrameworks -F /Users/huangzhe/Documents/GitHub/OrangeLen/build/DerivedData/Build/Products/Debug -parse-as-library -c -j11 -enable-batch-mode -incremental -Xcc -ivfsstatcache -Xcc /Users/huangzhe/Documents/GitHub/OrangeLen/build/DerivedData/SDKStatCaches.noindex/macosx26.5-25F70-e082c4a02f00227109f4ed75e425c832.sdkstatcache -output-file-map /Users/huangzhe/Documents/GitHub/OrangeLen/build/DerivedData/Build/Intermediates.noindex/OrangeLen.build/Debug/OrangeLenPreviewDrawings.build/Objects-normal/arm64/OrangeLenPreviewDrawings-OutputFileMap.json -use-frontend-parseable-output -save-temps -no-color-diagnostics -explicit-module-build -module-cache-path /Users/huangzhe/Documents/GitHub/OrangeLen/build/DerivedData/Build/Intermediates.noindex/SwiftExplicitPrecompiledModules -clang-scanner-module-cache-path /Users/huangzhe/Documents/GitHub/OrangeLen/build/DerivedData/ModuleCache.noindex -sdk-module-cache-path /Users/huangzhe/Documents/GitHub/OrangeLen/build/DerivedData/ModuleCache.noindex -serialize-diagnostics -emit-dependencies -emit-module -emit-module-path /Users/huangzhe/Documents/GitHub/OrangeLen/build/DerivedData/Build/Intermediates.noindex/OrangeLen.build/Debug/OrangeLenPreviewDrawings.build/Objects-normal/arm64/OrangeLenPreviewDrawings.swiftmodule -validate-clang-modules-once -clang-build-session-file /Users/huangzhe/Documents/GitHub/OrangeLen/build/DerivedData/ModuleCache.noindex/Session.modulevalidation -Xcc -I/Users/huangzhe/Documents/GitHub/OrangeLen/build/DerivedData/Build/Intermediates.noindex/OrangeLen.build/Debug/OrangeLenPreviewDrawings.build/swift-overrides.hmap -emit-const-values -Xfrontend -const-gather-protocols-file -Xfrontend /Users/huangzhe/Documents/GitHub/OrangeLen/build/DerivedData/Build/Intermediates.noindex/OrangeLen.build/Debug/OrangeLenPreviewDrawings.build/Objects-normal/arm64/OrangeLenPreviewDrawings_const_extract_protocols.json -Xcc -iquote -Xcc /Users/huangzhe/Documents/GitHub/OrangeLen/build/DerivedData/Build/Intermediates.noindex/OrangeLen.build/Debug/OrangeLenPreviewDrawings.build/OrangeLenPreviewDrawings-generated-files.hmap -Xcc -I/Users/huangzhe/Documents/GitHub/OrangeLen/build/DerivedData/Build/Intermediates.noindex/OrangeLen.build/Debug/OrangeLenPreviewDrawings.build/OrangeLenPreviewDrawings-own-target-headers.hmap -Xcc -I/Users/huangzhe/Documents/GitHub/OrangeLen/build/DerivedData/Build/Intermediates.noindex/OrangeLen.build/Debug/OrangeLenPreviewDrawings.build/OrangeLenPreviewDrawings-all-non-framework-target-headers.hmap -Xcc -ivfsoverlay -Xcc /Users/huangzhe/Documents/GitHub/OrangeLen/build/DerivedData/Build/Intermediates.noindex/OrangeLen.build/Debug/OrangeLen-858e2ff2c7d6a1eb168211f71310dee6-VFS/all-product-headers.yaml -Xcc -iquote -Xcc /Users/huangzhe/Documents/GitHub/OrangeLen/build/DerivedData/Build/Intermediates.noindex/OrangeLen.build/Debug/OrangeLenPreviewDrawings.build/OrangeLenPreviewDrawings-project-headers.hmap -Xcc -I/Users/huangzhe/Documents/GitHub/OrangeLen/build/DerivedData/SourcePackages/checkouts/swift-cmark/src/include -Xcc -I/Users/huangzhe/Documents/GitHub/OrangeLen/build/DerivedData/SourcePackages/checkouts/swift-cmark/extensions/include -Xcc -I/Users/huangzhe/Documents/GitHub/OrangeLen/build/DerivedData/SourcePackages/checkouts/swift-markdown/Sources/CAtomic/include -Xcc -I/Users/huangzhe/Documents/GitHub/OrangeLen/build/DerivedData/Build/Products/Debug/include -Xcc -I/Users/huangzhe/Documents/GitHub/OrangeLen/build/DerivedData/Build/Intermediates.noindex/OrangeLen.build/Debug/OrangeLenPreviewDrawings.build/DerivedSources-normal/arm64 -Xcc -I/Users/huangzhe/Documents/GitHub/OrangeLen/build/DerivedData/Build/Intermediates.noindex/OrangeLen.build/Debug/OrangeLenPreviewDrawings.build/DerivedSources/arm64 -Xcc -I/Users/huangzhe/Documents/GitHub/OrangeLen/build/DerivedData/Build/Intermediates.noindex/OrangeLen.build/Debug/OrangeLenPreviewDrawings.build/DerivedSources -Xcc -DDEBUG\=1 -emit-objc-header -emit-objc-header-path /Users/huangzhe/Documents/GitHub/OrangeLen/build/DerivedData/Build/Intermediates.noindex/OrangeLen.build/Debug/OrangeLenPreviewDrawings.build/Objects-normal/arm64/OrangeLenPreviewDrawings-Swift.h -working-directory /Users/huangzhe/Documents/GitHub/OrangeLen -experimental-emit-module-separately -disable-cmo

SwiftDriverJobDiscovery normal arm64 Compiling ReaderController.swift (in target 'OrangeLenUI' from project 'OrangeLen' at path '/Users/huangzhe/Documents/GitHub/OrangeLen/Packages/OrangeLen/Package.swift')

SwiftCompile normal arm64 Compiling\ ArchiveController.swift /Users/huangzhe/Documents/GitHub/OrangeLen/Packages/OrangeLen/Sources/OrangeLenUI/ArchiveController.swift (in target 'OrangeLenUI' from project 'OrangeLen' at path '/Users/huangzhe/Documents/GitHub/OrangeLen/Packages/OrangeLen/Package.swift')

SwiftCompile normal arm64 /Users/huangzhe/Documents/GitHub/OrangeLen/Packages/OrangeLen/Sources/OrangeLenUI/ArchiveController.swift (in target 'OrangeLenUI' from project 'OrangeLen' at path '/Users/huangzhe/Documents/GitHub/OrangeLen/Packages/OrangeLen/Package.swift')
    cd /Users/huangzhe/Documents/GitHub/OrangeLen/OrangeLen.xcodeproj
    

SwiftCompile normal arm64 Compiling\ CollectionController.swift /Users/huangzhe/Documents/GitHub/OrangeLen/Packages/OrangeLen/Sources/OrangeLenUI/CollectionController.swift (in target 'OrangeLenUI' from project 'OrangeLen' at path '/Users/huangzhe/Documents/GitHub/OrangeLen/Packages/OrangeLen/Package.swift')

SwiftCompile normal arm64 /Users/huangzhe/Documents/GitHub/OrangeLen/Packages/OrangeLen/Sources/OrangeLenUI/CollectionController.swift (in target 'OrangeLenUI' from project 'OrangeLen' at path '/Users/huangzhe/Documents/GitHub/OrangeLen/Packages/OrangeLen/Package.swift')
    cd /Users/huangzhe/Documents/GitHub/OrangeLen/OrangeLen.xcodeproj
    

SwiftCompile normal arm64 Compiling\ ReaderRichContent.swift /Users/huangzhe/Documents/GitHub/OrangeLen/Packages/OrangeLen/Sources/OrangeLenUI/ReaderRichContent.swift (in target 'OrangeLenUI' from project 'OrangeLen' at path '/Users/huangzhe/Documents/GitHub/OrangeLen/Packages/OrangeLen/Package.swift')

SwiftCompile normal arm64 /Users/huangzhe/Documents/GitHub/OrangeLen/Packages/OrangeLen/Sources/OrangeLenUI/ReaderRichContent.swift (in target 'OrangeLenUI' from project 'OrangeLen' at path '/Users/huangzhe/Documents/GitHub/OrangeLen/Packages/OrangeLen/Package.swift')
    cd /Users/huangzhe/Documents/GitHub/OrangeLen/OrangeLen.xcodeproj
    

SwiftCompile normal arm64 Compiling\ ReaderSystemPreview.swift /Users/huangzhe/Documents/GitHub/OrangeLen/Packages/OrangeLen/Sources/OrangeLenUI/ReaderSystemPreview.swift (in target 'OrangeLenUI' from project 'OrangeLen' at path '/Users/huangzhe/Documents/GitHub/OrangeLen/Packages/OrangeLen/Package.swift')

SwiftCompile normal arm64 /Users/huangzhe/Documents/GitHub/OrangeLen/Packages/OrangeLen/Sources/OrangeLenUI/ReaderSystemPreview.swift (in target 'OrangeLenUI' from project 'OrangeLen' at path '/Users/huangzhe/Documents/GitHub/OrangeLen/Packages/OrangeLen/Package.swift')
    cd /Users/huangzhe/Documents/GitHub/OrangeLen/OrangeLen.xcodeproj
    

SwiftCompile normal arm64 Compiling\ ReaderSVG.swift /Users/huangzhe/Documents/GitHub/OrangeLen/Packages/OrangeLen/Sources/OrangeLenUI/ReaderSVG.swift (in target 'OrangeLenUI' from project 'OrangeLen' at path '/Users/huangzhe/Documents/GitHub/OrangeLen/Packages/OrangeLen/Package.swift')

SwiftCompile normal arm64 /Users/huangzhe/Documents/GitHub/OrangeLen/Packages/OrangeLen/Sources/OrangeLenUI/ReaderSVG.swift (in target 'OrangeLenUI' from project 'OrangeLen' at path '/Users/huangzhe/Documents/GitHub/OrangeLen/Packages/OrangeLen/Package.swift')
    cd /Users/huangzhe/Documents/GitHub/OrangeLen/OrangeLen.xcodeproj
    

SwiftCompile normal arm64 Compiling\ ReaderExcalidraw.swift /Users/huangzhe/Documents/GitHub/OrangeLen/Packages/OrangeLen/Sources/OrangeLenUI/ReaderExcalidraw.swift (in target 'OrangeLenUI' from project 'OrangeLen' at path '/Users/huangzhe/Documents/GitHub/OrangeLen/Packages/OrangeLen/Package.swift')

SwiftCompile normal arm64 /Users/huangzhe/Documents/GitHub/OrangeLen/Packages/OrangeLen/Sources/OrangeLenUI/ReaderExcalidraw.swift (in target 'OrangeLenUI' from project 'OrangeLen' at path '/Users/huangzhe/Documents/GitHub/OrangeLen/Packages/OrangeLen/Package.swift')
    cd /Users/huangzhe/Documents/GitHub/OrangeLen/OrangeLen.xcodeproj
    

SwiftEmitModule normal arm64 Emitting\ module\ for\ OrangeLen (in target 'OrangeLen' from project 'OrangeLen' at path '/Users/huangzhe/Documents/GitHub/OrangeLen/OrangeLen.xcodeproj')

EmitSwiftModule normal arm64 (in target 'OrangeLen' from project 'OrangeLen' at path '/Users/huangzhe/Documents/GitHub/OrangeLen/OrangeLen.xcodeproj')
    cd /Users/huangzhe/Documents/GitHub/OrangeLen
    

SwiftCompile normal arm64 Compiling\ ReaderMemory.swift /Users/huangzhe/Documents/GitHub/OrangeLen/Packages/OrangeLen/Sources/OrangeLenUI/ReaderMemory.swift (in target 'OrangeLenUI' from project 'OrangeLen' at path '/Users/huangzhe/Documents/GitHub/OrangeLen/Packages/OrangeLen/Package.swift')

SwiftCompile normal arm64 /Users/huangzhe/Documents/GitHub/OrangeLen/Packages/OrangeLen/Sources/OrangeLenUI/ReaderMemory.swift (in target 'OrangeLenUI' from project 'OrangeLen' at path '/Users/huangzhe/Documents/GitHub/OrangeLen/Packages/OrangeLen/Package.swift')
    cd /Users/huangzhe/Documents/GitHub/OrangeLen/OrangeLen.xcodeproj
    

SwiftCompile normal arm64 Compiling\ DiagnosticsController.swift /Users/huangzhe/Documents/GitHub/OrangeLen/App/DiagnosticsController.swift (in target 'OrangeLen' from project 'OrangeLen' at path '/Users/huangzhe/Documents/GitHub/OrangeLen/OrangeLen.xcodeproj')

SwiftCompile normal arm64 /Users/huangzhe/Documents/GitHub/OrangeLen/App/DiagnosticsController.swift (in target 'OrangeLen' from project 'OrangeLen' at path '/Users/huangzhe/Documents/GitHub/OrangeLen/OrangeLen.xcodeproj')
    cd /Users/huangzhe/Documents/GitHub/OrangeLen
    

SwiftCompile normal arm64 Compiling\ AppDelegate.swift /Users/huangzhe/Documents/GitHub/OrangeLen/App/AppDelegate.swift (in target 'OrangeLen' from project 'OrangeLen' at path '/Users/huangzhe/Documents/GitHub/OrangeLen/OrangeLen.xcodeproj')

SwiftCompile normal arm64 /Users/huangzhe/Documents/GitHub/OrangeLen/App/AppDelegate.swift (in target 'OrangeLen' from project 'OrangeLen' at path '/Users/huangzhe/Documents/GitHub/OrangeLen/OrangeLen.xcodeproj')
    cd /Users/huangzhe/Documents/GitHub/OrangeLen
    

SwiftCompile normal arm64 Compiling\ ReaderLocalImages.swift /Users/huangzhe/Documents/GitHub/OrangeLen/Packages/OrangeLen/Sources/OrangeLenUI/ReaderLocalImages.swift (in target 'OrangeLenUI' from project 'OrangeLen' at path '/Users/huangzhe/Documents/GitHub/OrangeLen/Packages/OrangeLen/Package.swift')

SwiftCompile normal arm64 /Users/huangzhe/Documents/GitHub/OrangeLen/Packages/OrangeLen/Sources/OrangeLenUI/ReaderLocalImages.swift (in target 'OrangeLenUI' from project 'OrangeLen' at path '/Users/huangzhe/Documents/GitHub/OrangeLen/Packages/OrangeLen/Package.swift')
    cd /Users/huangzhe/Documents/GitHub/OrangeLen/OrangeLen.xcodeproj
    

SwiftDriverJobDiscovery normal arm64 Compiling ReaderSVG.swift (in target 'OrangeLenUI' from project 'OrangeLen' at path '/Users/huangzhe/Documents/GitHub/OrangeLen/Packages/OrangeLen/Package.swift')

SwiftDriverJobDiscovery normal arm64 Emitting module for OrangeLen (in target 'OrangeLen' from project 'OrangeLen' at path '/Users/huangzhe/Documents/GitHub/OrangeLen/OrangeLen.xcodeproj')

SwiftDriver\ Compilation\ Requirements OrangeLen normal arm64 com.apple.xcode.tools.swift.compiler (in target 'OrangeLen' from project 'OrangeLen' at path '/Users/huangzhe/Documents/GitHub/OrangeLen/OrangeLen.xcodeproj')
    cd /Users/huangzhe/Documents/GitHub/OrangeLen
    builtin-Swift-Compilation-Requirements -- /Applications/Xcode.app/Contents/Developer/Toolchains/XcodeDefault.xctoolchain/usr/bin/swiftc -module-name OrangeLen -Onone @/Users/huangzhe/Documents/GitHub/OrangeLen/build/DerivedData/Build/Intermediates.noindex/OrangeLen.build/Debug/OrangeLen.build/Objects-normal/arm64/OrangeLen.SwiftFileList -DDEBUG -Xcc -fmodule-map-file\=/Users/huangzhe/Documents/GitHub/OrangeLen/Packages/OrangeLen/Sources/CZlib/module.modulemap -Xcc -fmodule-map-file\=/Users/huangzhe/Documents/GitHub/OrangeLen/Packages/OrangeLen/Sources/CSQLite/module.modulemap -enable-bare-slash-regex -enable-experimental-feature DebugDescriptionMacro -sdk /Applications/Xcode.app/Contents/Developer/Platforms/MacOSX.platform/Developer/SDKs/MacOSX26.5.sdk -target arm64-apple-macos14.0 -g -module-cache-path /Users/huangzhe/Documents/GitHub/OrangeLen/build/DerivedData/ModuleCache.noindex -Xfrontend -serialize-debugging-options -enable-testing -index-store-path /Users/huangzhe/Documents/GitHub/OrangeLen/build/DerivedData/Index.noindex/DataStore -Xcc -D_LIBCPP_HARDENING_MODE\=_LIBCPP_HARDENING_MODE_DEBUG -swift-version 5 -I /Users/huangzhe/Documents/GitHub/OrangeLen/build/DerivedData/Build/Products/Debug -F /Users/huangzhe/Documents/GitHub/OrangeLen/build/DerivedData/Build/Products/Debug/PackageFrameworks -F /Users/huangzhe/Documents/GitHub/OrangeLen/build/DerivedData/Build/Products/Debug/PackageFrameworks -F /Users/huangzhe/Documents/GitHub/OrangeLen/build/DerivedData/Build/Products/Debug/PackageFrameworks -F /Users/huangzhe/Documents/GitHub/OrangeLen/build/DerivedData/Build/Products/Debug/PackageFrameworks -F /Users/huangzhe/Documents/GitHub/OrangeLen/build/DerivedData/Build/Products/Debug/PackageFrameworks -F /Users/huangzhe/Documents/GitHub/OrangeLen/build/DerivedData/Build/Products/Debug/PackageFrameworks -F /Users/huangzhe/Documents/GitHub/OrangeLen/build/DerivedData/Build/Products/Debug -c -j11 -enable-batch-mode -incremental -Xcc -ivfsstatcache -Xcc /Users/huangzhe/Documents/GitHub/OrangeLen/build/DerivedData/SDKStatCaches.noindex/macosx26.5-25F70-e082c4a02f00227109f4ed75e425c832.sdkstatcache -output-file-map /Users/huangzhe/Documents/GitHub/OrangeLen/build/DerivedData/Build/Intermediates.noindex/OrangeLen.build/Debug/OrangeLen.build/Objects-normal/arm64/OrangeLen-OutputFileMap.json -use-frontend-parseable-output -save-temps -no-color-diagnostics -explicit-module-build -module-cache-path /Users/huangzhe/Documents/GitHub/OrangeLen/build/DerivedData/Build/Intermediates.noindex/SwiftExplicitPrecompiledModules -clang-scanner-module-cache-path /Users/huangzhe/Documents/GitHub/OrangeLen/build/DerivedData/ModuleCache.noindex -sdk-module-cache-path /Users/huangzhe/Documents/GitHub/OrangeLen/build/DerivedData/ModuleCache.noindex -serialize-diagnostics -emit-dependencies -emit-module -emit-module-path /Users/huangzhe/Documents/GitHub/OrangeLen/build/DerivedData/Build/Intermediates.noindex/OrangeLen.build/Debug/OrangeLen.build/Objects-normal/arm64/OrangeLen.swiftmodule -validate-clang-modules-once -clang-build-session-file /Users/huangzhe/Documents/GitHub/OrangeLen/build/DerivedData/ModuleCache.noindex/Session.modulevalidation -Xcc -I/Users/huangzhe/Documents/GitHub/OrangeLen/build/DerivedData/Build/Intermediates.noindex/OrangeLen.build/Debug/OrangeLen.build/swift-overrides.hmap -emit-const-values -Xfrontend -const-gather-protocols-file -Xfrontend /Users/huangzhe/Documents/GitHub/OrangeLen/build/DerivedData/Build/Intermediates.noindex/OrangeLen.build/Debug/OrangeLen.build/Objects-normal/arm64/OrangeLen_const_extract_protocols.json -Xcc -iquote -Xcc /Users/huangzhe/Documents/GitHub/OrangeLen/build/DerivedData/Build/Intermediates.noindex/OrangeLen.build/Debug/OrangeLen.build/OrangeLen-generated-files.hmap -Xcc -I/Users/huangzhe/Documents/GitHub/OrangeLen/build/DerivedData/Build/Intermediates.noindex/OrangeLen.build/Debug/OrangeLen.build/OrangeLen-own-target-headers.hmap -Xcc -I/Users/huangzhe/Documents/GitHub/OrangeLen/build/DerivedData/Build/Intermediates.noindex/OrangeLen.build/Debug/OrangeLen.build/OrangeLen-all-non-framework-target-headers.hmap -Xcc -ivfsoverlay -Xcc /Users/huangzhe/Documents/GitHub/OrangeLen/build/DerivedData/Build/Intermediates.noindex/OrangeLen.build/Debug/OrangeLen-858e2ff2c7d6a1eb168211f71310dee6-VFS/all-product-headers.yaml -Xcc -iquote -Xcc /Users/huangzhe/Documents/GitHub/OrangeLen/build/DerivedData/Build/Intermediates.noindex/OrangeLen.build/Debug/OrangeLen.build/OrangeLen-project-headers.hmap -Xcc -I/Users/huangzhe/Documents/GitHub/OrangeLen/build/DerivedData/SourcePackages/checkouts/swift-cmark/src/include -Xcc -I/Users/huangzhe/Documents/GitHub/OrangeLen/build/DerivedData/SourcePackages/checkouts/swift-cmark/extensions/include -Xcc -I/Users/huangzhe/Documents/GitHub/OrangeLen/build/DerivedData/SourcePackages/checkouts/swift-markdown/Sources/CAtomic/include -Xcc -I/Users/huangzhe/Documents/GitHub/OrangeLen/build/DerivedData/Build/Products/Debug/include -Xcc -I/Users/huangzhe/Documents/GitHub/OrangeLen/build/DerivedData/Build/Intermediates.noindex/OrangeLen.build/Debug/OrangeLen.build/DerivedSources-normal/arm64 -Xcc -I/Users/huangzhe/Documents/GitHub/OrangeLen/build/DerivedData/Build/Intermediates.noindex/OrangeLen.build/Debug/OrangeLen.build/DerivedSources/arm64 -Xcc -I/Users/huangzhe/Documents/GitHub/OrangeLen/build/DerivedData/Build/Intermediates.noindex/OrangeLen.build/Debug/OrangeLen.build/DerivedSources -Xcc -DDEBUG\=1 -emit-objc-header -emit-objc-header-path /Users/huangzhe/Documents/GitHub/OrangeLen/build/DerivedData/Build/Intermediates.noindex/OrangeLen.build/Debug/OrangeLen.build/Objects-normal/arm64/OrangeLen-Swift.h -working-directory /Users/huangzhe/Documents/GitHub/OrangeLen -experimental-emit-module-separately -disable-cmo

Copy /Users/huangzhe/Documents/GitHub/OrangeLen/build/DerivedData/Build/Products/Debug/OrangeLen.swiftmodule/arm64-apple-macos.abi.json /Users/huangzhe/Documents/GitHub/OrangeLen/build/DerivedData/Build/Intermediates.noindex/OrangeLen.build/Debug/OrangeLen.build/Objects-normal/arm64/OrangeLen.abi.json (in target 'OrangeLen' from project 'OrangeLen' at path '/Users/huangzhe/Documents/GitHub/OrangeLen/OrangeLen.xcodeproj')
    cd /Users/huangzhe/Documents/GitHub/OrangeLen
    builtin-copy -exclude .DS_Store -exclude CVS -exclude .svn -exclude .git -exclude .hg -resolve-src-symlinks -rename /Users/huangzhe/Documents/GitHub/OrangeLen/build/DerivedData/Build/Intermediates.noindex/OrangeLen.build/Debug/OrangeLen.build/Objects-normal/arm64/OrangeLen.abi.json /Users/huangzhe/Documents/GitHub/OrangeLen/build/DerivedData/Build/Products/Debug/OrangeLen.swiftmodule/arm64-apple-macos.abi.json

SwiftDriverJobDiscovery normal arm64 Compiling ReaderExcalidraw.swift (in target 'OrangeLenUI' from project 'OrangeLen' at path '/Users/huangzhe/Documents/GitHub/OrangeLen/Packages/OrangeLen/Package.swift')

SwiftDriverJobDiscovery normal arm64 Compiling ReaderLocalImages.swift (in target 'OrangeLenUI' from project 'OrangeLen' at path '/Users/huangzhe/Documents/GitHub/OrangeLen/Packages/OrangeLen/Package.swift')

SwiftDriverJobDiscovery normal arm64 Compiling ReaderMemory.swift (in target 'OrangeLenUI' from project 'OrangeLen' at path '/Users/huangzhe/Documents/GitHub/OrangeLen/Packages/OrangeLen/Package.swift')

SwiftDriverJobDiscovery normal arm64 Compiling ReaderRichContent.swift (in target 'OrangeLenUI' from project 'OrangeLen' at path '/Users/huangzhe/Documents/GitHub/OrangeLen/Packages/OrangeLen/Package.swift')

SwiftDriverJobDiscovery normal arm64 Compiling AppDelegate.swift (in target 'OrangeLen' from project 'OrangeLen' at path '/Users/huangzhe/Documents/GitHub/OrangeLen/OrangeLen.xcodeproj')

SwiftDriverJobDiscovery normal arm64 Compiling ReaderSystemPreview.swift (in target 'OrangeLenUI' from project 'OrangeLen' at path '/Users/huangzhe/Documents/GitHub/OrangeLen/Packages/OrangeLen/Package.swift')

SwiftDriverJobDiscovery normal arm64 Compiling DiagnosticsController.swift (in target 'OrangeLen' from project 'OrangeLen' at path '/Users/huangzhe/Documents/GitHub/OrangeLen/OrangeLen.xcodeproj')

SwiftDriver\ Compilation OrangeLen normal arm64 com.apple.xcode.tools.swift.compiler (in target 'OrangeLen' from project 'OrangeLen' at path '/Users/huangzhe/Documents/GitHub/OrangeLen/OrangeLen.xcodeproj')
    cd /Users/huangzhe/Documents/GitHub/OrangeLen
    builtin-Swift-Compilation -- /Applications/Xcode.app/Contents/Developer/Toolchains/XcodeDefault.xctoolchain/usr/bin/swiftc -module-name OrangeLen -Onone @/Users/huangzhe/Documents/GitHub/OrangeLen/build/DerivedData/Build/Intermediates.noindex/OrangeLen.build/Debug/OrangeLen.build/Objects-normal/arm64/OrangeLen.SwiftFileList -DDEBUG -Xcc -fmodule-map-file\=/Users/huangzhe/Documents/GitHub/OrangeLen/Packages/OrangeLen/Sources/CZlib/module.modulemap -Xcc -fmodule-map-file\=/Users/huangzhe/Documents/GitHub/OrangeLen/Packages/OrangeLen/Sources/CSQLite/module.modulemap -enable-bare-slash-regex -enable-experimental-feature DebugDescriptionMacro -sdk /Applications/Xcode.app/Contents/Developer/Platforms/MacOSX.platform/Developer/SDKs/MacOSX26.5.sdk -target arm64-apple-macos14.0 -g -module-cache-path /Users/huangzhe/Documents/GitHub/OrangeLen/build/DerivedData/ModuleCache.noindex -Xfrontend -serialize-debugging-options -enable-testing -index-store-path /Users/huangzhe/Documents/GitHub/OrangeLen/build/DerivedData/Index.noindex/DataStore -Xcc -D_LIBCPP_HARDENING_MODE\=_LIBCPP_HARDENING_MODE_DEBUG -swift-version 5 -I /Users/huangzhe/Documents/GitHub/OrangeLen/build/DerivedData/Build/Products/Debug -F /Users/huangzhe/Documents/GitHub/OrangeLen/build/DerivedData/Build/Products/Debug/PackageFrameworks -F /Users/huangzhe/Documents/GitHub/OrangeLen/build/DerivedData/Build/Products/Debug/PackageFrameworks -F /Users/huangzhe/Documents/GitHub/OrangeLen/build/DerivedData/Build/Products/Debug/PackageFrameworks -F /Users/huangzhe/Documents/GitHub/OrangeLen/build/DerivedData/Build/Products/Debug/PackageFrameworks -F /Users/huangzhe/Documents/GitHub/OrangeLen/build/DerivedData/Build/Products/Debug/PackageFrameworks -F /Users/huangzhe/Documents/GitHub/OrangeLen/build/DerivedData/Build/Products/Debug/PackageFrameworks -F /Users/huangzhe/Documents/GitHub/OrangeLen/build/DerivedData/Build/Products/Debug -c -j11 -enable-batch-mode -incremental -Xcc -ivfsstatcache -Xcc /Users/huangzhe/Documents/GitHub/OrangeLen/build/DerivedData/SDKStatCaches.noindex/macosx26.5-25F70-e082c4a02f00227109f4ed75e425c832.sdkstatcache -output-file-map /Users/huangzhe/Documents/GitHub/OrangeLen/build/DerivedData/Build/Intermediates.noindex/OrangeLen.build/Debug/OrangeLen.build/Objects-normal/arm64/OrangeLen-OutputFileMap.json -use-frontend-parseable-output -save-temps -no-color-diagnostics -explicit-module-build -module-cache-path /Users/huangzhe/Documents/GitHub/OrangeLen/build/DerivedData/Build/Intermediates.noindex/SwiftExplicitPrecompiledModules -clang-scanner-module-cache-path /Users/huangzhe/Documents/GitHub/OrangeLen/build/DerivedData/ModuleCache.noindex -sdk-module-cache-path /Users/huangzhe/Documents/GitHub/OrangeLen/build/DerivedData/ModuleCache.noindex -serialize-diagnostics -emit-dependencies -emit-module -emit-module-path /Users/huangzhe/Documents/GitHub/OrangeLen/build/DerivedData/Build/Intermediates.noindex/OrangeLen.build/Debug/OrangeLen.build/Objects-normal/arm64/OrangeLen.swiftmodule -validate-clang-modules-once -clang-build-session-file /Users/huangzhe/Documents/GitHub/OrangeLen/build/DerivedData/ModuleCache.noindex/Session.modulevalidation -Xcc -I/Users/huangzhe/Documents/GitHub/OrangeLen/build/DerivedData/Build/Intermediates.noindex/OrangeLen.build/Debug/OrangeLen.build/swift-overrides.hmap -emit-const-values -Xfrontend -const-gather-protocols-file -Xfrontend /Users/huangzhe/Documents/GitHub/OrangeLen/build/DerivedData/Build/Intermediates.noindex/OrangeLen.build/Debug/OrangeLen.build/Objects-normal/arm64/OrangeLen_const_extract_protocols.json -Xcc -iquote -Xcc /Users/huangzhe/Documents/GitHub/OrangeLen/build/DerivedData/Build/Intermediates.noindex/OrangeLen.build/Debug/OrangeLen.build/OrangeLen-generated-files.hmap -Xcc -I/Users/huangzhe/Documents/GitHub/OrangeLen/build/DerivedData/Build/Intermediates.noindex/OrangeLen.build/Debug/OrangeLen.build/OrangeLen-own-target-headers.hmap -Xcc -I/Users/huangzhe/Documents/GitHub/OrangeLen/build/DerivedData/Build/Intermediates.noindex/OrangeLen.build/Debug/OrangeLen.build/OrangeLen-all-non-framework-target-headers.hmap -Xcc -ivfsoverlay -Xcc /Users/huangzhe/Documents/GitHub/OrangeLen/build/DerivedData/Build/Intermediates.noindex/OrangeLen.build/Debug/OrangeLen-858e2ff2c7d6a1eb168211f71310dee6-VFS/all-product-headers.yaml -Xcc -iquote -Xcc /Users/huangzhe/Documents/GitHub/OrangeLen/build/DerivedData/Build/Intermediates.noindex/OrangeLen.build/Debug/OrangeLen.build/OrangeLen-project-headers.hmap -Xcc -I/Users/huangzhe/Documents/GitHub/OrangeLen/build/DerivedData/SourcePackages/checkouts/swift-cmark/src/include -Xcc -I/Users/huangzhe/Documents/GitHub/OrangeLen/build/DerivedData/SourcePackages/checkouts/swift-cmark/extensions/include -Xcc -I/Users/huangzhe/Documents/GitHub/OrangeLen/build/DerivedData/SourcePackages/checkouts/swift-markdown/Sources/CAtomic/include -Xcc -I/Users/huangzhe/Documents/GitHub/OrangeLen/build/DerivedData/Build/Products/Debug/include -Xcc -I/Users/huangzhe/Documents/GitHub/OrangeLen/build/DerivedData/Build/Intermediates.noindex/OrangeLen.build/Debug/OrangeLen.build/DerivedSources-normal/arm64 -Xcc -I/Users/huangzhe/Documents/GitHub/OrangeLen/build/DerivedData/Build/Intermediates.noindex/OrangeLen.build/Debug/OrangeLen.build/DerivedSources/arm64 -Xcc -I/Users/huangzhe/Documents/GitHub/OrangeLen/build/DerivedData/Build/Intermediates.noindex/OrangeLen.build/Debug/OrangeLen.build/DerivedSources -Xcc -DDEBUG\=1 -emit-objc-header -emit-objc-header-path /Users/huangzhe/Documents/GitHub/OrangeLen/build/DerivedData/Build/Intermediates.noindex/OrangeLen.build/Debug/OrangeLen.build/Objects-normal/arm64/OrangeLen-Swift.h -working-directory /Users/huangzhe/Documents/GitHub/OrangeLen -experimental-emit-module-separately -disable-cmo

SwiftDriverJobDiscovery normal arm64 Compiling CollectionController.swift (in target 'OrangeLenUI' from project 'OrangeLen' at path '/Users/huangzhe/Documents/GitHub/OrangeLen/Packages/OrangeLen/Package.swift')

SwiftDriverJobDiscovery normal arm64 Compiling ArchiveController.swift (in target 'OrangeLenUI' from project 'OrangeLen' at path '/Users/huangzhe/Documents/GitHub/OrangeLen/Packages/OrangeLen/Package.swift')

SwiftDriver\ Compilation OrangeLenUI normal arm64 com.apple.xcode.tools.swift.compiler (in target 'OrangeLenUI' from project 'OrangeLen' at path '/Users/huangzhe/Documents/GitHub/OrangeLen/Packages/OrangeLen/Package.swift')
    cd /Users/huangzhe/Documents/GitHub/OrangeLen/OrangeLen.xcodeproj
    builtin-Swift-Compilation -- /Applications/Xcode.app/Contents/Developer/Toolchains/XcodeDefault.xctoolchain/usr/bin/swiftc -module-name OrangeLenUI -Onone @/Users/huangzhe/Documents/GitHub/OrangeLen/build/DerivedData/Build/Intermediates.noindex/OrangeLen.build/Debug/OrangeLenUI.build/Objects-normal/arm64/OrangeLenUI.SwiftFileList -DSWIFT_PACKAGE -DDEBUG -DSWIFT_MODULE_RESOURCE_BUNDLE_AVAILABLE -Xcc -fmodule-map-file\=/Users/huangzhe/Documents/GitHub/OrangeLen/Packages/OrangeLen/Sources/CZlib/module.modulemap -Xcc -fmodule-map-file\=/Users/huangzhe/Documents/GitHub/OrangeLen/Packages/OrangeLen/Sources/CSQLite/module.modulemap -DXcode -plugin-path /Applications/Xcode.app/Contents/Developer/Toolchains/XcodeDefault.xctoolchain/usr/lib/swift/host/plugins/testing -enable-experimental-feature DebugDescriptionMacro -sdk /Applications/Xcode.app/Contents/Developer/Platforms/MacOSX.platform/Developer/SDKs/MacOSX26.5.sdk -target arm64-apple-macos14.0 -g -module-cache-path /Users/huangzhe/Documents/GitHub/OrangeLen/build/DerivedData/ModuleCache.noindex -Xfrontend -serialize-debugging-options -enable-testing -index-store-path /Users/huangzhe/Documents/GitHub/OrangeLen/build/DerivedData/Index.noindex/DataStore -Xcc -D_LIBCPP_HARDENING_MODE\=_LIBCPP_HARDENING_MODE_DEBUG -swift-version 5 -I /Users/huangzhe/Documents/GitHub/OrangeLen/build/DerivedData/Build/Products/Debug -Isystem /Applications/Xcode.app/Contents/Developer/Platforms/MacOSX.platform/Developer/usr/lib -F /Users/huangzhe/Documents/GitHub/OrangeLen/build/DerivedData/Build/Products/Debug/PackageFrameworks -F /Users/huangzhe/Documents/GitHub/OrangeLen/build/DerivedData/Build/Products/Debug/PackageFrameworks -F /Users/huangzhe/Documents/GitHub/OrangeLen/build/DerivedData/Build/Products/Debug/PackageFrameworks -F /Users/huangzhe/Documents/GitHub/OrangeLen/build/DerivedData/Build/Products/Debug/PackageFrameworks -F /Users/huangzhe/Documents/GitHub/OrangeLen/build/DerivedData/Build/Products/Debug/PackageFrameworks -F /Users/huangzhe/Documents/GitHub/OrangeLen/build/DerivedData/Build/Products/Debug -F /Applications/Xcode.app/Contents/Developer/Platforms/MacOSX.platform/Developer/Library/Frameworks -c -j11 -enable-batch-mode -incremental -Xcc -ivfsstatcache -Xcc /Users/huangzhe/Documents/GitHub/OrangeLen/build/DerivedData/SDKStatCaches.noindex/macosx26.5-25F70-e082c4a02f00227109f4ed75e425c832.sdkstatcache -output-file-map /Users/huangzhe/Documents/GitHub/OrangeLen/build/DerivedData/Build/Intermediates.noindex/OrangeLen.build/Debug/OrangeLenUI.build/Objects-normal/arm64/OrangeLenUI-OutputFileMap.json -use-frontend-parseable-output -save-temps -no-color-diagnostics -explicit-module-build -module-cache-path /Users/huangzhe/Documents/GitHub/OrangeLen/build/DerivedData/Build/Intermediates.noindex/SwiftExplicitPrecompiledModules -clang-scanner-module-cache-path /Users/huangzhe/Documents/GitHub/OrangeLen/build/DerivedData/ModuleCache.noindex -sdk-module-cache-path /Users/huangzhe/Documents/GitHub/OrangeLen/build/DerivedData/ModuleCache.noindex -serialize-diagnostics -emit-dependencies -emit-module -emit-module-path /Users/huangzhe/Documents/GitHub/OrangeLen/build/DerivedData/Build/Intermediates.noindex/OrangeLen.build/Debug/OrangeLenUI.build/Objects-normal/arm64/OrangeLenUI.swiftmodule -validate-clang-modules-once -clang-build-session-file /Users/huangzhe/Documents/GitHub/OrangeLen/build/DerivedData/ModuleCache.noindex/Session.modulevalidation -package-name orangelen -Xcc -I/Users/huangzhe/Documents/GitHub/OrangeLen/build/DerivedData/Build/Intermediates.noindex/OrangeLen.build/Debug/OrangeLenUI.build/swift-overrides.hmap -emit-const-values -Xfrontend -const-gather-protocols-file -Xfrontend /Users/huangzhe/Documents/GitHub/OrangeLen/build/DerivedData/Build/Intermediates.noindex/OrangeLen.build/Debug/OrangeLenUI.build/Objects-normal/arm64/OrangeLenUI_const_extract_protocols.json -Xcc -I/Users/huangzhe/Documents/GitHub/OrangeLen/build/DerivedData/SourcePackages/checkouts/swift-cmark/src/include -Xcc -I/Users/huangzhe/Documents/GitHub/OrangeLen/build/DerivedData/SourcePackages/checkouts/swift-cmark/extensions/include -Xcc -I/Users/huangzhe/Documents/GitHub/OrangeLen/build/DerivedData/SourcePackages/checkouts/swift-markdown/Sources/CAtomic/include -Xcc -I/Users/huangzhe/Documents/GitHub/OrangeLen/build/DerivedData/Build/Products/Debug/include -Xcc -I/Users/huangzhe/Documents/GitHub/OrangeLen/build/DerivedData/Build/Intermediates.noindex/OrangeLen.build/Debug/OrangeLenUI.build/DerivedSources-normal/arm64 -Xcc -I/Users/huangzhe/Documents/GitHub/OrangeLen/build/DerivedData/Build/Intermediates.noindex/OrangeLen.build/Debug/OrangeLenUI.build/DerivedSources/arm64 -Xcc -I/Users/huangzhe/Documents/GitHub/OrangeLen/build/DerivedData/Build/Intermediates.noindex/OrangeLen.build/Debug/OrangeLenUI.build/DerivedSources -Xcc -DSWIFT_PACKAGE -Xcc -DDEBUG\=1 -emit-objc-header -emit-objc-header-path /Users/huangzhe/Documents/GitHub/OrangeLen/build/DerivedData/Build/Intermediates.noindex/OrangeLen.build/Debug/OrangeLenUI.build/Objects-normal/arm64/OrangeLenUI-Swift.h -working-directory /Users/huangzhe/Documents/GitHub/OrangeLen/OrangeLen.xcodeproj -experimental-emit-module-separately -disable-cmo

Ld /Users/huangzhe/Documents/GitHub/OrangeLen/build/DerivedData/Build/Products/Debug/OrangeLenUI.o normal (in target 'OrangeLenUI' from project 'OrangeLen' at path '/Users/huangzhe/Documents/GitHub/OrangeLen/Packages/OrangeLen/Package.swift')
    cd /Users/huangzhe/Documents/GitHub/OrangeLen/Packages/OrangeLen
    /Applications/Xcode.app/Contents/Developer/Toolchains/XcodeDefault.xctoolchain/usr/bin/clang -Xlinker -reproducible -target arm64-apple-macos14.0 -r -isysroot /Applications/Xcode.app/Contents/Developer/Platforms/MacOSX.platform/Developer/SDKs/MacOSX26.5.sdk -O0 -F/Users/huangzhe/Documents/GitHub/OrangeLen/build/DerivedData/Build/Intermediates.noindex/EagerLinkingTBDs/Debug -F/Users/huangzhe/Documents/GitHub/OrangeLen/build/DerivedData/Build/Products/Debug/PackageFrameworks -F/Users/huangzhe/Documents/GitHub/OrangeLen/build/DerivedData/Build/Products/Debug/PackageFrameworks -F/Users/huangzhe/Documents/GitHub/OrangeLen/build/DerivedData/Build/Products/Debug/PackageFrameworks -F/Users/huangzhe/Documents/GitHub/OrangeLen/build/DerivedData/Build/Products/Debug/PackageFrameworks -F/Users/huangzhe/Documents/GitHub/OrangeLen/build/DerivedData/Build/Products/Debug/PackageFrameworks -F/Users/huangzhe/Documents/GitHub/OrangeLen/build/DerivedData/Build/Products/Debug -iframework /Applications/Xcode.app/Contents/Developer/Platforms/MacOSX.platform/Developer/Library/Frameworks -filelist /Users/huangzhe/Documents/GitHub/OrangeLen/build/DerivedData/Build/Intermediates.noindex/OrangeLen.build/Debug/OrangeLenUI.build/Objects-normal/arm64/OrangeLenUI.LinkFileList -nostdlib -Xlinker -object_path_lto -Xlinker /Users/huangzhe/Documents/GitHub/OrangeLen/build/DerivedData/Build/Intermediates.noindex/OrangeLen.build/Debug/OrangeLenUI.build/Objects-normal/arm64/OrangeLenUI_lto.o -Xlinker -no_deduplicate -Xlinker -dependency_info -Xlinker /Users/huangzhe/Documents/GitHub/OrangeLen/build/DerivedData/Build/Intermediates.noindex/OrangeLen.build/Debug/OrangeLenUI.build/Objects-normal/arm64/OrangeLenUI_dependency_info.dat -fobjc-link-runtime -L/Applications/Xcode.app/Contents/Developer/Toolchains/XcodeDefault.xctoolchain/usr/lib/swift/macosx -L/usr/lib/swift -Xlinker -add_ast_path -Xlinker /Users/huangzhe/Documents/GitHub/OrangeLen/build/DerivedData/Build/Intermediates.noindex/OrangeLen.build/Debug/OrangeLenUI.build/Objects-normal/arm64/OrangeLenUI.swiftmodule @/Users/huangzhe/Documents/GitHub/OrangeLen/build/DerivedData/Build/Intermediates.noindex/OrangeLen.build/Debug/OrangeLenUI.build/Objects-normal/arm64/OrangeLenUI-linker-args.resp -o /Users/huangzhe/Documents/GitHub/OrangeLen/build/DerivedData/Build/Products/Debug/OrangeLenUI.o

ExtractAppIntentsMetadata (in target 'OrangeLenUI' from project 'OrangeLen' at path '/Users/huangzhe/Documents/GitHub/OrangeLen/Packages/OrangeLen/Package.swift')
    cd /Users/huangzhe/Documents/GitHub/OrangeLen/Packages/OrangeLen
    /Applications/Xcode.app/Contents/Developer/Toolchains/XcodeDefault.xctoolchain/usr/bin/appintentsmetadataprocessor --toolchain-dir /Applications/Xcode.app/Contents/Developer/Toolchains/XcodeDefault.xctoolchain --module-name OrangeLenUI --sdk-root /Applications/Xcode.app/Contents/Developer/Platforms/MacOSX.platform/Developer/SDKs/MacOSX26.5.sdk --xcode-version 17F42 --platform-family macOS --deployment-target 14.0 --bundle-identifier orangelen.OrangeLenUI --output /Users/huangzhe/Documents/GitHub/OrangeLen/build/DerivedData/Build/Products/Debug/OrangeLenUI.appintents --target-triple arm64-apple-macos14.0 --binary-file /Users/huangzhe/Documents/GitHub/OrangeLen/build/DerivedData/Build/Products/Debug/OrangeLenUI.o --dependency-file /Users/huangzhe/Documents/GitHub/OrangeLen/build/DerivedData/Build/Intermediates.noindex/OrangeLen.build/Debug/OrangeLenUI.build/Objects-normal/arm64/OrangeLenUI_dependency_info.dat --stringsdata-file /Users/huangzhe/Documents/GitHub/OrangeLen/build/DerivedData/Build/Intermediates.noindex/OrangeLen.build/Debug/OrangeLenUI.build/Objects-normal/arm64/ExtractedAppShortcutsMetadata.stringsdata --source-file-list /Users/huangzhe/Documents/GitHub/OrangeLen/build/DerivedData/Build/Intermediates.noindex/OrangeLen.build/Debug/OrangeLenUI.build/Objects-normal/arm64/OrangeLenUI.SwiftFileList --metadata-file-list /Users/huangzhe/Documents/GitHub/OrangeLen/build/DerivedData/Build/Intermediates.noindex/OrangeLen.build/Debug/OrangeLenUI.build/OrangeLenUI.DependencyMetadataFileList --static-metadata-file-list /Users/huangzhe/Documents/GitHub/OrangeLen/build/DerivedData/Build/Intermediates.noindex/OrangeLen.build/Debug/OrangeLenUI.build/OrangeLenUI.DependencyStaticMetadataFileList --swift-const-vals-list /Users/huangzhe/Documents/GitHub/OrangeLen/build/DerivedData/Build/Intermediates.noindex/OrangeLen.build/Debug/OrangeLenUI.build/Objects-normal/arm64/OrangeLenUI.SwiftConstValuesFileList --force --compile-time-extraction --deployment-aware-processing --validate-assistant-intents --no-app-shortcuts-localization
2026-10-08 12:15:47.539 appintentsmetadataprocessor[19464:23244774] Starting appintentsmetadataprocessor export
2026-10-08 12:15:47.561 appintentsmetadataprocessor[19464:23244774] Extracted no relevant App Intents symbols, skipping writing output

RegisterExecutionPolicyException /Users/huangzhe/Documents/GitHub/OrangeLen/build/DerivedData/Build/Products/Debug/OrangeLenUI.o (in target 'OrangeLenUI' from project 'OrangeLen' at path '/Users/huangzhe/Documents/GitHub/OrangeLen/Packages/OrangeLen/Package.swift')
    cd /Users/huangzhe/Documents/GitHub/OrangeLen/Packages/OrangeLen
    builtin-RegisterExecutionPolicyException /Users/huangzhe/Documents/GitHub/OrangeLen/build/DerivedData/Build/Products/Debug/OrangeLenUI.o

ProcessInfoPlistFile /Users/huangzhe/Documents/GitHub/OrangeLen/build/DerivedData/Build/Products/Debug/OrangeLenPreviewFolders.appex/Contents/Info.plist /Users/huangzhe/Documents/GitHub/OrangeLen/PreviewExtension/Generated/Folders-Info.plist (in target 'OrangeLenPreviewFolders' from project 'OrangeLen' at path '/Users/huangzhe/Documents/GitHub/OrangeLen/OrangeLen.xcodeproj')
    cd /Users/huangzhe/Documents/GitHub/OrangeLen
    builtin-infoPlistUtility /Users/huangzhe/Documents/GitHub/OrangeLen/PreviewExtension/Generated/Folders-Info.plist -producttype com.apple.product-type.app-extension -expandbuildsettings -platform macosx -scanforprivacyfile /Users/huangzhe/Documents/GitHub/OrangeLen/build/DerivedData/Build/Products/Debug/OrangeLenPreviewFolders.appex/Contents/Resources/OrangeLen_OrangeLenUI.bundle -o /Users/huangzhe/Documents/GitHub/OrangeLen/build/DerivedData/Build/Products/Debug/OrangeLenPreviewFolders.appex/Contents/Info.plist

ProcessInfoPlistFile /Users/huangzhe/Documents/GitHub/OrangeLen/build/DerivedData/Build/Products/Debug/OrangeLenPreviewData.appex/Contents/Info.plist /Users/huangzhe/Documents/GitHub/OrangeLen/PreviewExtension/Generated/Data-Info.plist (in target 'OrangeLenPreviewData' from project 'OrangeLen' at path '/Users/huangzhe/Documents/GitHub/OrangeLen/OrangeLen.xcodeproj')
    cd /Users/huangzhe/Documents/GitHub/OrangeLen
    builtin-infoPlistUtility /Users/huangzhe/Documents/GitHub/OrangeLen/PreviewExtension/Generated/Data-Info.plist -producttype com.apple.product-type.app-extension -expandbuildsettings -platform macosx -scanforprivacyfile /Users/huangzhe/Documents/GitHub/OrangeLen/build/DerivedData/Build/Products/Debug/OrangeLenPreviewData.appex/Contents/Resources/OrangeLen_OrangeLenUI.bundle -o /Users/huangzhe/Documents/GitHub/OrangeLen/build/DerivedData/Build/Products/Debug/OrangeLenPreviewData.appex/Contents/Info.plist

ProcessInfoPlistFile /Users/huangzhe/Documents/GitHub/OrangeLen/build/DerivedData/Build/Products/Debug/OrangeLenPreviewDrawings.appex/Contents/Info.plist /Users/huangzhe/Documents/GitHub/OrangeLen/PreviewExtension/Generated/Drawings-Info.plist (in target 'OrangeLenPreviewDrawings' from project 'OrangeLen' at path '/Users/huangzhe/Documents/GitHub/OrangeLen/OrangeLen.xcodeproj')
    cd /Users/huangzhe/Documents/GitHub/OrangeLen
    builtin-infoPlistUtility /Users/huangzhe/Documents/GitHub/OrangeLen/PreviewExtension/Generated/Drawings-Info.plist -producttype com.apple.product-type.app-extension -expandbuildsettings -platform macosx -scanforprivacyfile /Users/huangzhe/Documents/GitHub/OrangeLen/build/DerivedData/Build/Products/Debug/OrangeLenPreviewDrawings.appex/Contents/Resources/OrangeLen_OrangeLenUI.bundle -o /Users/huangzhe/Documents/GitHub/OrangeLen/build/DerivedData/Build/Products/Debug/OrangeLenPreviewDrawings.appex/Contents/Info.plist

ProcessInfoPlistFile /Users/huangzhe/Documents/GitHub/OrangeLen/build/DerivedData/Build/Products/Debug/OrangeLenPreviewMarkdown.appex/Contents/Info.plist /Users/huangzhe/Documents/GitHub/OrangeLen/PreviewExtension/Generated/Markdown-Info.plist (in target 'OrangeLenPreviewMarkdown' from project 'OrangeLen' at path '/Users/huangzhe/Documents/GitHub/OrangeLen/OrangeLen.xcodeproj')
    cd /Users/huangzhe/Documents/GitHub/OrangeLen
    builtin-infoPlistUtility /Users/huangzhe/Documents/GitHub/OrangeLen/PreviewExtension/Generated/Markdown-Info.plist -producttype com.apple.product-type.app-extension -expandbuildsettings -platform macosx -scanforprivacyfile /Users/huangzhe/Documents/GitHub/OrangeLen/build/DerivedData/Build/Products/Debug/OrangeLenPreviewMarkdown.appex/Contents/Resources/OrangeLen_OrangeLenUI.bundle -o /Users/huangzhe/Documents/GitHub/OrangeLen/build/DerivedData/Build/Products/Debug/OrangeLenPreviewMarkdown.appex/Contents/Info.plist

ProcessInfoPlistFile /Users/huangzhe/Documents/GitHub/OrangeLen/build/DerivedData/Build/Products/Debug/OrangeLenPreviewBooks.appex/Contents/Info.plist /Users/huangzhe/Documents/GitHub/OrangeLen/PreviewExtension/Generated/Books-Info.plist (in target 'OrangeLenPreviewBooks' from project 'OrangeLen' at path '/Users/huangzhe/Documents/GitHub/OrangeLen/OrangeLen.xcodeproj')
    cd /Users/huangzhe/Documents/GitHub/OrangeLen
    builtin-infoPlistUtility /Users/huangzhe/Documents/GitHub/OrangeLen/PreviewExtension/Generated/Books-Info.plist -producttype com.apple.product-type.app-extension -expandbuildsettings -platform macosx -scanforprivacyfile /Users/huangzhe/Documents/GitHub/OrangeLen/build/DerivedData/Build/Products/Debug/OrangeLenPreviewBooks.appex/Contents/Resources/OrangeLen_OrangeLenUI.bundle -o /Users/huangzhe/Documents/GitHub/OrangeLen/build/DerivedData/Build/Products/Debug/OrangeLenPreviewBooks.appex/Contents/Info.plist

ProcessInfoPlistFile /Users/huangzhe/Documents/GitHub/OrangeLen/build/DerivedData/Build/Products/Debug/OrangeLenPreviewArchives.appex/Contents/Info.plist /Users/huangzhe/Documents/GitHub/OrangeLen/PreviewExtension/Generated/Archives-Info.plist (in target 'OrangeLenPreviewArchives' from project 'OrangeLen' at path '/Users/huangzhe/Documents/GitHub/OrangeLen/OrangeLen.xcodeproj')
    cd /Users/huangzhe/Documents/GitHub/OrangeLen
    builtin-infoPlistUtility /Users/huangzhe/Documents/GitHub/OrangeLen/PreviewExtension/Generated/Archives-Info.plist -producttype com.apple.product-type.app-extension -expandbuildsettings -platform macosx -scanforprivacyfile /Users/huangzhe/Documents/GitHub/OrangeLen/build/DerivedData/Build/Products/Debug/OrangeLenPreviewArchives.appex/Contents/Resources/OrangeLen_OrangeLenUI.bundle -o /Users/huangzhe/Documents/GitHub/OrangeLen/build/DerivedData/Build/Products/Debug/OrangeLenPreviewArchives.appex/Contents/Info.plist

Ld /Users/huangzhe/Documents/GitHub/OrangeLen/build/DerivedData/Build/Products/Debug/OrangeLenPreviewMarkdown.appex/Contents/MacOS/OrangeLenPreviewMarkdown normal (in target 'OrangeLenPreviewMarkdown' from project 'OrangeLen' at path '/Users/huangzhe/Documents/GitHub/OrangeLen/OrangeLen.xcodeproj')
    cd /Users/huangzhe/Documents/GitHub/OrangeLen
    /Applications/Xcode.app/Contents/Developer/Toolchains/XcodeDefault.xctoolchain/usr/bin/clang -Xlinker -reproducible -target arm64-apple-macos14.0 -isysroot /Applications/Xcode.app/Contents/Developer/Platforms/MacOSX.platform/Developer/SDKs/MacOSX26.5.sdk -O0 -L/Users/huangzhe/Documents/GitHub/OrangeLen/build/DerivedData/Build/Intermediates.noindex/EagerLinkingTBDs/Debug -L/Users/huangzhe/Documents/GitHub/OrangeLen/build/DerivedData/Build/Products/Debug -F/Users/huangzhe/Documents/GitHub/OrangeLen/build/DerivedData/Build/Intermediates.noindex/EagerLinkingTBDs/Debug -F/Users/huangzhe/Documents/GitHub/OrangeLen/build/DerivedData/Build/Products/Debug/PackageFrameworks -F/Users/huangzhe/Documents/GitHub/OrangeLen/build/DerivedData/Build/Products/Debug/PackageFrameworks -F/Users/huangzhe/Documents/GitHub/OrangeLen/build/DerivedData/Build/Products/Debug/PackageFrameworks -F/Users/huangzhe/Documents/GitHub/OrangeLen/build/DerivedData/Build/Products/Debug/PackageFrameworks -F/Users/huangzhe/Documents/GitHub/OrangeLen/build/DerivedData/Build/Products/Debug/PackageFrameworks -F/Users/huangzhe/Documents/GitHub/OrangeLen/build/DerivedData/Build/Products/Debug/PackageFrameworks -F/Users/huangzhe/Documents/GitHub/OrangeLen/build/DerivedData/Build/Products/Debug -filelist /Users/huangzhe/Documents/GitHub/OrangeLen/build/DerivedData/Build/Intermediates.noindex/OrangeLen.build/Debug/OrangeLenPreviewMarkdown.build/Objects-normal/arm64/OrangeLenPreviewMarkdown.LinkFileList -Xlinker -rpath -Xlinker /usr/lib/swift -Xlinker -rpath -Xlinker /Users/huangzhe/Documents/GitHub/OrangeLen/build/DerivedData/Build/Products/Debug/PackageFrameworks -Xlinker -rpath -Xlinker @executable_path/../Frameworks -Xlinker -rpath -Xlinker @executable_path/../../../../Frameworks -Xlinker -object_path_lto -Xlinker /Users/huangzhe/Documents/GitHub/OrangeLen/build/DerivedData/Build/Intermediates.noindex/OrangeLen.build/Debug/OrangeLenPreviewMarkdown.build/Objects-normal/arm64/OrangeLenPreviewMarkdown_lto.o -rdynamic -Xlinker -no_deduplicate -Xlinker -dependency_info -Xlinker /Users/huangzhe/Documents/GitHub/OrangeLen/build/DerivedData/Build/Intermediates.noindex/OrangeLen.build/Debug/OrangeLenPreviewMarkdown.build/Objects-normal/arm64/OrangeLenPreviewMarkdown_dependency_info.dat -e _NSExtensionMain -fapplication-extension -fobjc-link-runtime -L/Applications/Xcode.app/Contents/Developer/Toolchains/XcodeDefault.xctoolchain/usr/lib/swift/macosx -L/usr/lib/swift -Xlinker -add_ast_path -Xlinker /Users/huangzhe/Documents/GitHub/OrangeLen/build/DerivedData/Build/Intermediates.noindex/OrangeLen.build/Debug/OrangeLenPreviewMarkdown.build/Objects-normal/arm64/OrangeLenPreviewMarkdown.swiftmodule @/Users/huangzhe/Documents/GitHub/OrangeLen/build/DerivedData/Build/Intermediates.noindex/OrangeLen.build/Debug/OrangeLenPreviewMarkdown.build/Objects-normal/arm64/OrangeLenPreviewMarkdown-linker-args.resp -Wl,-no_warn_duplicate_libraries -Wl,-no_warn_duplicate_libraries -Wl,-no_warn_duplicate_libraries -Wl,-no_warn_duplicate_libraries -Wl,-no_warn_duplicate_libraries -Wl,-no_warn_duplicate_libraries -Xlinker -no_adhoc_codesign -o /Users/huangzhe/Documents/GitHub/OrangeLen/build/DerivedData/Build/Products/Debug/OrangeLenPreviewMarkdown.appex/Contents/MacOS/OrangeLenPreviewMarkdown -Xlinker -add_ast_path -Xlinker /Users/huangzhe/Documents/GitHub/OrangeLen/build/DerivedData/Build/Intermediates.noindex/OrangeLen.build/Debug/OrangeLenUI.build/Objects-normal/arm64/OrangeLenUI.swiftmodule @/Users/huangzhe/Documents/GitHub/OrangeLen/build/DerivedData/Build/Intermediates.noindex/OrangeLen.build/Debug/OrangeLenUI.build/Objects-normal/arm64/OrangeLenUI-linker-args.resp -Xlinker -add_ast_path -Xlinker /Users/huangzhe/Documents/GitHub/OrangeLen/build/DerivedData/Build/Intermediates.noindex/swift-markdown.build/Debug/Markdown.build/Objects-normal/arm64/Markdown.swiftmodule @/Users/huangzhe/Documents/GitHub/OrangeLen/build/DerivedData/Build/Intermediates.noindex/swift-markdown.build/Debug/Markdown.build/Objects-normal/arm64/Markdown-linker-args.resp -Xlinker -add_ast_path -Xlinker /Users/huangzhe/Documents/GitHub/OrangeLen/build/DerivedData/Build/Intermediates.noindex/OrangeLen.build/Debug/OrangeLenCore.build/Objects-normal/arm64/OrangeLenCore.swiftmodule @/Users/huangzhe/Documents/GitHub/OrangeLen/build/DerivedData/Build/Intermediates.noindex/OrangeLen.build/Debug/OrangeLenCore.build/Objects-normal/arm64/OrangeLenCore-linker-args.resp

Ld /Users/huangzhe/Documents/GitHub/OrangeLen/build/DerivedData/Build/Products/Debug/OrangeLenPreviewFolders.appex/Contents/MacOS/OrangeLenPreviewFolders normal (in target 'OrangeLenPreviewFolders' from project 'OrangeLen' at path '/Users/huangzhe/Documents/GitHub/OrangeLen/OrangeLen.xcodeproj')
    cd /Users/huangzhe/Documents/GitHub/OrangeLen
    /Applications/Xcode.app/Contents/Developer/Toolchains/XcodeDefault.xctoolchain/usr/bin/clang -Xlinker -reproducible -target arm64-apple-macos14.0 -isysroot /Applications/Xcode.app/Contents/Developer/Platforms/MacOSX.platform/Developer/SDKs/MacOSX26.5.sdk -O0 -L/Users/huangzhe/Documents/GitHub/OrangeLen/build/DerivedData/Build/Intermediates.noindex/EagerLinkingTBDs/Debug -L/Users/huangzhe/Documents/GitHub/OrangeLen/build/DerivedData/Build/Products/Debug -F/Users/huangzhe/Documents/GitHub/OrangeLen/build/DerivedData/Build/Intermediates.noindex/EagerLinkingTBDs/Debug -F/Users/huangzhe/Documents/GitHub/OrangeLen/build/DerivedData/Build/Products/Debug/PackageFrameworks -F/Users/huangzhe/Documents/GitHub/OrangeLen/build/DerivedData/Build/Products/Debug/PackageFrameworks -F/Users/huangzhe/Documents/GitHub/OrangeLen/build/DerivedData/Build/Products/Debug/PackageFrameworks -F/Users/huangzhe/Documents/GitHub/OrangeLen/build/DerivedData/Build/Products/Debug/PackageFrameworks -F/Users/huangzhe/Documents/GitHub/OrangeLen/build/DerivedData/Build/Products/Debug/PackageFrameworks -F/Users/huangzhe/Documents/GitHub/OrangeLen/build/DerivedData/Build/Products/Debug/PackageFrameworks -F/Users/huangzhe/Documents/GitHub/OrangeLen/build/DerivedData/Build/Products/Debug -filelist /Users/huangzhe/Documents/GitHub/OrangeLen/build/DerivedData/Build/Intermediates.noindex/OrangeLen.build/Debug/OrangeLenPreviewFolders.build/Objects-normal/arm64/OrangeLenPreviewFolders.LinkFileList -Xlinker -rpath -Xlinker /usr/lib/swift -Xlinker -rpath -Xlinker /Users/huangzhe/Documents/GitHub/OrangeLen/build/DerivedData/Build/Products/Debug/PackageFrameworks -Xlinker -rpath -Xlinker @executable_path/../Frameworks -Xlinker -rpath -Xlinker @executable_path/../../../../Frameworks -Xlinker -object_path_lto -Xlinker /Users/huangzhe/Documents/GitHub/OrangeLen/build/DerivedData/Build/Intermediates.noindex/OrangeLen.build/Debug/OrangeLenPreviewFolders.build/Objects-normal/arm64/OrangeLenPreviewFolders_lto.o -rdynamic -Xlinker -no_deduplicate -Xlinker -dependency_info -Xlinker /Users/huangzhe/Documents/GitHub/OrangeLen/build/DerivedData/Build/Intermediates.noindex/OrangeLen.build/Debug/OrangeLenPreviewFolders.build/Objects-normal/arm64/OrangeLenPreviewFolders_dependency_info.dat -e _NSExtensionMain -fapplication-extension -fobjc-link-runtime -L/Applications/Xcode.app/Contents/Developer/Toolchains/XcodeDefault.xctoolchain/usr/lib/swift/macosx -L/usr/lib/swift -Xlinker -add_ast_path -Xlinker /Users/huangzhe/Documents/GitHub/OrangeLen/build/DerivedData/Build/Intermediates.noindex/OrangeLen.build/Debug/OrangeLenPreviewFolders.build/Objects-normal/arm64/OrangeLenPreviewFolders.swiftmodule @/Users/huangzhe/Documents/GitHub/OrangeLen/build/DerivedData/Build/Intermediates.noindex/OrangeLen.build/Debug/OrangeLenPreviewFolders.build/Objects-normal/arm64/OrangeLenPreviewFolders-linker-args.resp -Wl,-no_warn_duplicate_libraries -Wl,-no_warn_duplicate_libraries -Wl,-no_warn_duplicate_libraries -Wl,-no_warn_duplicate_libraries -Wl,-no_warn_duplicate_libraries -Wl,-no_warn_duplicate_libraries -Xlinker -no_adhoc_codesign -o /Users/huangzhe/Documents/GitHub/OrangeLen/build/DerivedData/Build/Products/Debug/OrangeLenPreviewFolders.appex/Contents/MacOS/OrangeLenPreviewFolders -Xlinker -add_ast_path -Xlinker /Users/huangzhe/Documents/GitHub/OrangeLen/build/DerivedData/Build/Intermediates.noindex/OrangeLen.build/Debug/OrangeLenUI.build/Objects-normal/arm64/OrangeLenUI.swiftmodule @/Users/huangzhe/Documents/GitHub/OrangeLen/build/DerivedData/Build/Intermediates.noindex/OrangeLen.build/Debug/OrangeLenUI.build/Objects-normal/arm64/OrangeLenUI-linker-args.resp -Xlinker -add_ast_path -Xlinker /Users/huangzhe/Documents/GitHub/OrangeLen/build/DerivedData/Build/Intermediates.noindex/swift-markdown.build/Debug/Markdown.build/Objects-normal/arm64/Markdown.swiftmodule @/Users/huangzhe/Documents/GitHub/OrangeLen/build/DerivedData/Build/Intermediates.noindex/swift-markdown.build/Debug/Markdown.build/Objects-normal/arm64/Markdown-linker-args.resp -Xlinker -add_ast_path -Xlinker /Users/huangzhe/Documents/GitHub/OrangeLen/build/DerivedData/Build/Intermediates.noindex/OrangeLen.build/Debug/OrangeLenCore.build/Objects-normal/arm64/OrangeLenCore.swiftmodule @/Users/huangzhe/Documents/GitHub/OrangeLen/build/DerivedData/Build/Intermediates.noindex/OrangeLen.build/Debug/OrangeLenCore.build/Objects-normal/arm64/OrangeLenCore-linker-args.resp

Ld /Users/huangzhe/Documents/GitHub/OrangeLen/build/DerivedData/Build/Products/Debug/OrangeLenPreviewDrawings.appex/Contents/MacOS/OrangeLenPreviewDrawings normal (in target 'OrangeLenPreviewDrawings' from project 'OrangeLen' at path '/Users/huangzhe/Documents/GitHub/OrangeLen/OrangeLen.xcodeproj')
    cd /Users/huangzhe/Documents/GitHub/OrangeLen
    /Applications/Xcode.app/Contents/Developer/Toolchains/XcodeDefault.xctoolchain/usr/bin/clang -Xlinker -reproducible -target arm64-apple-macos14.0 -isysroot /Applications/Xcode.app/Contents/Developer/Platforms/MacOSX.platform/Developer/SDKs/MacOSX26.5.sdk -O0 -L/Users/huangzhe/Documents/GitHub/OrangeLen/build/DerivedData/Build/Intermediates.noindex/EagerLinkingTBDs/Debug -L/Users/huangzhe/Documents/GitHub/OrangeLen/build/DerivedData/Build/Products/Debug -F/Users/huangzhe/Documents/GitHub/OrangeLen/build/DerivedData/Build/Intermediates.noindex/EagerLinkingTBDs/Debug -F/Users/huangzhe/Documents/GitHub/OrangeLen/build/DerivedData/Build/Products/Debug/PackageFrameworks -F/Users/huangzhe/Documents/GitHub/OrangeLen/build/DerivedData/Build/Products/Debug/PackageFrameworks -F/Users/huangzhe/Documents/GitHub/OrangeLen/build/DerivedData/Build/Products/Debug/PackageFrameworks -F/Users/huangzhe/Documents/GitHub/OrangeLen/build/DerivedData/Build/Products/Debug/PackageFrameworks -F/Users/huangzhe/Documents/GitHub/OrangeLen/build/DerivedData/Build/Products/Debug/PackageFrameworks -F/Users/huangzhe/Documents/GitHub/OrangeLen/build/DerivedData/Build/Products/Debug/PackageFrameworks -F/Users/huangzhe/Documents/GitHub/OrangeLen/build/DerivedData/Build/Products/Debug -filelist /Users/huangzhe/Documents/GitHub/OrangeLen/build/DerivedData/Build/Intermediates.noindex/OrangeLen.build/Debug/OrangeLenPreviewDrawings.build/Objects-normal/arm64/OrangeLenPreviewDrawings.LinkFileList -Xlinker -rpath -Xlinker /usr/lib/swift -Xlinker -rpath -Xlinker /Users/huangzhe/Documents/GitHub/OrangeLen/build/DerivedData/Build/Products/Debug/PackageFrameworks -Xlinker -rpath -Xlinker @executable_path/../Frameworks -Xlinker -rpath -Xlinker @executable_path/../../../../Frameworks -Xlinker -object_path_lto -Xlinker /Users/huangzhe/Documents/GitHub/OrangeLen/build/DerivedData/Build/Intermediates.noindex/OrangeLen.build/Debug/OrangeLenPreviewDrawings.build/Objects-normal/arm64/OrangeLenPreviewDrawings_lto.o -rdynamic -Xlinker -no_deduplicate -Xlinker -dependency_info -Xlinker /Users/huangzhe/Documents/GitHub/OrangeLen/build/DerivedData/Build/Intermediates.noindex/OrangeLen.build/Debug/OrangeLenPreviewDrawings.build/Objects-normal/arm64/OrangeLenPreviewDrawings_dependency_info.dat -e _NSExtensionMain -fapplication-extension -fobjc-link-runtime -L/Applications/Xcode.app/Contents/Developer/Toolchains/XcodeDefault.xctoolchain/usr/lib/swift/macosx -L/usr/lib/swift -Xlinker -add_ast_path -Xlinker /Users/huangzhe/Documents/GitHub/OrangeLen/build/DerivedData/Build/Intermediates.noindex/OrangeLen.build/Debug/OrangeLenPreviewDrawings.build/Objects-normal/arm64/OrangeLenPreviewDrawings.swiftmodule @/Users/huangzhe/Documents/GitHub/OrangeLen/build/DerivedData/Build/Intermediates.noindex/OrangeLen.build/Debug/OrangeLenPreviewDrawings.build/Objects-normal/arm64/OrangeLenPreviewDrawings-linker-args.resp -Wl,-no_warn_duplicate_libraries -Wl,-no_warn_duplicate_libraries -Wl,-no_warn_duplicate_libraries -Wl,-no_warn_duplicate_libraries -Wl,-no_warn_duplicate_libraries -Wl,-no_warn_duplicate_libraries -Xlinker -no_adhoc_codesign -o /Users/huangzhe/Documents/GitHub/OrangeLen/build/DerivedData/Build/Products/Debug/OrangeLenPreviewDrawings.appex/Contents/MacOS/OrangeLenPreviewDrawings -Xlinker -add_ast_path -Xlinker /Users/huangzhe/Documents/GitHub/OrangeLen/build/DerivedData/Build/Intermediates.noindex/OrangeLen.build/Debug/OrangeLenUI.build/Objects-normal/arm64/OrangeLenUI.swiftmodule @/Users/huangzhe/Documents/GitHub/OrangeLen/build/DerivedData/Build/Intermediates.noindex/OrangeLen.build/Debug/OrangeLenUI.build/Objects-normal/arm64/OrangeLenUI-linker-args.resp -Xlinker -add_ast_path -Xlinker /Users/huangzhe/Documents/GitHub/OrangeLen/build/DerivedData/Build/Intermediates.noindex/swift-markdown.build/Debug/Markdown.build/Objects-normal/arm64/Markdown.swiftmodule @/Users/huangzhe/Documents/GitHub/OrangeLen/build/DerivedData/Build/Intermediates.noindex/swift-markdown.build/Debug/Markdown.build/Objects-normal/arm64/Markdown-linker-args.resp -Xlinker -add_ast_path -Xlinker /Users/huangzhe/Documents/GitHub/OrangeLen/build/DerivedData/Build/Intermediates.noindex/OrangeLen.build/Debug/OrangeLenCore.build/Objects-normal/arm64/OrangeLenCore.swiftmodule @/Users/huangzhe/Documents/GitHub/OrangeLen/build/DerivedData/Build/Intermediates.noindex/OrangeLen.build/Debug/OrangeLenCore.build/Objects-normal/arm64/OrangeLenCore-linker-args.resp

Ld /Users/huangzhe/Documents/GitHub/OrangeLen/build/DerivedData/Build/Products/Debug/OrangeLenPreviewData.appex/Contents/MacOS/OrangeLenPreviewData normal (in target 'OrangeLenPreviewData' from project 'OrangeLen' at path '/Users/huangzhe/Documents/GitHub/OrangeLen/OrangeLen.xcodeproj')
    cd /Users/huangzhe/Documents/GitHub/OrangeLen
    /Applications/Xcode.app/Contents/Developer/Toolchains/XcodeDefault.xctoolchain/usr/bin/clang -Xlinker -reproducible -target arm64-apple-macos14.0 -isysroot /Applications/Xcode.app/Contents/Developer/Platforms/MacOSX.platform/Developer/SDKs/MacOSX26.5.sdk -O0 -L/Users/huangzhe/Documents/GitHub/OrangeLen/build/DerivedData/Build/Intermediates.noindex/EagerLinkingTBDs/Debug -L/Users/huangzhe/Documents/GitHub/OrangeLen/build/DerivedData/Build/Products/Debug -F/Users/huangzhe/Documents/GitHub/OrangeLen/build/DerivedData/Build/Intermediates.noindex/EagerLinkingTBDs/Debug -F/Users/huangzhe/Documents/GitHub/OrangeLen/build/DerivedData/Build/Products/Debug/PackageFrameworks -F/Users/huangzhe/Documents/GitHub/OrangeLen/build/DerivedData/Build/Products/Debug/PackageFrameworks -F/Users/huangzhe/Documents/GitHub/OrangeLen/build/DerivedData/Build/Products/Debug/PackageFrameworks -F/Users/huangzhe/Documents/GitHub/OrangeLen/build/DerivedData/Build/Products/Debug/PackageFrameworks -F/Users/huangzhe/Documents/GitHub/OrangeLen/build/DerivedData/Build/Products/Debug/PackageFrameworks -F/Users/huangzhe/Documents/GitHub/OrangeLen/build/DerivedData/Build/Products/Debug/PackageFrameworks -F/Users/huangzhe/Documents/GitHub/OrangeLen/build/DerivedData/Build/Products/Debug -filelist /Users/huangzhe/Documents/GitHub/OrangeLen/build/DerivedData/Build/Intermediates.noindex/OrangeLen.build/Debug/OrangeLenPreviewData.build/Objects-normal/arm64/OrangeLenPreviewData.LinkFileList -Xlinker -rpath -Xlinker /usr/lib/swift -Xlinker -rpath -Xlinker /Users/huangzhe/Documents/GitHub/OrangeLen/build/DerivedData/Build/Products/Debug/PackageFrameworks -Xlinker -rpath -Xlinker @executable_path/../Frameworks -Xlinker -rpath -Xlinker @executable_path/../../../../Frameworks -Xlinker -object_path_lto -Xlinker /Users/huangzhe/Documents/GitHub/OrangeLen/build/DerivedData/Build/Intermediates.noindex/OrangeLen.build/Debug/OrangeLenPreviewData.build/Objects-normal/arm64/OrangeLenPreviewData_lto.o -rdynamic -Xlinker -no_deduplicate -Xlinker -dependency_info -Xlinker /Users/huangzhe/Documents/GitHub/OrangeLen/build/DerivedData/Build/Intermediates.noindex/OrangeLen.build/Debug/OrangeLenPreviewData.build/Objects-normal/arm64/OrangeLenPreviewData_dependency_info.dat -e _NSExtensionMain -fapplication-extension -fobjc-link-runtime -L/Applications/Xcode.app/Contents/Developer/Toolchains/XcodeDefault.xctoolchain/usr/lib/swift/macosx -L/usr/lib/swift -Xlinker -add_ast_path -Xlinker /Users/huangzhe/Documents/GitHub/OrangeLen/build/DerivedData/Build/Intermediates.noindex/OrangeLen.build/Debug/OrangeLenPreviewData.build/Objects-normal/arm64/OrangeLenPreviewData.swiftmodule @/Users/huangzhe/Documents/GitHub/OrangeLen/build/DerivedData/Build/Intermediates.noindex/OrangeLen.build/Debug/OrangeLenPreviewData.build/Objects-normal/arm64/OrangeLenPreviewData-linker-args.resp -Wl,-no_warn_duplicate_libraries -Wl,-no_warn_duplicate_libraries -Wl,-no_warn_duplicate_libraries -Wl,-no_warn_duplicate_libraries -Wl,-no_warn_duplicate_libraries -Wl,-no_warn_duplicate_libraries -Xlinker -no_adhoc_codesign -o /Users/huangzhe/Documents/GitHub/OrangeLen/build/DerivedData/Build/Products/Debug/OrangeLenPreviewData.appex/Contents/MacOS/OrangeLenPreviewData -Xlinker -add_ast_path -Xlinker /Users/huangzhe/Documents/GitHub/OrangeLen/build/DerivedData/Build/Intermediates.noindex/OrangeLen.build/Debug/OrangeLenUI.build/Objects-normal/arm64/OrangeLenUI.swiftmodule @/Users/huangzhe/Documents/GitHub/OrangeLen/build/DerivedData/Build/Intermediates.noindex/OrangeLen.build/Debug/OrangeLenUI.build/Objects-normal/arm64/OrangeLenUI-linker-args.resp -Xlinker -add_ast_path -Xlinker /Users/huangzhe/Documents/GitHub/OrangeLen/build/DerivedData/Build/Intermediates.noindex/swift-markdown.build/Debug/Markdown.build/Objects-normal/arm64/Markdown.swiftmodule @/Users/huangzhe/Documents/GitHub/OrangeLen/build/DerivedData/Build/Intermediates.noindex/swift-markdown.build/Debug/Markdown.build/Objects-normal/arm64/Markdown-linker-args.resp -Xlinker -add_ast_path -Xlinker /Users/huangzhe/Documents/GitHub/OrangeLen/build/DerivedData/Build/Intermediates.noindex/OrangeLen.build/Debug/OrangeLenCore.build/Objects-normal/arm64/OrangeLenCore.swiftmodule @/Users/huangzhe/Documents/GitHub/OrangeLen/build/DerivedData/Build/Intermediates.noindex/OrangeLen.build/Debug/OrangeLenCore.build/Objects-normal/arm64/OrangeLenCore-linker-args.resp

Ld /Users/huangzhe/Documents/GitHub/OrangeLen/build/DerivedData/Build/Products/Debug/OrangeLenPreviewBooks.appex/Contents/MacOS/OrangeLenPreviewBooks normal (in target 'OrangeLenPreviewBooks' from project 'OrangeLen' at path '/Users/huangzhe/Documents/GitHub/OrangeLen/OrangeLen.xcodeproj')
    cd /Users/huangzhe/Documents/GitHub/OrangeLen
    /Applications/Xcode.app/Contents/Developer/Toolchains/XcodeDefault.xctoolchain/usr/bin/clang -Xlinker -reproducible -target arm64-apple-macos14.0 -isysroot /Applications/Xcode.app/Contents/Developer/Platforms/MacOSX.platform/Developer/SDKs/MacOSX26.5.sdk -O0 -L/Users/huangzhe/Documents/GitHub/OrangeLen/build/DerivedData/Build/Intermediates.noindex/EagerLinkingTBDs/Debug -L/Users/huangzhe/Documents/GitHub/OrangeLen/build/DerivedData/Build/Products/Debug -F/Users/huangzhe/Documents/GitHub/OrangeLen/build/DerivedData/Build/Intermediates.noindex/EagerLinkingTBDs/Debug -F/Users/huangzhe/Documents/GitHub/OrangeLen/build/DerivedData/Build/Products/Debug/PackageFrameworks -F/Users/huangzhe/Documents/GitHub/OrangeLen/build/DerivedData/Build/Products/Debug/PackageFrameworks -F/Users/huangzhe/Documents/GitHub/OrangeLen/build/DerivedData/Build/Products/Debug/PackageFrameworks -F/Users/huangzhe/Documents/GitHub/OrangeLen/build/DerivedData/Build/Products/Debug/PackageFrameworks -F/Users/huangzhe/Documents/GitHub/OrangeLen/build/DerivedData/Build/Products/Debug/PackageFrameworks -F/Users/huangzhe/Documents/GitHub/OrangeLen/build/DerivedData/Build/Products/Debug/PackageFrameworks -F/Users/huangzhe/Documents/GitHub/OrangeLen/build/DerivedData/Build/Products/Debug -filelist /Users/huangzhe/Documents/GitHub/OrangeLen/build/DerivedData/Build/Intermediates.noindex/OrangeLen.build/Debug/OrangeLenPreviewBooks.build/Objects-normal/arm64/OrangeLenPreviewBooks.LinkFileList -Xlinker -rpath -Xlinker /usr/lib/swift -Xlinker -rpath -Xlinker /Users/huangzhe/Documents/GitHub/OrangeLen/build/DerivedData/Build/Products/Debug/PackageFrameworks -Xlinker -rpath -Xlinker @executable_path/../Frameworks -Xlinker -rpath -Xlinker @executable_path/../../../../Frameworks -Xlinker -object_path_lto -Xlinker /Users/huangzhe/Documents/GitHub/OrangeLen/build/DerivedData/Build/Intermediates.noindex/OrangeLen.build/Debug/OrangeLenPreviewBooks.build/Objects-normal/arm64/OrangeLenPreviewBooks_lto.o -rdynamic -Xlinker -no_deduplicate -Xlinker -dependency_info -Xlinker /Users/huangzhe/Documents/GitHub/OrangeLen/build/DerivedData/Build/Intermediates.noindex/OrangeLen.build/Debug/OrangeLenPreviewBooks.build/Objects-normal/arm64/OrangeLenPreviewBooks_dependency_info.dat -e _NSExtensionMain -fapplication-extension -fobjc-link-runtime -L/Applications/Xcode.app/Contents/Developer/Toolchains/XcodeDefault.xctoolchain/usr/lib/swift/macosx -L/usr/lib/swift -Xlinker -add_ast_path -Xlinker /Users/huangzhe/Documents/GitHub/OrangeLen/build/DerivedData/Build/Intermediates.noindex/OrangeLen.build/Debug/OrangeLenPreviewBooks.build/Objects-normal/arm64/OrangeLenPreviewBooks.swiftmodule @/Users/huangzhe/Documents/GitHub/OrangeLen/build/DerivedData/Build/Intermediates.noindex/OrangeLen.build/Debug/OrangeLenPreviewBooks.build/Objects-normal/arm64/OrangeLenPreviewBooks-linker-args.resp -Wl,-no_warn_duplicate_libraries -Wl,-no_warn_duplicate_libraries -Wl,-no_warn_duplicate_libraries -Wl,-no_warn_duplicate_libraries -Wl,-no_warn_duplicate_libraries -Wl,-no_warn_duplicate_libraries -Xlinker -no_adhoc_codesign -o /Users/huangzhe/Documents/GitHub/OrangeLen/build/DerivedData/Build/Products/Debug/OrangeLenPreviewBooks.appex/Contents/MacOS/OrangeLenPreviewBooks -Xlinker -add_ast_path -Xlinker /Users/huangzhe/Documents/GitHub/OrangeLen/build/DerivedData/Build/Intermediates.noindex/OrangeLen.build/Debug/OrangeLenUI.build/Objects-normal/arm64/OrangeLenUI.swiftmodule @/Users/huangzhe/Documents/GitHub/OrangeLen/build/DerivedData/Build/Intermediates.noindex/OrangeLen.build/Debug/OrangeLenUI.build/Objects-normal/arm64/OrangeLenUI-linker-args.resp -Xlinker -add_ast_path -Xlinker /Users/huangzhe/Documents/GitHub/OrangeLen/build/DerivedData/Build/Intermediates.noindex/swift-markdown.build/Debug/Markdown.build/Objects-normal/arm64/Markdown.swiftmodule @/Users/huangzhe/Documents/GitHub/OrangeLen/build/DerivedData/Build/Intermediates.noindex/swift-markdown.build/Debug/Markdown.build/Objects-normal/arm64/Markdown-linker-args.resp -Xlinker -add_ast_path -Xlinker /Users/huangzhe/Documents/GitHub/OrangeLen/build/DerivedData/Build/Intermediates.noindex/OrangeLen.build/Debug/OrangeLenCore.build/Objects-normal/arm64/OrangeLenCore.swiftmodule @/Users/huangzhe/Documents/GitHub/OrangeLen/build/DerivedData/Build/Intermediates.noindex/OrangeLen.build/Debug/OrangeLenCore.build/Objects-normal/arm64/OrangeLenCore-linker-args.resp

Ld /Users/huangzhe/Documents/GitHub/OrangeLen/build/DerivedData/Build/Products/Debug/OrangeLenPreviewArchives.appex/Contents/MacOS/OrangeLenPreviewArchives normal (in target 'OrangeLenPreviewArchives' from project 'OrangeLen' at path '/Users/huangzhe/Documents/GitHub/OrangeLen/OrangeLen.xcodeproj')
    cd /Users/huangzhe/Documents/GitHub/OrangeLen
    /Applications/Xcode.app/Contents/Developer/Toolchains/XcodeDefault.xctoolchain/usr/bin/clang -Xlinker -reproducible -target arm64-apple-macos14.0 -isysroot /Applications/Xcode.app/Contents/Developer/Platforms/MacOSX.platform/Developer/SDKs/MacOSX26.5.sdk -O0 -L/Users/huangzhe/Documents/GitHub/OrangeLen/build/DerivedData/Build/Intermediates.noindex/EagerLinkingTBDs/Debug -L/Users/huangzhe/Documents/GitHub/OrangeLen/build/DerivedData/Build/Products/Debug -F/Users/huangzhe/Documents/GitHub/OrangeLen/build/DerivedData/Build/Intermediates.noindex/EagerLinkingTBDs/Debug -F/Users/huangzhe/Documents/GitHub/OrangeLen/build/DerivedData/Build/Products/Debug/PackageFrameworks -F/Users/huangzhe/Documents/GitHub/OrangeLen/build/DerivedData/Build/Products/Debug/PackageFrameworks -F/Users/huangzhe/Documents/GitHub/OrangeLen/build/DerivedData/Build/Products/Debug/PackageFrameworks -F/Users/huangzhe/Documents/GitHub/OrangeLen/build/DerivedData/Build/Products/Debug/PackageFrameworks -F/Users/huangzhe/Documents/GitHub/OrangeLen/build/DerivedData/Build/Products/Debug/PackageFrameworks -F/Users/huangzhe/Documents/GitHub/OrangeLen/build/DerivedData/Build/Products/Debug/PackageFrameworks -F/Users/huangzhe/Documents/GitHub/OrangeLen/build/DerivedData/Build/Products/Debug -filelist /Users/huangzhe/Documents/GitHub/OrangeLen/build/DerivedData/Build/Intermediates.noindex/OrangeLen.build/Debug/OrangeLenPreviewArchives.build/Objects-normal/arm64/OrangeLenPreviewArchives.LinkFileList -Xlinker -rpath -Xlinker /usr/lib/swift -Xlinker -rpath -Xlinker /Users/huangzhe/Documents/GitHub/OrangeLen/build/DerivedData/Build/Products/Debug/PackageFrameworks -Xlinker -rpath -Xlinker @executable_path/../Frameworks -Xlinker -rpath -Xlinker @executable_path/../../../../Frameworks -Xlinker -object_path_lto -Xlinker /Users/huangzhe/Documents/GitHub/OrangeLen/build/DerivedData/Build/Intermediates.noindex/OrangeLen.build/Debug/OrangeLenPreviewArchives.build/Objects-normal/arm64/OrangeLenPreviewArchives_lto.o -rdynamic -Xlinker -no_deduplicate -Xlinker -dependency_info -Xlinker /Users/huangzhe/Documents/GitHub/OrangeLen/build/DerivedData/Build/Intermediates.noindex/OrangeLen.build/Debug/OrangeLenPreviewArchives.build/Objects-normal/arm64/OrangeLenPreviewArchives_dependency_info.dat -e _NSExtensionMain -fapplication-extension -fobjc-link-runtime -L/Applications/Xcode.app/Contents/Developer/Toolchains/XcodeDefault.xctoolchain/usr/lib/swift/macosx -L/usr/lib/swift -Xlinker -add_ast_path -Xlinker /Users/huangzhe/Documents/GitHub/OrangeLen/build/DerivedData/Build/Intermediates.noindex/OrangeLen.build/Debug/OrangeLenPreviewArchives.build/Objects-normal/arm64/OrangeLenPreviewArchives.swiftmodule @/Users/huangzhe/Documents/GitHub/OrangeLen/build/DerivedData/Build/Intermediates.noindex/OrangeLen.build/Debug/OrangeLenPreviewArchives.build/Objects-normal/arm64/OrangeLenPreviewArchives-linker-args.resp -Wl,-no_warn_duplicate_libraries -Wl,-no_warn_duplicate_libraries -Wl,-no_warn_duplicate_libraries -Wl,-no_warn_duplicate_libraries -Wl,-no_warn_duplicate_libraries -Wl,-no_warn_duplicate_libraries -Xlinker -no_adhoc_codesign -o /Users/huangzhe/Documents/GitHub/OrangeLen/build/DerivedData/Build/Products/Debug/OrangeLenPreviewArchives.appex/Contents/MacOS/OrangeLenPreviewArchives -Xlinker -add_ast_path -Xlinker /Users/huangzhe/Documents/GitHub/OrangeLen/build/DerivedData/Build/Intermediates.noindex/OrangeLen.build/Debug/OrangeLenUI.build/Objects-normal/arm64/OrangeLenUI.swiftmodule @/Users/huangzhe/Documents/GitHub/OrangeLen/build/DerivedData/Build/Intermediates.noindex/OrangeLen.build/Debug/OrangeLenUI.build/Objects-normal/arm64/OrangeLenUI-linker-args.resp -Xlinker -add_ast_path -Xlinker /Users/huangzhe/Documents/GitHub/OrangeLen/build/DerivedData/Build/Intermediates.noindex/swift-markdown.build/Debug/Markdown.build/Objects-normal/arm64/Markdown.swiftmodule @/Users/huangzhe/Documents/GitHub/OrangeLen/build/DerivedData/Build/Intermediates.noindex/swift-markdown.build/Debug/Markdown.build/Objects-normal/arm64/Markdown-linker-args.resp -Xlinker -add_ast_path -Xlinker /Users/huangzhe/Documents/GitHub/OrangeLen/build/DerivedData/Build/Intermediates.noindex/OrangeLen.build/Debug/OrangeLenCore.build/Objects-normal/arm64/OrangeLenCore.swiftmodule @/Users/huangzhe/Documents/GitHub/OrangeLen/build/DerivedData/Build/Intermediates.noindex/OrangeLen.build/Debug/OrangeLenCore.build/Objects-normal/arm64/OrangeLenCore-linker-args.resp

Ld /Users/huangzhe/Documents/GitHub/OrangeLen/build/DerivedData/Build/Products/Debug/OrangeLenPreview.appex/Contents/MacOS/OrangeLenPreview normal (in target 'OrangeLenPreview' from project 'OrangeLen' at path '/Users/huangzhe/Documents/GitHub/OrangeLen/OrangeLen.xcodeproj')
    cd /Users/huangzhe/Documents/GitHub/OrangeLen
    /Applications/Xcode.app/Contents/Developer/Toolchains/XcodeDefault.xctoolchain/usr/bin/clang -Xlinker -reproducible -target arm64-apple-macos14.0 -isysroot /Applications/Xcode.app/Contents/Developer/Platforms/MacOSX.platform/Developer/SDKs/MacOSX26.5.sdk -O0 -L/Users/huangzhe/Documents/GitHub/OrangeLen/build/DerivedData/Build/Intermediates.noindex/EagerLinkingTBDs/Debug -L/Users/huangzhe/Documents/GitHub/OrangeLen/build/DerivedData/Build/Products/Debug -F/Users/huangzhe/Documents/GitHub/OrangeLen/build/DerivedData/Build/Intermediates.noindex/EagerLinkingTBDs/Debug -F/Users/huangzhe/Documents/GitHub/OrangeLen/build/DerivedData/Build/Products/Debug/PackageFrameworks -F/Users/huangzhe/Documents/GitHub/OrangeLen/build/DerivedData/Build/Products/Debug/PackageFrameworks -F/Users/huangzhe/Documents/GitHub/OrangeLen/build/DerivedData/Build/Products/Debug/PackageFrameworks -F/Users/huangzhe/Documents/GitHub/OrangeLen/build/DerivedData/Build/Products/Debug/PackageFrameworks -F/Users/huangzhe/Documents/GitHub/OrangeLen/build/DerivedData/Build/Products/Debug/PackageFrameworks -F/Users/huangzhe/Documents/GitHub/OrangeLen/build/DerivedData/Build/Products/Debug/PackageFrameworks -F/Users/huangzhe/Documents/GitHub/OrangeLen/build/DerivedData/Build/Products/Debug -filelist /Users/huangzhe/Documents/GitHub/OrangeLen/build/DerivedData/Build/Intermediates.noindex/OrangeLen.build/Debug/OrangeLenPreview.build/Objects-normal/arm64/OrangeLenPreview.LinkFileList -Xlinker -rpath -Xlinker /usr/lib/swift -Xlinker -rpath -Xlinker /Users/huangzhe/Documents/GitHub/OrangeLen/build/DerivedData/Build/Products/Debug/PackageFrameworks -Xlinker -rpath -Xlinker @executable_path/../Frameworks -Xlinker -rpath -Xlinker @executable_path/../../../../Frameworks -Xlinker -object_path_lto -Xlinker /Users/huangzhe/Documents/GitHub/OrangeLen/build/DerivedData/Build/Intermediates.noindex/OrangeLen.build/Debug/OrangeLenPreview.build/Objects-normal/arm64/OrangeLenPreview_lto.o -rdynamic -Xlinker -no_deduplicate -Xlinker -dependency_info -Xlinker /Users/huangzhe/Documents/GitHub/OrangeLen/build/DerivedData/Build/Intermediates.noindex/OrangeLen.build/Debug/OrangeLenPreview.build/Objects-normal/arm64/OrangeLenPreview_dependency_info.dat -e _NSExtensionMain -fapplication-extension -fobjc-link-runtime -L/Applications/Xcode.app/Contents/Developer/Toolchains/XcodeDefault.xctoolchain/usr/lib/swift/macosx -L/usr/lib/swift -Xlinker -add_ast_path -Xlinker /Users/huangzhe/Documents/GitHub/OrangeLen/build/DerivedData/Build/Intermediates.noindex/OrangeLen.build/Debug/OrangeLenPreview.build/Objects-normal/arm64/OrangeLenPreview.swiftmodule @/Users/huangzhe/Documents/GitHub/OrangeLen/build/DerivedData/Build/Intermediates.noindex/OrangeLen.build/Debug/OrangeLenPreview.build/Objects-normal/arm64/OrangeLenPreview-linker-args.resp -Wl,-no_warn_duplicate_libraries -Wl,-no_warn_duplicate_libraries -Wl,-no_warn_duplicate_libraries -Wl,-no_warn_duplicate_libraries -Wl,-no_warn_duplicate_libraries -Wl,-no_warn_duplicate_libraries -Xlinker -no_adhoc_codesign -o /Users/huangzhe/Documents/GitHub/OrangeLen/build/DerivedData/Build/Products/Debug/OrangeLenPreview.appex/Contents/MacOS/OrangeLenPreview -Xlinker -add_ast_path -Xlinker /Users/huangzhe/Documents/GitHub/OrangeLen/build/DerivedData/Build/Intermediates.noindex/OrangeLen.build/Debug/OrangeLenUI.build/Objects-normal/arm64/OrangeLenUI.swiftmodule @/Users/huangzhe/Documents/GitHub/OrangeLen/build/DerivedData/Build/Intermediates.noindex/OrangeLen.build/Debug/OrangeLenUI.build/Objects-normal/arm64/OrangeLenUI-linker-args.resp -Xlinker -add_ast_path -Xlinker /Users/huangzhe/Documents/GitHub/OrangeLen/build/DerivedData/Build/Intermediates.noindex/swift-markdown.build/Debug/Markdown.build/Objects-normal/arm64/Markdown.swiftmodule @/Users/huangzhe/Documents/GitHub/OrangeLen/build/DerivedData/Build/Intermediates.noindex/swift-markdown.build/Debug/Markdown.build/Objects-normal/arm64/Markdown-linker-args.resp -Xlinker -add_ast_path -Xlinker /Users/huangzhe/Documents/GitHub/OrangeLen/build/DerivedData/Build/Intermediates.noindex/OrangeLen.build/Debug/OrangeLenCore.build/Objects-normal/arm64/OrangeLenCore.swiftmodule @/Users/huangzhe/Documents/GitHub/OrangeLen/build/DerivedData/Build/Intermediates.noindex/OrangeLen.build/Debug/OrangeLenCore.build/Objects-normal/arm64/OrangeLenCore-linker-args.resp

ProcessInfoPlistFile /Users/huangzhe/Documents/GitHub/OrangeLen/build/DerivedData/Build/Products/Debug/OrangeLenPreview.appex/Contents/Info.plist /Users/huangzhe/Documents/GitHub/OrangeLen/PreviewExtension/Info.plist (in target 'OrangeLenPreview' from project 'OrangeLen' at path '/Users/huangzhe/Documents/GitHub/OrangeLen/OrangeLen.xcodeproj')
    cd /Users/huangzhe/Documents/GitHub/OrangeLen
    builtin-infoPlistUtility /Users/huangzhe/Documents/GitHub/OrangeLen/PreviewExtension/Info.plist -producttype com.apple.product-type.app-extension -expandbuildsettings -platform macosx -scanforprivacyfile /Users/huangzhe/Documents/GitHub/OrangeLen/build/DerivedData/Build/Products/Debug/OrangeLenPreview.appex/Contents/Resources/OrangeLen_OrangeLenUI.bundle -o /Users/huangzhe/Documents/GitHub/OrangeLen/build/DerivedData/Build/Products/Debug/OrangeLenPreview.appex/Contents/Info.plist

Copy /Users/huangzhe/Documents/GitHub/OrangeLen/build/DerivedData/Build/Products/Debug/OrangeLenPreviewArchives.appex/Contents/XPCServices/OrangeLenImageBroker.xpc /Users/huangzhe/Documents/GitHub/OrangeLen/build/DerivedData/Build/Products/Debug/OrangeLenImageBroker.xpc (in target 'OrangeLenPreviewArchives' from project 'OrangeLen' at path '/Users/huangzhe/Documents/GitHub/OrangeLen/OrangeLen.xcodeproj')
    cd /Users/huangzhe/Documents/GitHub/OrangeLen
    builtin-copy -exclude .DS_Store -exclude CVS -exclude .svn -exclude .git -exclude .hg -exclude Headers -exclude PrivateHeaders -exclude Modules -exclude \*.tbd -resolve-src-symlinks -remove-static-executable /Users/huangzhe/Documents/GitHub/OrangeLen/build/DerivedData/Build/Products/Debug/OrangeLenImageBroker.xpc /Users/huangzhe/Documents/GitHub/OrangeLen/build/DerivedData/Build/Products/Debug/OrangeLenPreviewArchives.appex/Contents/XPCServices

Copy /Users/huangzhe/Documents/GitHub/OrangeLen/build/DerivedData/Build/Products/Debug/OrangeLenPreviewArchives.appex/Contents/XPCServices/OrangeLenDocumentBroker.xpc /Users/huangzhe/Documents/GitHub/OrangeLen/build/DerivedData/Build/Products/Debug/OrangeLenDocumentBroker.xpc (in target 'OrangeLenPreviewArchives' from project 'OrangeLen' at path '/Users/huangzhe/Documents/GitHub/OrangeLen/OrangeLen.xcodeproj')
    cd /Users/huangzhe/Documents/GitHub/OrangeLen
    builtin-copy -exclude .DS_Store -exclude CVS -exclude .svn -exclude .git -exclude .hg -exclude Headers -exclude PrivateHeaders -exclude Modules -exclude \*.tbd -resolve-src-symlinks -remove-static-executable /Users/huangzhe/Documents/GitHub/OrangeLen/build/DerivedData/Build/Products/Debug/OrangeLenDocumentBroker.xpc /Users/huangzhe/Documents/GitHub/OrangeLen/build/DerivedData/Build/Products/Debug/OrangeLenPreviewArchives.appex/Contents/XPCServices

Copy /Users/huangzhe/Documents/GitHub/OrangeLen/build/DerivedData/Build/Products/Debug/OrangeLenPreviewMarkdown.appex/Contents/XPCServices/OrangeLenImageBroker.xpc /Users/huangzhe/Documents/GitHub/OrangeLen/build/DerivedData/Build/Products/Debug/OrangeLenImageBroker.xpc (in target 'OrangeLenPreviewMarkdown' from project 'OrangeLen' at path '/Users/huangzhe/Documents/GitHub/OrangeLen/OrangeLen.xcodeproj')
    cd /Users/huangzhe/Documents/GitHub/OrangeLen
    builtin-copy -exclude .DS_Store -exclude CVS -exclude .svn -exclude .git -exclude .hg -exclude Headers -exclude PrivateHeaders -exclude Modules -exclude \*.tbd -resolve-src-symlinks -remove-static-executable /Users/huangzhe/Documents/GitHub/OrangeLen/build/DerivedData/Build/Products/Debug/OrangeLenImageBroker.xpc /Users/huangzhe/Documents/GitHub/OrangeLen/build/DerivedData/Build/Products/Debug/OrangeLenPreviewMarkdown.appex/Contents/XPCServices

Copy /Users/huangzhe/Documents/GitHub/OrangeLen/build/DerivedData/Build/Products/Debug/OrangeLenPreviewMarkdown.appex/Contents/XPCServices/OrangeLenDocumentBroker.xpc /Users/huangzhe/Documents/GitHub/OrangeLen/build/DerivedData/Build/Products/Debug/OrangeLenDocumentBroker.xpc (in target 'OrangeLenPreviewMarkdown' from project 'OrangeLen' at path '/Users/huangzhe/Documents/GitHub/OrangeLen/OrangeLen.xcodeproj')
    cd /Users/huangzhe/Documents/GitHub/OrangeLen
    builtin-copy -exclude .DS_Store -exclude CVS -exclude .svn -exclude .git -exclude .hg -exclude Headers -exclude PrivateHeaders -exclude Modules -exclude \*.tbd -resolve-src-symlinks -remove-static-executable /Users/huangzhe/Documents/GitHub/OrangeLen/build/DerivedData/Build/Products/Debug/OrangeLenDocumentBroker.xpc /Users/huangzhe/Documents/GitHub/OrangeLen/build/DerivedData/Build/Products/Debug/OrangeLenPreviewMarkdown.appex/Contents/XPCServices

Copy /Users/huangzhe/Documents/GitHub/OrangeLen/build/DerivedData/Build/Products/Debug/OrangeLenPreviewFolders.appex/Contents/XPCServices/OrangeLenDocumentBroker.xpc /Users/huangzhe/Documents/GitHub/OrangeLen/build/DerivedData/Build/Products/Debug/OrangeLenDocumentBroker.xpc (in target 'OrangeLenPreviewFolders' from project 'OrangeLen' at path '/Users/huangzhe/Documents/GitHub/OrangeLen/OrangeLen.xcodeproj')
    cd /Users/huangzhe/Documents/GitHub/OrangeLen
    builtin-copy -exclude .DS_Store -exclude CVS -exclude .svn -exclude .git -exclude .hg -exclude Headers -exclude PrivateHeaders -exclude Modules -exclude \*.tbd -resolve-src-symlinks -remove-static-executable /Users/huangzhe/Documents/GitHub/OrangeLen/build/DerivedData/Build/Products/Debug/OrangeLenDocumentBroker.xpc /Users/huangzhe/Documents/GitHub/OrangeLen/build/DerivedData/Build/Products/Debug/OrangeLenPreviewFolders.appex/Contents/XPCServices

Copy /Users/huangzhe/Documents/GitHub/OrangeLen/build/DerivedData/Build/Products/Debug/OrangeLenPreviewFolders.appex/Contents/XPCServices/OrangeLenImageBroker.xpc /Users/huangzhe/Documents/GitHub/OrangeLen/build/DerivedData/Build/Products/Debug/OrangeLenImageBroker.xpc (in target 'OrangeLenPreviewFolders' from project 'OrangeLen' at path '/Users/huangzhe/Documents/GitHub/OrangeLen/OrangeLen.xcodeproj')
    cd /Users/huangzhe/Documents/GitHub/OrangeLen
    builtin-copy -exclude .DS_Store -exclude CVS -exclude .svn -exclude .git -exclude .hg -exclude Headers -exclude PrivateHeaders -exclude Modules -exclude \*.tbd -resolve-src-symlinks -remove-static-executable /Users/huangzhe/Documents/GitHub/OrangeLen/build/DerivedData/Build/Products/Debug/OrangeLenImageBroker.xpc /Users/huangzhe/Documents/GitHub/OrangeLen/build/DerivedData/Build/Products/Debug/OrangeLenPreviewFolders.appex/Contents/XPCServices

Copy /Users/huangzhe/Documents/GitHub/OrangeLen/build/DerivedData/Build/Products/Debug/OrangeLenPreviewData.appex/Contents/XPCServices/OrangeLenImageBroker.xpc /Users/huangzhe/Documents/GitHub/OrangeLen/build/DerivedData/Build/Products/Debug/OrangeLenImageBroker.xpc (in target 'OrangeLenPreviewData' from project 'OrangeLen' at path '/Users/huangzhe/Documents/GitHub/OrangeLen/OrangeLen.xcodeproj')
    cd /Users/huangzhe/Documents/GitHub/OrangeLen
    builtin-copy -exclude .DS_Store -exclude CVS -exclude .svn -exclude .git -exclude .hg -exclude Headers -exclude PrivateHeaders -exclude Modules -exclude \*.tbd -resolve-src-symlinks -remove-static-executable /Users/huangzhe/Documents/GitHub/OrangeLen/build/DerivedData/Build/Products/Debug/OrangeLenImageBroker.xpc /Users/huangzhe/Documents/GitHub/OrangeLen/build/DerivedData/Build/Products/Debug/OrangeLenPreviewData.appex/Contents/XPCServices

Copy /Users/huangzhe/Documents/GitHub/OrangeLen/build/DerivedData/Build/Products/Debug/OrangeLenPreviewData.appex/Contents/XPCServices/OrangeLenDocumentBroker.xpc /Users/huangzhe/Documents/GitHub/OrangeLen/build/DerivedData/Build/Products/Debug/OrangeLenDocumentBroker.xpc (in target 'OrangeLenPreviewData' from project 'OrangeLen' at path '/Users/huangzhe/Documents/GitHub/OrangeLen/OrangeLen.xcodeproj')
    cd /Users/huangzhe/Documents/GitHub/OrangeLen
    builtin-copy -exclude .DS_Store -exclude CVS -exclude .svn -exclude .git -exclude .hg -exclude Headers -exclude PrivateHeaders -exclude Modules -exclude \*.tbd -resolve-src-symlinks -remove-static-executable /Users/huangzhe/Documents/GitHub/OrangeLen/build/DerivedData/Build/Products/Debug/OrangeLenDocumentBroker.xpc /Users/huangzhe/Documents/GitHub/OrangeLen/build/DerivedData/Build/Products/Debug/OrangeLenPreviewData.appex/Contents/XPCServices

Copy /Users/huangzhe/Documents/GitHub/OrangeLen/build/DerivedData/Build/Products/Debug/OrangeLenPreviewBooks.appex/Contents/XPCServices/OrangeLenImageBroker.xpc /Users/huangzhe/Documents/GitHub/OrangeLen/build/DerivedData/Build/Products/Debug/OrangeLenImageBroker.xpc (in target 'OrangeLenPreviewBooks' from project 'OrangeLen' at path '/Users/huangzhe/Documents/GitHub/OrangeLen/OrangeLen.xcodeproj')
    cd /Users/huangzhe/Documents/GitHub/OrangeLen
    builtin-copy -exclude .DS_Store -exclude CVS -exclude .svn -exclude .git -exclude .hg -exclude Headers -exclude PrivateHeaders -exclude Modules -exclude \*.tbd -resolve-src-symlinks -remove-static-executable /Users/huangzhe/Documents/GitHub/OrangeLen/build/DerivedData/Build/Products/Debug/OrangeLenImageBroker.xpc /Users/huangzhe/Documents/GitHub/OrangeLen/build/DerivedData/Build/Products/Debug/OrangeLenPreviewBooks.appex/Contents/XPCServices

Copy /Users/huangzhe/Documents/GitHub/OrangeLen/build/DerivedData/Build/Products/Debug/OrangeLenPreviewBooks.appex/Contents/XPCServices/OrangeLenDocumentBroker.xpc /Users/huangzhe/Documents/GitHub/OrangeLen/build/DerivedData/Build/Products/Debug/OrangeLenDocumentBroker.xpc (in target 'OrangeLenPreviewBooks' from project 'OrangeLen' at path '/Users/huangzhe/Documents/GitHub/OrangeLen/OrangeLen.xcodeproj')
    cd /Users/huangzhe/Documents/GitHub/OrangeLen
    builtin-copy -exclude .DS_Store -exclude CVS -exclude .svn -exclude .git -exclude .hg -exclude Headers -exclude PrivateHeaders -exclude Modules -exclude \*.tbd -resolve-src-symlinks -remove-static-executable /Users/huangzhe/Documents/GitHub/OrangeLen/build/DerivedData/Build/Products/Debug/OrangeLenDocumentBroker.xpc /Users/huangzhe/Documents/GitHub/OrangeLen/build/DerivedData/Build/Products/Debug/OrangeLenPreviewBooks.appex/Contents/XPCServices

Copy /Users/huangzhe/Documents/GitHub/OrangeLen/build/DerivedData/Build/Products/Debug/OrangeLenPreviewDrawings.appex/Contents/XPCServices/OrangeLenImageBroker.xpc /Users/huangzhe/Documents/GitHub/OrangeLen/build/DerivedData/Build/Products/Debug/OrangeLenImageBroker.xpc (in target 'OrangeLenPreviewDrawings' from project 'OrangeLen' at path '/Users/huangzhe/Documents/GitHub/OrangeLen/OrangeLen.xcodeproj')
    cd /Users/huangzhe/Documents/GitHub/OrangeLen
    builtin-copy -exclude .DS_Store -exclude CVS -exclude .svn -exclude .git -exclude .hg -exclude Headers -exclude PrivateHeaders -exclude Modules -exclude \*.tbd -resolve-src-symlinks -remove-static-executable /Users/huangzhe/Documents/GitHub/OrangeLen/build/DerivedData/Build/Products/Debug/OrangeLenImageBroker.xpc /Users/huangzhe/Documents/GitHub/OrangeLen/build/DerivedData/Build/Products/Debug/OrangeLenPreviewDrawings.appex/Contents/XPCServices

Copy /Users/huangzhe/Documents/GitHub/OrangeLen/build/DerivedData/Build/Products/Debug/OrangeLenPreviewDrawings.appex/Contents/XPCServices/OrangeLenDocumentBroker.xpc /Users/huangzhe/Documents/GitHub/OrangeLen/build/DerivedData/Build/Products/Debug/OrangeLenDocumentBroker.xpc (in target 'OrangeLenPreviewDrawings' from project 'OrangeLen' at path '/Users/huangzhe/Documents/GitHub/OrangeLen/OrangeLen.xcodeproj')
    cd /Users/huangzhe/Documents/GitHub/OrangeLen
    builtin-copy -exclude .DS_Store -exclude CVS -exclude .svn -exclude .git -exclude .hg -exclude Headers -exclude PrivateHeaders -exclude Modules -exclude \*.tbd -resolve-src-symlinks -remove-static-executable /Users/huangzhe/Documents/GitHub/OrangeLen/build/DerivedData/Build/Products/Debug/OrangeLenDocumentBroker.xpc /Users/huangzhe/Documents/GitHub/OrangeLen/build/DerivedData/Build/Products/Debug/OrangeLenPreviewDrawings.appex/Contents/XPCServices

Copy /Users/huangzhe/Documents/GitHub/OrangeLen/build/DerivedData/Build/Products/Debug/OrangeLenPreview.appex/Contents/XPCServices/OrangeLenImageBroker.xpc /Users/huangzhe/Documents/GitHub/OrangeLen/build/DerivedData/Build/Products/Debug/OrangeLenImageBroker.xpc (in target 'OrangeLenPreview' from project 'OrangeLen' at path '/Users/huangzhe/Documents/GitHub/OrangeLen/OrangeLen.xcodeproj')
    cd /Users/huangzhe/Documents/GitHub/OrangeLen
    builtin-copy -exclude .DS_Store -exclude CVS -exclude .svn -exclude .git -exclude .hg -exclude Headers -exclude PrivateHeaders -exclude Modules -exclude \*.tbd -resolve-src-symlinks -remove-static-executable /Users/huangzhe/Documents/GitHub/OrangeLen/build/DerivedData/Build/Products/Debug/OrangeLenImageBroker.xpc /Users/huangzhe/Documents/GitHub/OrangeLen/build/DerivedData/Build/Products/Debug/OrangeLenPreview.appex/Contents/XPCServices

Copy /Users/huangzhe/Documents/GitHub/OrangeLen/build/DerivedData/Build/Products/Debug/OrangeLenPreview.appex/Contents/XPCServices/OrangeLenDocumentBroker.xpc /Users/huangzhe/Documents/GitHub/OrangeLen/build/DerivedData/Build/Products/Debug/OrangeLenDocumentBroker.xpc (in target 'OrangeLenPreview' from project 'OrangeLen' at path '/Users/huangzhe/Documents/GitHub/OrangeLen/OrangeLen.xcodeproj')
    cd /Users/huangzhe/Documents/GitHub/OrangeLen
    builtin-copy -exclude .DS_Store -exclude CVS -exclude .svn -exclude .git -exclude .hg -exclude Headers -exclude PrivateHeaders -exclude Modules -exclude \*.tbd -resolve-src-symlinks -remove-static-executable /Users/huangzhe/Documents/GitHub/OrangeLen/build/DerivedData/Build/Products/Debug/OrangeLenDocumentBroker.xpc /Users/huangzhe/Documents/GitHub/OrangeLen/build/DerivedData/Build/Products/Debug/OrangeLenPreview.appex/Contents/XPCServices

ExtractAppIntentsMetadata (in target 'OrangeLenPreviewFolders' from project 'OrangeLen' at path '/Users/huangzhe/Documents/GitHub/OrangeLen/OrangeLen.xcodeproj')
    cd /Users/huangzhe/Documents/GitHub/OrangeLen
    /Applications/Xcode.app/Contents/Developer/Toolchains/XcodeDefault.xctoolchain/usr/bin/appintentsmetadataprocessor --toolchain-dir /Applications/Xcode.app/Contents/Developer/Toolchains/XcodeDefault.xctoolchain --module-name OrangeLenPreviewFolders --sdk-root /Applications/Xcode.app/Contents/Developer/Platforms/MacOSX.platform/Developer/SDKs/MacOSX26.5.sdk --xcode-version 17F42 --platform-family macOS --deployment-target 14.0 --bundle-identifier local.OrangeLen.Preview.Folders --output /Users/huangzhe/Documents/GitHub/OrangeLen/build/DerivedData/Build/Products/Debug/OrangeLenPreviewFolders.appex/Contents/Resources --target-triple arm64-apple-macos14.0 --binary-file /Users/huangzhe/Documents/GitHub/OrangeLen/build/DerivedData/Build/Products/Debug/OrangeLenPreviewFolders.appex/Contents/MacOS/OrangeLenPreviewFolders --dependency-file /Users/huangzhe/Documents/GitHub/OrangeLen/build/DerivedData/Build/Intermediates.noindex/OrangeLen.build/Debug/OrangeLenPreviewFolders.build/Objects-normal/arm64/OrangeLenPreviewFolders_dependency_info.dat --stringsdata-file /Users/huangzhe/Documents/GitHub/OrangeLen/build/DerivedData/Build/Intermediates.noindex/OrangeLen.build/Debug/OrangeLenPreviewFolders.build/Objects-normal/arm64/ExtractedAppShortcutsMetadata.stringsdata --source-file-list /Users/huangzhe/Documents/GitHub/OrangeLen/build/DerivedData/Build/Intermediates.noindex/OrangeLen.build/Debug/OrangeLenPreviewFolders.build/Objects-normal/arm64/OrangeLenPreviewFolders.SwiftFileList --metadata-file-list /Users/huangzhe/Documents/GitHub/OrangeLen/build/DerivedData/Build/Intermediates.noindex/OrangeLen.build/Debug/OrangeLenPreviewFolders.build/OrangeLenPreviewFolders.DependencyMetadataFileList --static-metadata-file-list /Users/huangzhe/Documents/GitHub/OrangeLen/build/DerivedData/Build/Intermediates.noindex/OrangeLen.build/Debug/OrangeLenPreviewFolders.build/OrangeLenPreviewFolders.DependencyStaticMetadataFileList --swift-const-vals-list /Users/huangzhe/Documents/GitHub/OrangeLen/build/DerivedData/Build/Intermediates.noindex/OrangeLen.build/Debug/OrangeLenPreviewFolders.build/Objects-normal/arm64/OrangeLenPreviewFolders.SwiftConstValuesFileList --compile-time-extraction --deployment-aware-processing --validate-assistant-intents --no-app-shortcuts-localization
2026-10-08 12:15:48.927 appintentsmetadataprocessor[19499:23245214] Starting appintentsmetadataprocessor export
2026-10-08 12:15:48.936 appintentsmetadataprocessor[19499:23245214] warning: Metadata extraction skipped. No AppIntents.framework dependency found.

ExtractAppIntentsMetadata (in target 'OrangeLenPreviewMarkdown' from project 'OrangeLen' at path '/Users/huangzhe/Documents/GitHub/OrangeLen/OrangeLen.xcodeproj')
    cd /Users/huangzhe/Documents/GitHub/OrangeLen
    /Applications/Xcode.app/Contents/Developer/Toolchains/XcodeDefault.xctoolchain/usr/bin/appintentsmetadataprocessor --toolchain-dir /Applications/Xcode.app/Contents/Developer/Toolchains/XcodeDefault.xctoolchain --module-name OrangeLenPreviewMarkdown --sdk-root /Applications/Xcode.app/Contents/Developer/Platforms/MacOSX.platform/Developer/SDKs/MacOSX26.5.sdk --xcode-version 17F42 --platform-family macOS --deployment-target 14.0 --bundle-identifier local.OrangeLen.Preview.Markdown --output /Users/huangzhe/Documents/GitHub/OrangeLen/build/DerivedData/Build/Products/Debug/OrangeLenPreviewMarkdown.appex/Contents/Resources --target-triple arm64-apple-macos14.0 --binary-file /Users/huangzhe/Documents/GitHub/OrangeLen/build/DerivedData/Build/Products/Debug/OrangeLenPreviewMarkdown.appex/Contents/MacOS/OrangeLenPreviewMarkdown --dependency-file /Users/huangzhe/Documents/GitHub/OrangeLen/build/DerivedData/Build/Intermediates.noindex/OrangeLen.build/Debug/OrangeLenPreviewMarkdown.build/Objects-normal/arm64/OrangeLenPreviewMarkdown_dependency_info.dat --stringsdata-file /Users/huangzhe/Documents/GitHub/OrangeLen/build/DerivedData/Build/Intermediates.noindex/OrangeLen.build/Debug/OrangeLenPreviewMarkdown.build/Objects-normal/arm64/ExtractedAppShortcutsMetadata.stringsdata --source-file-list /Users/huangzhe/Documents/GitHub/OrangeLen/build/DerivedData/Build/Intermediates.noindex/OrangeLen.build/Debug/OrangeLenPreviewMarkdown.build/Objects-normal/arm64/OrangeLenPreviewMarkdown.SwiftFileList --metadata-file-list /Users/huangzhe/Documents/GitHub/OrangeLen/build/DerivedData/Build/Intermediates.noindex/OrangeLen.build/Debug/OrangeLenPreviewMarkdown.build/OrangeLenPreviewMarkdown.DependencyMetadataFileList --static-metadata-file-list /Users/huangzhe/Documents/GitHub/OrangeLen/build/DerivedData/Build/Intermediates.noindex/OrangeLen.build/Debug/OrangeLenPreviewMarkdown.build/OrangeLenPreviewMarkdown.DependencyStaticMetadataFileList --swift-const-vals-list /Users/huangzhe/Documents/GitHub/OrangeLen/build/DerivedData/Build/Intermediates.noindex/OrangeLen.build/Debug/OrangeLenPreviewMarkdown.build/Objects-normal/arm64/OrangeLenPreviewMarkdown.SwiftConstValuesFileList --compile-time-extraction --deployment-aware-processing --validate-assistant-intents --no-app-shortcuts-localization
2026-10-08 12:15:48.927 appintentsmetadataprocessor[19500:23245215] Starting appintentsmetadataprocessor export
2026-10-08 12:15:48.936 appintentsmetadataprocessor[19500:23245215] warning: Metadata extraction skipped. No AppIntents.framework dependency found.

ExtractAppIntentsMetadata (in target 'OrangeLenPreviewArchives' from project 'OrangeLen' at path '/Users/huangzhe/Documents/GitHub/OrangeLen/OrangeLen.xcodeproj')
    cd /Users/huangzhe/Documents/GitHub/OrangeLen
    /Applications/Xcode.app/Contents/Developer/Toolchains/XcodeDefault.xctoolchain/usr/bin/appintentsmetadataprocessor --toolchain-dir /Applications/Xcode.app/Contents/Developer/Toolchains/XcodeDefault.xctoolchain --module-name OrangeLenPreviewArchives --sdk-root /Applications/Xcode.app/Contents/Developer/Platforms/MacOSX.platform/Developer/SDKs/MacOSX26.5.sdk --xcode-version 17F42 --platform-family macOS --deployment-target 14.0 --bundle-identifier local.OrangeLen.Preview.Archives --output /Users/huangzhe/Documents/GitHub/OrangeLen/build/DerivedData/Build/Products/Debug/OrangeLenPreviewArchives.appex/Contents/Resources --target-triple arm64-apple-macos14.0 --binary-file /Users/huangzhe/Documents/GitHub/OrangeLen/build/DerivedData/Build/Products/Debug/OrangeLenPreviewArchives.appex/Contents/MacOS/OrangeLenPreviewArchives --dependency-file /Users/huangzhe/Documents/GitHub/OrangeLen/build/DerivedData/Build/Intermediates.noindex/OrangeLen.build/Debug/OrangeLenPreviewArchives.build/Objects-normal/arm64/OrangeLenPreviewArchives_dependency_info.dat --stringsdata-file /Users/huangzhe/Documents/GitHub/OrangeLen/build/DerivedData/Build/Intermediates.noindex/OrangeLen.build/Debug/OrangeLenPreviewArchives.build/Objects-normal/arm64/ExtractedAppShortcutsMetadata.stringsdata --source-file-list /Users/huangzhe/Documents/GitHub/OrangeLen/build/DerivedData/Build/Intermediates.noindex/OrangeLen.build/Debug/OrangeLenPreviewArchives.build/Objects-normal/arm64/OrangeLenPreviewArchives.SwiftFileList --metadata-file-list /Users/huangzhe/Documents/GitHub/OrangeLen/build/DerivedData/Build/Intermediates.noindex/OrangeLen.build/Debug/OrangeLenPreviewArchives.build/OrangeLenPreviewArchives.DependencyMetadataFileList --static-metadata-file-list /Users/huangzhe/Documents/GitHub/OrangeLen/build/DerivedData/Build/Intermediates.noindex/OrangeLen.build/Debug/OrangeLenPreviewArchives.build/OrangeLenPreviewArchives.DependencyStaticMetadataFileList --swift-const-vals-list /Users/huangzhe/Documents/GitHub/OrangeLen/build/DerivedData/Build/Intermediates.noindex/OrangeLen.build/Debug/OrangeLenPreviewArchives.build/Objects-normal/arm64/OrangeLenPreviewArchives.SwiftConstValuesFileList --compile-time-extraction --deployment-aware-processing --validate-assistant-intents --no-app-shortcuts-localization
2026-10-08 12:15:48.925 appintentsmetadataprocessor[19501:23245217] Starting appintentsmetadataprocessor export
2026-10-08 12:15:48.928 appintentsmetadataprocessor[19501:23245217] warning: Metadata extraction skipped. No AppIntents.framework dependency found.

ExtractAppIntentsMetadata (in target 'OrangeLenPreviewData' from project 'OrangeLen' at path '/Users/huangzhe/Documents/GitHub/OrangeLen/OrangeLen.xcodeproj')
    cd /Users/huangzhe/Documents/GitHub/OrangeLen
    /Applications/Xcode.app/Contents/Developer/Toolchains/XcodeDefault.xctoolchain/usr/bin/appintentsmetadataprocessor --toolchain-dir /Applications/Xcode.app/Contents/Developer/Toolchains/XcodeDefault.xctoolchain --module-name OrangeLenPreviewData --sdk-root /Applications/Xcode.app/Contents/Developer/Platforms/MacOSX.platform/Developer/SDKs/MacOSX26.5.sdk --xcode-version 17F42 --platform-family macOS --deployment-target 14.0 --bundle-identifier local.OrangeLen.Preview.Data --output /Users/huangzhe/Documents/GitHub/OrangeLen/build/DerivedData/Build/Products/Debug/OrangeLenPreviewData.appex/Contents/Resources --target-triple arm64-apple-macos14.0 --binary-file /Users/huangzhe/Documents/GitHub/OrangeLen/build/DerivedData/Build/Products/Debug/OrangeLenPreviewData.appex/Contents/MacOS/OrangeLenPreviewData --dependency-file /Users/huangzhe/Documents/GitHub/OrangeLen/build/DerivedData/Build/Intermediates.noindex/OrangeLen.build/Debug/OrangeLenPreviewData.build/Objects-normal/arm64/OrangeLenPreviewData_dependency_info.dat --stringsdata-file /Users/huangzhe/Documents/GitHub/OrangeLen/build/DerivedData/Build/Intermediates.noindex/OrangeLen.build/Debug/OrangeLenPreviewData.build/Objects-normal/arm64/ExtractedAppShortcutsMetadata.stringsdata --source-file-list /Users/huangzhe/Documents/GitHub/OrangeLen/build/DerivedData/Build/Intermediates.noindex/OrangeLen.build/Debug/OrangeLenPreviewData.build/Objects-normal/arm64/OrangeLenPreviewData.SwiftFileList --metadata-file-list /Users/huangzhe/Documents/GitHub/OrangeLen/build/DerivedData/Build/Intermediates.noindex/OrangeLen.build/Debug/OrangeLenPreviewData.build/OrangeLenPreviewData.DependencyMetadataFileList --static-metadata-file-list /Users/huangzhe/Documents/GitHub/OrangeLen/build/DerivedData/Build/Intermediates.noindex/OrangeLen.build/Debug/OrangeLenPreviewData.build/OrangeLenPreviewData.DependencyStaticMetadataFileList --swift-const-vals-list /Users/huangzhe/Documents/GitHub/OrangeLen/build/DerivedData/Build/Intermediates.noindex/OrangeLen.build/Debug/OrangeLenPreviewData.build/Objects-normal/arm64/OrangeLenPreviewData.SwiftConstValuesFileList --compile-time-extraction --deployment-aware-processing --validate-assistant-intents --no-app-shortcuts-localization
2026-10-08 12:15:48.944 appintentsmetadataprocessor[19502:23245218] Starting appintentsmetadataprocessor export
2026-10-08 12:15:48.946 appintentsmetadataprocessor[19502:23245218] warning: Metadata extraction skipped. No AppIntents.framework dependency found.

ExtractAppIntentsMetadata (in target 'OrangeLenPreviewBooks' from project 'OrangeLen' at path '/Users/huangzhe/Documents/GitHub/OrangeLen/OrangeLen.xcodeproj')
    cd /Users/huangzhe/Documents/GitHub/OrangeLen
    /Applications/Xcode.app/Contents/Developer/Toolchains/XcodeDefault.xctoolchain/usr/bin/appintentsmetadataprocessor --toolchain-dir /Applications/Xcode.app/Contents/Developer/Toolchains/XcodeDefault.xctoolchain --module-name OrangeLenPreviewBooks --sdk-root /Applications/Xcode.app/Contents/Developer/Platforms/MacOSX.platform/Developer/SDKs/MacOSX26.5.sdk --xcode-version 17F42 --platform-family macOS --deployment-target 14.0 --bundle-identifier local.OrangeLen.Preview.Books --output /Users/huangzhe/Documents/GitHub/OrangeLen/build/DerivedData/Build/Products/Debug/OrangeLenPreviewBooks.appex/Contents/Resources --target-triple arm64-apple-macos14.0 --binary-file /Users/huangzhe/Documents/GitHub/OrangeLen/build/DerivedData/Build/Products/Debug/OrangeLenPreviewBooks.appex/Contents/MacOS/OrangeLenPreviewBooks --dependency-file /Users/huangzhe/Documents/GitHub/OrangeLen/build/DerivedData/Build/Intermediates.noindex/OrangeLen.build/Debug/OrangeLenPreviewBooks.build/Objects-normal/arm64/OrangeLenPreviewBooks_dependency_info.dat --stringsdata-file /Users/huangzhe/Documents/GitHub/OrangeLen/build/DerivedData/Build/Intermediates.noindex/OrangeLen.build/Debug/OrangeLenPreviewBooks.build/Objects-normal/arm64/ExtractedAppShortcutsMetadata.stringsdata --source-file-list /Users/huangzhe/Documents/GitHub/OrangeLen/build/DerivedData/Build/Intermediates.noindex/OrangeLen.build/Debug/OrangeLenPreviewBooks.build/Objects-normal/arm64/OrangeLenPreviewBooks.SwiftFileList --metadata-file-list /Users/huangzhe/Documents/GitHub/OrangeLen/build/DerivedData/Build/Intermediates.noindex/OrangeLen.build/Debug/OrangeLenPreviewBooks.build/OrangeLenPreviewBooks.DependencyMetadataFileList --static-metadata-file-list /Users/huangzhe/Documents/GitHub/OrangeLen/build/DerivedData/Build/Intermediates.noindex/OrangeLen.build/Debug/OrangeLenPreviewBooks.build/OrangeLenPreviewBooks.DependencyStaticMetadataFileList --swift-const-vals-list /Users/huangzhe/Documents/GitHub/OrangeLen/build/DerivedData/Build/Intermediates.noindex/OrangeLen.build/Debug/OrangeLenPreviewBooks.build/Objects-normal/arm64/OrangeLenPreviewBooks.SwiftConstValuesFileList --compile-time-extraction --deployment-aware-processing --validate-assistant-intents --no-app-shortcuts-localization
2026-10-08 12:15:49.004 appintentsmetadataprocessor[19503:23245219] Starting appintentsmetadataprocessor export
2026-10-08 12:15:49.024 appintentsmetadataprocessor[19503:23245219] warning: Metadata extraction skipped. No AppIntents.framework dependency found.

ExtractAppIntentsMetadata (in target 'OrangeLenPreviewDrawings' from project 'OrangeLen' at path '/Users/huangzhe/Documents/GitHub/OrangeLen/OrangeLen.xcodeproj')
    cd /Users/huangzhe/Documents/GitHub/OrangeLen
    /Applications/Xcode.app/Contents/Developer/Toolchains/XcodeDefault.xctoolchain/usr/bin/appintentsmetadataprocessor --toolchain-dir /Applications/Xcode.app/Contents/Developer/Toolchains/XcodeDefault.xctoolchain --module-name OrangeLenPreviewDrawings --sdk-root /Applications/Xcode.app/Contents/Developer/Platforms/MacOSX.platform/Developer/SDKs/MacOSX26.5.sdk --xcode-version 17F42 --platform-family macOS --deployment-target 14.0 --bundle-identifier local.OrangeLen.Preview.Drawings --output /Users/huangzhe/Documents/GitHub/OrangeLen/build/DerivedData/Build/Products/Debug/OrangeLenPreviewDrawings.appex/Contents/Resources --target-triple arm64-apple-macos14.0 --binary-file /Users/huangzhe/Documents/GitHub/OrangeLen/build/DerivedData/Build/Products/Debug/OrangeLenPreviewDrawings.appex/Contents/MacOS/OrangeLenPreviewDrawings --dependency-file /Users/huangzhe/Documents/GitHub/OrangeLen/build/DerivedData/Build/Intermediates.noindex/OrangeLen.build/Debug/OrangeLenPreviewDrawings.build/Objects-normal/arm64/OrangeLenPreviewDrawings_dependency_info.dat --stringsdata-file /Users/huangzhe/Documents/GitHub/OrangeLen/build/DerivedData/Build/Intermediates.noindex/OrangeLen.build/Debug/OrangeLenPreviewDrawings.build/Objects-normal/arm64/ExtractedAppShortcutsMetadata.stringsdata --source-file-list /Users/huangzhe/Documents/GitHub/OrangeLen/build/DerivedData/Build/Intermediates.noindex/OrangeLen.build/Debug/OrangeLenPreviewDrawings.build/Objects-normal/arm64/OrangeLenPreviewDrawings.SwiftFileList --metadata-file-list /Users/huangzhe/Documents/GitHub/OrangeLen/build/DerivedData/Build/Intermediates.noindex/OrangeLen.build/Debug/OrangeLenPreviewDrawings.build/OrangeLenPreviewDrawings.DependencyMetadataFileList --static-metadata-file-list /Users/huangzhe/Documents/GitHub/OrangeLen/build/DerivedData/Build/Intermediates.noindex/OrangeLen.build/Debug/OrangeLenPreviewDrawings.build/OrangeLenPreviewDrawings.DependencyStaticMetadataFileList --swift-const-vals-list /Users/huangzhe/Documents/GitHub/OrangeLen/build/DerivedData/Build/Intermediates.noindex/OrangeLen.build/Debug/OrangeLenPreviewDrawings.build/Objects-normal/arm64/OrangeLenPreviewDrawings.SwiftConstValuesFileList --compile-time-extraction --deployment-aware-processing --validate-assistant-intents --no-app-shortcuts-localization
2026-10-08 12:15:48.944 appintentsmetadataprocessor[19504:23245221] Starting appintentsmetadataprocessor export
2026-10-08 12:15:48.946 appintentsmetadataprocessor[19504:23245221] warning: Metadata extraction skipped. No AppIntents.framework dependency found.

ExtractAppIntentsMetadata (in target 'OrangeLenPreview' from project 'OrangeLen' at path '/Users/huangzhe/Documents/GitHub/OrangeLen/OrangeLen.xcodeproj')
    cd /Users/huangzhe/Documents/GitHub/OrangeLen
    /Applications/Xcode.app/Contents/Developer/Toolchains/XcodeDefault.xctoolchain/usr/bin/appintentsmetadataprocessor --toolchain-dir /Applications/Xcode.app/Contents/Developer/Toolchains/XcodeDefault.xctoolchain --module-name OrangeLenPreview --sdk-root /Applications/Xcode.app/Contents/Developer/Platforms/MacOSX.platform/Developer/SDKs/MacOSX26.5.sdk --xcode-version 17F42 --platform-family macOS --deployment-target 14.0 --bundle-identifier local.OrangeLen.Preview --output /Users/huangzhe/Documents/GitHub/OrangeLen/build/DerivedData/Build/Products/Debug/OrangeLenPreview.appex/Contents/Resources --target-triple arm64-apple-macos14.0 --binary-file /Users/huangzhe/Documents/GitHub/OrangeLen/build/DerivedData/Build/Products/Debug/OrangeLenPreview.appex/Contents/MacOS/OrangeLenPreview --dependency-file /Users/huangzhe/Documents/GitHub/OrangeLen/build/DerivedData/Build/Intermediates.noindex/OrangeLen.build/Debug/OrangeLenPreview.build/Objects-normal/arm64/OrangeLenPreview_dependency_info.dat --stringsdata-file /Users/huangzhe/Documents/GitHub/OrangeLen/build/DerivedData/Build/Intermediates.noindex/OrangeLen.build/Debug/OrangeLenPreview.build/Objects-normal/arm64/ExtractedAppShortcutsMetadata.stringsdata --source-file-list /Users/huangzhe/Documents/GitHub/OrangeLen/build/DerivedData/Build/Intermediates.noindex/OrangeLen.build/Debug/OrangeLenPreview.build/Objects-normal/arm64/OrangeLenPreview.SwiftFileList --metadata-file-list /Users/huangzhe/Documents/GitHub/OrangeLen/build/DerivedData/Build/Intermediates.noindex/OrangeLen.build/Debug/OrangeLenPreview.build/OrangeLenPreview.DependencyMetadataFileList --static-metadata-file-list /Users/huangzhe/Documents/GitHub/OrangeLen/build/DerivedData/Build/Intermediates.noindex/OrangeLen.build/Debug/OrangeLenPreview.build/OrangeLenPreview.DependencyStaticMetadataFileList --swift-const-vals-list /Users/huangzhe/Documents/GitHub/OrangeLen/build/DerivedData/Build/Intermediates.noindex/OrangeLen.build/Debug/OrangeLenPreview.build/Objects-normal/arm64/OrangeLenPreview.SwiftConstValuesFileList --compile-time-extraction --deployment-aware-processing --validate-assistant-intents --no-app-shortcuts-localization
2026-10-08 12:15:49.019 appintentsmetadataprocessor[19506:23245226] Starting appintentsmetadataprocessor export
2026-10-08 12:15:49.026 appintentsmetadataprocessor[19506:23245226] warning: Metadata extraction skipped. No AppIntents.framework dependency found.

CodeSign /Users/huangzhe/Documents/GitHub/OrangeLen/build/DerivedData/Build/Products/Debug/OrangeLenPreviewArchives.appex (in target 'OrangeLenPreviewArchives' from project 'OrangeLen' at path '/Users/huangzhe/Documents/GitHub/OrangeLen/OrangeLen.xcodeproj')
    cd /Users/huangzhe/Documents/GitHub/OrangeLen
    
    Signing Identity:     "Sign to Run Locally"
    
    /usr/bin/codesign --force --sign - --entitlements /Users/huangzhe/Documents/GitHub/OrangeLen/build/DerivedData/Build/Intermediates.noindex/OrangeLen.build/Debug/OrangeLenPreviewArchives.build/OrangeLenPreviewArchives.appex.xcent --timestamp\=none --generate-entitlement-der /Users/huangzhe/Documents/GitHub/OrangeLen/build/DerivedData/Build/Products/Debug/OrangeLenPreviewArchives.appex

CodeSign /Users/huangzhe/Documents/GitHub/OrangeLen/build/DerivedData/Build/Products/Debug/OrangeLenPreviewFolders.appex (in target 'OrangeLenPreviewFolders' from project 'OrangeLen' at path '/Users/huangzhe/Documents/GitHub/OrangeLen/OrangeLen.xcodeproj')
    cd /Users/huangzhe/Documents/GitHub/OrangeLen
    
    Signing Identity:     "Sign to Run Locally"
    
    /usr/bin/codesign --force --sign - --entitlements /Users/huangzhe/Documents/GitHub/OrangeLen/build/DerivedData/Build/Intermediates.noindex/OrangeLen.build/Debug/OrangeLenPreviewFolders.build/OrangeLenPreviewFolders.appex.xcent --timestamp\=none --generate-entitlement-der /Users/huangzhe/Documents/GitHub/OrangeLen/build/DerivedData/Build/Products/Debug/OrangeLenPreviewFolders.appex

CodeSign /Users/huangzhe/Documents/GitHub/OrangeLen/build/DerivedData/Build/Products/Debug/OrangeLenPreviewMarkdown.appex (in target 'OrangeLenPreviewMarkdown' from project 'OrangeLen' at path '/Users/huangzhe/Documents/GitHub/OrangeLen/OrangeLen.xcodeproj')
    cd /Users/huangzhe/Documents/GitHub/OrangeLen
    
    Signing Identity:     "Sign to Run Locally"
    
    /usr/bin/codesign --force --sign - --entitlements /Users/huangzhe/Documents/GitHub/OrangeLen/build/DerivedData/Build/Intermediates.noindex/OrangeLen.build/Debug/OrangeLenPreviewMarkdown.build/OrangeLenPreviewMarkdown.appex.xcent --timestamp\=none --generate-entitlement-der /Users/huangzhe/Documents/GitHub/OrangeLen/build/DerivedData/Build/Products/Debug/OrangeLenPreviewMarkdown.appex

CodeSign /Users/huangzhe/Documents/GitHub/OrangeLen/build/DerivedData/Build/Products/Debug/OrangeLenPreviewData.appex (in target 'OrangeLenPreviewData' from project 'OrangeLen' at path '/Users/huangzhe/Documents/GitHub/OrangeLen/OrangeLen.xcodeproj')
    cd /Users/huangzhe/Documents/GitHub/OrangeLen
    
    Signing Identity:     "Sign to Run Locally"
    
    /usr/bin/codesign --force --sign - --entitlements /Users/huangzhe/Documents/GitHub/OrangeLen/build/DerivedData/Build/Intermediates.noindex/OrangeLen.build/Debug/OrangeLenPreviewData.build/OrangeLenPreviewData.appex.xcent --timestamp\=none --generate-entitlement-der /Users/huangzhe/Documents/GitHub/OrangeLen/build/DerivedData/Build/Products/Debug/OrangeLenPreviewData.appex

CodeSign /Users/huangzhe/Documents/GitHub/OrangeLen/build/DerivedData/Build/Products/Debug/OrangeLenPreviewDrawings.appex (in target 'OrangeLenPreviewDrawings' from project 'OrangeLen' at path '/Users/huangzhe/Documents/GitHub/OrangeLen/OrangeLen.xcodeproj')
    cd /Users/huangzhe/Documents/GitHub/OrangeLen
    
    Signing Identity:     "Sign to Run Locally"
    
    /usr/bin/codesign --force --sign - --entitlements /Users/huangzhe/Documents/GitHub/OrangeLen/build/DerivedData/Build/Intermediates.noindex/OrangeLen.build/Debug/OrangeLenPreviewDrawings.build/OrangeLenPreviewDrawings.appex.xcent --timestamp\=none --generate-entitlement-der /Users/huangzhe/Documents/GitHub/OrangeLen/build/DerivedData/Build/Products/Debug/OrangeLenPreviewDrawings.appex

CodeSign /Users/huangzhe/Documents/GitHub/OrangeLen/build/DerivedData/Build/Products/Debug/OrangeLenPreviewBooks.appex (in target 'OrangeLenPreviewBooks' from project 'OrangeLen' at path '/Users/huangzhe/Documents/GitHub/OrangeLen/OrangeLen.xcodeproj')
    cd /Users/huangzhe/Documents/GitHub/OrangeLen
    
    Signing Identity:     "Sign to Run Locally"
    
    /usr/bin/codesign --force --sign - --entitlements /Users/huangzhe/Documents/GitHub/OrangeLen/build/DerivedData/Build/Intermediates.noindex/OrangeLen.build/Debug/OrangeLenPreviewBooks.build/OrangeLenPreviewBooks.appex.xcent --timestamp\=none --generate-entitlement-der /Users/huangzhe/Documents/GitHub/OrangeLen/build/DerivedData/Build/Products/Debug/OrangeLenPreviewBooks.appex

CodeSign /Users/huangzhe/Documents/GitHub/OrangeLen/build/DerivedData/Build/Products/Debug/OrangeLenPreview.appex (in target 'OrangeLenPreview' from project 'OrangeLen' at path '/Users/huangzhe/Documents/GitHub/OrangeLen/OrangeLen.xcodeproj')
    cd /Users/huangzhe/Documents/GitHub/OrangeLen
    
    Signing Identity:     "Sign to Run Locally"
    
    /usr/bin/codesign --force --sign - --entitlements /Users/huangzhe/Documents/GitHub/OrangeLen/build/DerivedData/Build/Intermediates.noindex/OrangeLen.build/Debug/OrangeLenPreview.build/OrangeLenPreview.appex.xcent --timestamp\=none --generate-entitlement-der /Users/huangzhe/Documents/GitHub/OrangeLen/build/DerivedData/Build/Products/Debug/OrangeLenPreview.appex

Ld /Users/huangzhe/Documents/GitHub/OrangeLen/build/DerivedData/Build/Products/Debug/OrangeLen.app/Contents/MacOS/OrangeLen normal (in target 'OrangeLen' from project 'OrangeLen' at path '/Users/huangzhe/Documents/GitHub/OrangeLen/OrangeLen.xcodeproj')
    cd /Users/huangzhe/Documents/GitHub/OrangeLen
    /Applications/Xcode.app/Contents/Developer/Toolchains/XcodeDefault.xctoolchain/usr/bin/clang -Xlinker -reproducible -target arm64-apple-macos14.0 -isysroot /Applications/Xcode.app/Contents/Developer/Platforms/MacOSX.platform/Developer/SDKs/MacOSX26.5.sdk -O0 -L/Users/huangzhe/Documents/GitHub/OrangeLen/build/DerivedData/Build/Intermediates.noindex/EagerLinkingTBDs/Debug -L/Users/huangzhe/Documents/GitHub/OrangeLen/build/DerivedData/Build/Products/Debug -F/Users/huangzhe/Documents/GitHub/OrangeLen/build/DerivedData/Build/Intermediates.noindex/EagerLinkingTBDs/Debug -F/Users/huangzhe/Documents/GitHub/OrangeLen/build/DerivedData/Build/Products/Debug/PackageFrameworks -F/Users/huangzhe/Documents/GitHub/OrangeLen/build/DerivedData/Build/Products/Debug/PackageFrameworks -F/Users/huangzhe/Documents/GitHub/OrangeLen/build/DerivedData/Build/Products/Debug/PackageFrameworks -F/Users/huangzhe/Documents/GitHub/OrangeLen/build/DerivedData/Build/Products/Debug/PackageFrameworks -F/Users/huangzhe/Documents/GitHub/OrangeLen/build/DerivedData/Build/Products/Debug/PackageFrameworks -F/Users/huangzhe/Documents/GitHub/OrangeLen/build/DerivedData/Build/Products/Debug/PackageFrameworks -F/Users/huangzhe/Documents/GitHub/OrangeLen/build/DerivedData/Build/Products/Debug -filelist /Users/huangzhe/Documents/GitHub/OrangeLen/build/DerivedData/Build/Intermediates.noindex/OrangeLen.build/Debug/OrangeLen.build/Objects-normal/arm64/OrangeLen.LinkFileList -Xlinker -rpath -Xlinker /usr/lib/swift -Xlinker -rpath -Xlinker /Users/huangzhe/Documents/GitHub/OrangeLen/build/DerivedData/Build/Products/Debug/PackageFrameworks -Xlinker -rpath -Xlinker @executable_path/../Frameworks -Xlinker -object_path_lto -Xlinker /Users/huangzhe/Documents/GitHub/OrangeLen/build/DerivedData/Build/Intermediates.noindex/OrangeLen.build/Debug/OrangeLen.build/Objects-normal/arm64/OrangeLen_lto.o -rdynamic -Xlinker -no_deduplicate -Xlinker -dependency_info -Xlinker /Users/huangzhe/Documents/GitHub/OrangeLen/build/DerivedData/Build/Intermediates.noindex/OrangeLen.build/Debug/OrangeLen.build/Objects-normal/arm64/OrangeLen_dependency_info.dat -fobjc-link-runtime -L/Applications/Xcode.app/Contents/Developer/Toolchains/XcodeDefault.xctoolchain/usr/lib/swift/macosx -L/usr/lib/swift -Xlinker -add_ast_path -Xlinker /Users/huangzhe/Documents/GitHub/OrangeLen/build/DerivedData/Build/Intermediates.noindex/OrangeLen.build/Debug/OrangeLen.build/Objects-normal/arm64/OrangeLen.swiftmodule @/Users/huangzhe/Documents/GitHub/OrangeLen/build/DerivedData/Build/Intermediates.noindex/OrangeLen.build/Debug/OrangeLen.build/Objects-normal/arm64/OrangeLen-linker-args.resp -Wl,-no_warn_duplicate_libraries -Wl,-no_warn_duplicate_libraries -Wl,-no_warn_duplicate_libraries -Wl,-no_warn_duplicate_libraries -Wl,-no_warn_duplicate_libraries -Wl,-no_warn_duplicate_libraries -Xlinker -no_adhoc_codesign -o /Users/huangzhe/Documents/GitHub/OrangeLen/build/DerivedData/Build/Products/Debug/OrangeLen.app/Contents/MacOS/OrangeLen -Xlinker -add_ast_path -Xlinker /Users/huangzhe/Documents/GitHub/OrangeLen/build/DerivedData/Build/Intermediates.noindex/OrangeLen.build/Debug/OrangeLenUI.build/Objects-normal/arm64/OrangeLenUI.swiftmodule @/Users/huangzhe/Documents/GitHub/OrangeLen/build/DerivedData/Build/Intermediates.noindex/OrangeLen.build/Debug/OrangeLenUI.build/Objects-normal/arm64/OrangeLenUI-linker-args.resp -Xlinker -add_ast_path -Xlinker /Users/huangzhe/Documents/GitHub/OrangeLen/build/DerivedData/Build/Intermediates.noindex/swift-markdown.build/Debug/Markdown.build/Objects-normal/arm64/Markdown.swiftmodule @/Users/huangzhe/Documents/GitHub/OrangeLen/build/DerivedData/Build/Intermediates.noindex/swift-markdown.build/Debug/Markdown.build/Objects-normal/arm64/Markdown-linker-args.resp -Xlinker -add_ast_path -Xlinker /Users/huangzhe/Documents/GitHub/OrangeLen/build/DerivedData/Build/Intermediates.noindex/OrangeLen.build/Debug/OrangeLenCore.build/Objects-normal/arm64/OrangeLenCore.swiftmodule @/Users/huangzhe/Documents/GitHub/OrangeLen/build/DerivedData/Build/Intermediates.noindex/OrangeLen.build/Debug/OrangeLenCore.build/Objects-normal/arm64/OrangeLenCore-linker-args.resp

Copy /Users/huangzhe/Documents/GitHub/OrangeLen/build/DerivedData/Build/Products/Debug/OrangeLen.app/Contents/XPCServices/OrangeLenDocumentBroker.xpc /Users/huangzhe/Documents/GitHub/OrangeLen/build/DerivedData/Build/Products/Debug/OrangeLenDocumentBroker.xpc (in target 'OrangeLen' from project 'OrangeLen' at path '/Users/huangzhe/Documents/GitHub/OrangeLen/OrangeLen.xcodeproj')
    cd /Users/huangzhe/Documents/GitHub/OrangeLen
    builtin-copy -exclude .DS_Store -exclude CVS -exclude .svn -exclude .git -exclude .hg -exclude Headers -exclude PrivateHeaders -exclude Modules -exclude \*.tbd -resolve-src-symlinks -remove-static-executable /Users/huangzhe/Documents/GitHub/OrangeLen/build/DerivedData/Build/Products/Debug/OrangeLenDocumentBroker.xpc /Users/huangzhe/Documents/GitHub/OrangeLen/build/DerivedData/Build/Products/Debug/OrangeLen.app/Contents/XPCServices

Copy /Users/huangzhe/Documents/GitHub/OrangeLen/build/DerivedData/Build/Products/Debug/OrangeLen.app/Contents/PlugIns/OrangeLenPreviewBooks.appex /Users/huangzhe/Documents/GitHub/OrangeLen/build/DerivedData/Build/Products/Debug/OrangeLenPreviewBooks.appex (in target 'OrangeLen' from project 'OrangeLen' at path '/Users/huangzhe/Documents/GitHub/OrangeLen/OrangeLen.xcodeproj')
    cd /Users/huangzhe/Documents/GitHub/OrangeLen
    builtin-copy -exclude .DS_Store -exclude CVS -exclude .svn -exclude .git -exclude .hg -exclude Headers -exclude PrivateHeaders -exclude Modules -exclude \*.tbd -resolve-src-symlinks -remove-static-executable /Users/huangzhe/Documents/GitHub/OrangeLen/build/DerivedData/Build/Products/Debug/OrangeLenPreviewBooks.appex /Users/huangzhe/Documents/GitHub/OrangeLen/build/DerivedData/Build/Products/Debug/OrangeLen.app/Contents/PlugIns

Copy /Users/huangzhe/Documents/GitHub/OrangeLen/build/DerivedData/Build/Products/Debug/OrangeLen.app/Contents/PlugIns/OrangeLenPreviewDrawings.appex /Users/huangzhe/Documents/GitHub/OrangeLen/build/DerivedData/Build/Products/Debug/OrangeLenPreviewDrawings.appex (in target 'OrangeLen' from project 'OrangeLen' at path '/Users/huangzhe/Documents/GitHub/OrangeLen/OrangeLen.xcodeproj')
    cd /Users/huangzhe/Documents/GitHub/OrangeLen
    builtin-copy -exclude .DS_Store -exclude CVS -exclude .svn -exclude .git -exclude .hg -exclude Headers -exclude PrivateHeaders -exclude Modules -exclude \*.tbd -resolve-src-symlinks -remove-static-executable /Users/huangzhe/Documents/GitHub/OrangeLen/build/DerivedData/Build/Products/Debug/OrangeLenPreviewDrawings.appex /Users/huangzhe/Documents/GitHub/OrangeLen/build/DerivedData/Build/Products/Debug/OrangeLen.app/Contents/PlugIns

Copy /Users/huangzhe/Documents/GitHub/OrangeLen/build/DerivedData/Build/Products/Debug/OrangeLen.app/Contents/PlugIns/OrangeLenPreview.appex /Users/huangzhe/Documents/GitHub/OrangeLen/build/DerivedData/Build/Products/Debug/OrangeLenPreview.appex (in target 'OrangeLen' from project 'OrangeLen' at path '/Users/huangzhe/Documents/GitHub/OrangeLen/OrangeLen.xcodeproj')
    cd /Users/huangzhe/Documents/GitHub/OrangeLen
    builtin-copy -exclude .DS_Store -exclude CVS -exclude .svn -exclude .git -exclude .hg -exclude Headers -exclude PrivateHeaders -exclude Modules -exclude \*.tbd -resolve-src-symlinks -remove-static-executable /Users/huangzhe/Documents/GitHub/OrangeLen/build/DerivedData/Build/Products/Debug/OrangeLenPreview.appex /Users/huangzhe/Documents/GitHub/OrangeLen/build/DerivedData/Build/Products/Debug/OrangeLen.app/Contents/PlugIns

Copy /Users/huangzhe/Documents/GitHub/OrangeLen/build/DerivedData/Build/Products/Debug/OrangeLen.app/Contents/PlugIns/OrangeLenPreviewMarkdown.appex /Users/huangzhe/Documents/GitHub/OrangeLen/build/DerivedData/Build/Products/Debug/OrangeLenPreviewMarkdown.appex (in target 'OrangeLen' from project 'OrangeLen' at path '/Users/huangzhe/Documents/GitHub/OrangeLen/OrangeLen.xcodeproj')
    cd /Users/huangzhe/Documents/GitHub/OrangeLen
    builtin-copy -exclude .DS_Store -exclude CVS -exclude .svn -exclude .git -exclude .hg -exclude Headers -exclude PrivateHeaders -exclude Modules -exclude \*.tbd -resolve-src-symlinks -remove-static-executable /Users/huangzhe/Documents/GitHub/OrangeLen/build/DerivedData/Build/Products/Debug/OrangeLenPreviewMarkdown.appex /Users/huangzhe/Documents/GitHub/OrangeLen/build/DerivedData/Build/Products/Debug/OrangeLen.app/Contents/PlugIns

Copy /Users/huangzhe/Documents/GitHub/OrangeLen/build/DerivedData/Build/Products/Debug/OrangeLen.app/Contents/PlugIns/OrangeLenPreviewData.appex /Users/huangzhe/Documents/GitHub/OrangeLen/build/DerivedData/Build/Products/Debug/OrangeLenPreviewData.appex (in target 'OrangeLen' from project 'OrangeLen' at path '/Users/huangzhe/Documents/GitHub/OrangeLen/OrangeLen.xcodeproj')
    cd /Users/huangzhe/Documents/GitHub/OrangeLen
    builtin-copy -exclude .DS_Store -exclude CVS -exclude .svn -exclude .git -exclude .hg -exclude Headers -exclude PrivateHeaders -exclude Modules -exclude \*.tbd -resolve-src-symlinks -remove-static-executable /Users/huangzhe/Documents/GitHub/OrangeLen/build/DerivedData/Build/Products/Debug/OrangeLenPreviewData.appex /Users/huangzhe/Documents/GitHub/OrangeLen/build/DerivedData/Build/Products/Debug/OrangeLen.app/Contents/PlugIns

Copy /Users/huangzhe/Documents/GitHub/OrangeLen/build/DerivedData/Build/Products/Debug/OrangeLen.app/Contents/PlugIns/OrangeLenPreviewArchives.appex /Users/huangzhe/Documents/GitHub/OrangeLen/build/DerivedData/Build/Products/Debug/OrangeLenPreviewArchives.appex (in target 'OrangeLen' from project 'OrangeLen' at path '/Users/huangzhe/Documents/GitHub/OrangeLen/OrangeLen.xcodeproj')
    cd /Users/huangzhe/Documents/GitHub/OrangeLen
    builtin-copy -exclude .DS_Store -exclude CVS -exclude .svn -exclude .git -exclude .hg -exclude Headers -exclude PrivateHeaders -exclude Modules -exclude \*.tbd -resolve-src-symlinks -remove-static-executable /Users/huangzhe/Documents/GitHub/OrangeLen/build/DerivedData/Build/Products/Debug/OrangeLenPreviewArchives.appex /Users/huangzhe/Documents/GitHub/OrangeLen/build/DerivedData/Build/Products/Debug/OrangeLen.app/Contents/PlugIns

Copy /Users/huangzhe/Documents/GitHub/OrangeLen/build/DerivedData/Build/Products/Debug/OrangeLen.app/Contents/PlugIns/OrangeLenPreviewFolders.appex /Users/huangzhe/Documents/GitHub/OrangeLen/build/DerivedData/Build/Products/Debug/OrangeLenPreviewFolders.appex (in target 'OrangeLen' from project 'OrangeLen' at path '/Users/huangzhe/Documents/GitHub/OrangeLen/OrangeLen.xcodeproj')
    cd /Users/huangzhe/Documents/GitHub/OrangeLen
    builtin-copy -exclude .DS_Store -exclude CVS -exclude .svn -exclude .git -exclude .hg -exclude Headers -exclude PrivateHeaders -exclude Modules -exclude \*.tbd -resolve-src-symlinks -remove-static-executable /Users/huangzhe/Documents/GitHub/OrangeLen/build/DerivedData/Build/Products/Debug/OrangeLenPreviewFolders.appex /Users/huangzhe/Documents/GitHub/OrangeLen/build/DerivedData/Build/Products/Debug/OrangeLen.app/Contents/PlugIns

ProcessInfoPlistFile /Users/huangzhe/Documents/GitHub/OrangeLen/build/DerivedData/Build/Products/Debug/OrangeLen.app/Contents/Info.plist /Users/huangzhe/Documents/GitHub/OrangeLen/App/Info.plist (in target 'OrangeLen' from project 'OrangeLen' at path '/Users/huangzhe/Documents/GitHub/OrangeLen/OrangeLen.xcodeproj')
    cd /Users/huangzhe/Documents/GitHub/OrangeLen
    builtin-infoPlistUtility /Users/huangzhe/Documents/GitHub/OrangeLen/App/Info.plist -producttype com.apple.product-type.application -genpkginfo /Users/huangzhe/Documents/GitHub/OrangeLen/build/DerivedData/Build/Products/Debug/OrangeLen.app/Contents/PkgInfo -expandbuildsettings -platform macosx -scanforprivacyfile /Users/huangzhe/Documents/GitHub/OrangeLen/build/DerivedData/Build/Products/Debug/OrangeLen.app/Contents/PlugIns/OrangeLenPreview.appex -scanforprivacyfile /Users/huangzhe/Documents/GitHub/OrangeLen/build/DerivedData/Build/Products/Debug/OrangeLen.app/Contents/PlugIns/OrangeLenPreviewArchives.appex -scanforprivacyfile /Users/huangzhe/Documents/GitHub/OrangeLen/build/DerivedData/Build/Products/Debug/OrangeLen.app/Contents/PlugIns/OrangeLenPreviewBooks.appex -scanforprivacyfile /Users/huangzhe/Documents/GitHub/OrangeLen/build/DerivedData/Build/Products/Debug/OrangeLen.app/Contents/PlugIns/OrangeLenPreviewData.appex -scanforprivacyfile /Users/huangzhe/Documents/GitHub/OrangeLen/build/DerivedData/Build/Products/Debug/OrangeLen.app/Contents/PlugIns/OrangeLenPreviewDrawings.appex -scanforprivacyfile /Users/huangzhe/Documents/GitHub/OrangeLen/build/DerivedData/Build/Products/Debug/OrangeLen.app/Contents/PlugIns/OrangeLenPreviewFolders.appex -scanforprivacyfile /Users/huangzhe/Documents/GitHub/OrangeLen/build/DerivedData/Build/Products/Debug/OrangeLen.app/Contents/PlugIns/OrangeLenPreviewMarkdown.appex -scanforprivacyfile /Users/huangzhe/Documents/GitHub/OrangeLen/build/DerivedData/Build/Products/Debug/OrangeLen.app/Contents/Resources/OrangeLen_OrangeLenUI.bundle -scanforprivacyfile /Users/huangzhe/Documents/GitHub/OrangeLen/build/DerivedData/Build/Products/Debug/OrangeLen.app/Contents/XPCServices/OrangeLenDocumentBroker.xpc -o /Users/huangzhe/Documents/GitHub/OrangeLen/build/DerivedData/Build/Products/Debug/OrangeLen.app/Contents/Info.plist

CopySwiftLibs /Users/huangzhe/Documents/GitHub/OrangeLen/build/DerivedData/Build/Products/Debug/OrangeLen.app (in target 'OrangeLen' from project 'OrangeLen' at path '/Users/huangzhe/Documents/GitHub/OrangeLen/OrangeLen.xcodeproj')
    cd /Users/huangzhe/Documents/GitHub/OrangeLen
    builtin-swiftStdLibTool --copy --verbose --sign - --scan-executable /Users/huangzhe/Documents/GitHub/OrangeLen/build/DerivedData/Build/Products/Debug/OrangeLen.app/Contents/MacOS/OrangeLen --scan-folder /Users/huangzhe/Documents/GitHub/OrangeLen/build/DerivedData/Build/Products/Debug/OrangeLen.app/Contents/Frameworks --scan-folder /Users/huangzhe/Documents/GitHub/OrangeLen/build/DerivedData/Build/Products/Debug/OrangeLen.app/Contents/PlugIns --scan-folder /Users/huangzhe/Documents/GitHub/OrangeLen/build/DerivedData/Build/Products/Debug/OrangeLen.app/Contents/Library/SystemExtensions --scan-folder /Users/huangzhe/Documents/GitHub/OrangeLen/build/DerivedData/Build/Products/Debug/OrangeLen.app/Contents/Extensions --platform macosx --toolchain /Applications/Xcode.app/Contents/Developer/Toolchains/XcodeDefault.xctoolchain --destination /Users/huangzhe/Documents/GitHub/OrangeLen/build/DerivedData/Build/Products/Debug/OrangeLen.app/Contents/Frameworks --strip-bitcode --strip-bitcode-tool /Applications/Xcode.app/Contents/Developer/Toolchains/XcodeDefault.xctoolchain/usr/bin/bitcode_strip --emit-dependency-info /Users/huangzhe/Documents/GitHub/OrangeLen/build/DerivedData/Build/Intermediates.noindex/OrangeLen.build/Debug/OrangeLen.build/SwiftStdLibToolInputDependencies.dep --filter-for-swift-os --back-deploy-swift-span

ExtractAppIntentsMetadata (in target 'OrangeLen' from project 'OrangeLen' at path '/Users/huangzhe/Documents/GitHub/OrangeLen/OrangeLen.xcodeproj')
    cd /Users/huangzhe/Documents/GitHub/OrangeLen
    /Applications/Xcode.app/Contents/Developer/Toolchains/XcodeDefault.xctoolchain/usr/bin/appintentsmetadataprocessor --toolchain-dir /Applications/Xcode.app/Contents/Developer/Toolchains/XcodeDefault.xctoolchain --module-name OrangeLen --sdk-root /Applications/Xcode.app/Contents/Developer/Platforms/MacOSX.platform/Developer/SDKs/MacOSX26.5.sdk --xcode-version 17F42 --platform-family macOS --deployment-target 14.0 --bundle-identifier local.OrangeLen --output /Users/huangzhe/Documents/GitHub/OrangeLen/build/DerivedData/Build/Products/Debug/OrangeLen.app/Contents/Resources --target-triple arm64-apple-macos14.0 --binary-file /Users/huangzhe/Documents/GitHub/OrangeLen/build/DerivedData/Build/Products/Debug/OrangeLen.app/Contents/MacOS/OrangeLen --dependency-file /Users/huangzhe/Documents/GitHub/OrangeLen/build/DerivedData/Build/Intermediates.noindex/OrangeLen.build/Debug/OrangeLen.build/Objects-normal/arm64/OrangeLen_dependency_info.dat --stringsdata-file /Users/huangzhe/Documents/GitHub/OrangeLen/build/DerivedData/Build/Intermediates.noindex/OrangeLen.build/Debug/OrangeLen.build/Objects-normal/arm64/ExtractedAppShortcutsMetadata.stringsdata --source-file-list /Users/huangzhe/Documents/GitHub/OrangeLen/build/DerivedData/Build/Intermediates.noindex/OrangeLen.build/Debug/OrangeLen.build/Objects-normal/arm64/OrangeLen.SwiftFileList --metadata-file-list /Users/huangzhe/Documents/GitHub/OrangeLen/build/DerivedData/Build/Intermediates.noindex/OrangeLen.build/Debug/OrangeLen.build/OrangeLen.DependencyMetadataFileList --static-metadata-file-list /Users/huangzhe/Documents/GitHub/OrangeLen/build/DerivedData/Build/Intermediates.noindex/OrangeLen.build/Debug/OrangeLen.build/OrangeLen.DependencyStaticMetadataFileList --swift-const-vals-list /Users/huangzhe/Documents/GitHub/OrangeLen/build/DerivedData/Build/Intermediates.noindex/OrangeLen.build/Debug/OrangeLen.build/Objects-normal/arm64/OrangeLen.SwiftConstValuesFileList --compile-time-extraction --deployment-aware-processing --validate-assistant-intents --no-app-shortcuts-localization
2026-10-08 12:15:50.160 appintentsmetadataprocessor[19533:23245503] Starting appintentsmetadataprocessor export
2026-10-08 12:15:50.162 appintentsmetadataprocessor[19533:23245503] warning: Metadata extraction skipped. No AppIntents.framework dependency found.

CodeSign /Users/huangzhe/Documents/GitHub/OrangeLen/build/DerivedData/Build/Products/Debug/OrangeLen.app (in target 'OrangeLen' from project 'OrangeLen' at path '/Users/huangzhe/Documents/GitHub/OrangeLen/OrangeLen.xcodeproj')
    cd /Users/huangzhe/Documents/GitHub/OrangeLen
    
    Signing Identity:     "Sign to Run Locally"
    
    /usr/bin/codesign --force --sign - --entitlements /Users/huangzhe/Documents/GitHub/OrangeLen/build/DerivedData/Build/Intermediates.noindex/OrangeLen.build/Debug/OrangeLen.build/OrangeLen.app.xcent --timestamp\=none --generate-entitlement-der /Users/huangzhe/Documents/GitHub/OrangeLen/build/DerivedData/Build/Products/Debug/OrangeLen.app

ValidateEmbeddedBinary /Users/huangzhe/Documents/GitHub/OrangeLen/build/DerivedData/Build/Products/Debug/OrangeLen.app/Contents/PlugIns/OrangeLenPreviewMarkdown.appex (in target 'OrangeLen' from project 'OrangeLen' at path '/Users/huangzhe/Documents/GitHub/OrangeLen/OrangeLen.xcodeproj')
    cd /Users/huangzhe/Documents/GitHub/OrangeLen
    /Applications/Xcode.app/Contents/Developer/usr/bin/embeddedBinaryValidationUtility /Users/huangzhe/Documents/GitHub/OrangeLen/build/DerivedData/Build/Products/Debug/OrangeLen.app/Contents/PlugIns/OrangeLenPreviewMarkdown.appex -signing-cert - -info-plist-path /Users/huangzhe/Documents/GitHub/OrangeLen/build/DerivedData/Build/Products/Debug/OrangeLen.app/Contents/Info.plist

ValidateEmbeddedBinary /Users/huangzhe/Documents/GitHub/OrangeLen/build/DerivedData/Build/Products/Debug/OrangeLen.app/Contents/PlugIns/OrangeLenPreviewFolders.appex (in target 'OrangeLen' from project 'OrangeLen' at path '/Users/huangzhe/Documents/GitHub/OrangeLen/OrangeLen.xcodeproj')
    cd /Users/huangzhe/Documents/GitHub/OrangeLen
    /Applications/Xcode.app/Contents/Developer/usr/bin/embeddedBinaryValidationUtility /Users/huangzhe/Documents/GitHub/OrangeLen/build/DerivedData/Build/Products/Debug/OrangeLen.app/Contents/PlugIns/OrangeLenPreviewFolders.appex -signing-cert - -info-plist-path /Users/huangzhe/Documents/GitHub/OrangeLen/build/DerivedData/Build/Products/Debug/OrangeLen.app/Contents/Info.plist

ValidateEmbeddedBinary /Users/huangzhe/Documents/GitHub/OrangeLen/build/DerivedData/Build/Products/Debug/OrangeLen.app/Contents/PlugIns/OrangeLenPreviewDrawings.appex (in target 'OrangeLen' from project 'OrangeLen' at path '/Users/huangzhe/Documents/GitHub/OrangeLen/OrangeLen.xcodeproj')
    cd /Users/huangzhe/Documents/GitHub/OrangeLen
    /Applications/Xcode.app/Contents/Developer/usr/bin/embeddedBinaryValidationUtility /Users/huangzhe/Documents/GitHub/OrangeLen/build/DerivedData/Build/Products/Debug/OrangeLen.app/Contents/PlugIns/OrangeLenPreviewDrawings.appex -signing-cert - -info-plist-path /Users/huangzhe/Documents/GitHub/OrangeLen/build/DerivedData/Build/Products/Debug/OrangeLen.app/Contents/Info.plist

ValidateEmbeddedBinary /Users/huangzhe/Documents/GitHub/OrangeLen/build/DerivedData/Build/Products/Debug/OrangeLen.app/Contents/PlugIns/OrangeLenPreviewData.appex (in target 'OrangeLen' from project 'OrangeLen' at path '/Users/huangzhe/Documents/GitHub/OrangeLen/OrangeLen.xcodeproj')
    cd /Users/huangzhe/Documents/GitHub/OrangeLen
    /Applications/Xcode.app/Contents/Developer/usr/bin/embeddedBinaryValidationUtility /Users/huangzhe/Documents/GitHub/OrangeLen/build/DerivedData/Build/Products/Debug/OrangeLen.app/Contents/PlugIns/OrangeLenPreviewData.appex -signing-cert - -info-plist-path /Users/huangzhe/Documents/GitHub/OrangeLen/build/DerivedData/Build/Products/Debug/OrangeLen.app/Contents/Info.plist

ValidateEmbeddedBinary /Users/huangzhe/Documents/GitHub/OrangeLen/build/DerivedData/Build/Products/Debug/OrangeLen.app/Contents/PlugIns/OrangeLenPreviewBooks.appex (in target 'OrangeLen' from project 'OrangeLen' at path '/Users/huangzhe/Documents/GitHub/OrangeLen/OrangeLen.xcodeproj')
    cd /Users/huangzhe/Documents/GitHub/OrangeLen
    /Applications/Xcode.app/Contents/Developer/usr/bin/embeddedBinaryValidationUtility /Users/huangzhe/Documents/GitHub/OrangeLen/build/DerivedData/Build/Products/Debug/OrangeLen.app/Contents/PlugIns/OrangeLenPreviewBooks.appex -signing-cert - -info-plist-path /Users/huangzhe/Documents/GitHub/OrangeLen/build/DerivedData/Build/Products/Debug/OrangeLen.app/Contents/Info.plist

ValidateEmbeddedBinary /Users/huangzhe/Documents/GitHub/OrangeLen/build/DerivedData/Build/Products/Debug/OrangeLen.app/Contents/PlugIns/OrangeLenPreviewArchives.appex (in target 'OrangeLen' from project 'OrangeLen' at path '/Users/huangzhe/Documents/GitHub/OrangeLen/OrangeLen.xcodeproj')
    cd /Users/huangzhe/Documents/GitHub/OrangeLen
    /Applications/Xcode.app/Contents/Developer/usr/bin/embeddedBinaryValidationUtility /Users/huangzhe/Documents/GitHub/OrangeLen/build/DerivedData/Build/Products/Debug/OrangeLen.app/Contents/PlugIns/OrangeLenPreviewArchives.appex -signing-cert - -info-plist-path /Users/huangzhe/Documents/GitHub/OrangeLen/build/DerivedData/Build/Products/Debug/OrangeLen.app/Contents/Info.plist

ValidateEmbeddedBinary /Users/huangzhe/Documents/GitHub/OrangeLen/build/DerivedData/Build/Products/Debug/OrangeLen.app/Contents/PlugIns/OrangeLenPreview.appex (in target 'OrangeLen' from project 'OrangeLen' at path '/Users/huangzhe/Documents/GitHub/OrangeLen/OrangeLen.xcodeproj')
    cd /Users/huangzhe/Documents/GitHub/OrangeLen
    /Applications/Xcode.app/Contents/Developer/usr/bin/embeddedBinaryValidationUtility /Users/huangzhe/Documents/GitHub/OrangeLen/build/DerivedData/Build/Products/Debug/OrangeLen.app/Contents/PlugIns/OrangeLenPreview.appex -signing-cert - -info-plist-path /Users/huangzhe/Documents/GitHub/OrangeLen/build/DerivedData/Build/Products/Debug/OrangeLen.app/Contents/Info.plist

Validate /Users/huangzhe/Documents/GitHub/OrangeLen/build/DerivedData/Build/Products/Debug/OrangeLen.app (in target 'OrangeLen' from project 'OrangeLen' at path '/Users/huangzhe/Documents/GitHub/OrangeLen/OrangeLen.xcodeproj')
    cd /Users/huangzhe/Documents/GitHub/OrangeLen
    builtin-validationUtility /Users/huangzhe/Documents/GitHub/OrangeLen/build/DerivedData/Build/Products/Debug/OrangeLen.app -no-validate-extension -infoplist-subpath Contents/Info.plist

RegisterWithLaunchServices /Users/huangzhe/Documents/GitHub/OrangeLen/build/DerivedData/Build/Products/Debug/OrangeLen.app (in target 'OrangeLen' from project 'OrangeLen' at path '/Users/huangzhe/Documents/GitHub/OrangeLen/OrangeLen.xcodeproj')
    cd /Users/huangzhe/Documents/GitHub/OrangeLen
    /System/Library/Frameworks/CoreServices.framework/Versions/Current/Frameworks/LaunchServices.framework/Versions/Current/Support/lsregister -f -R -trusted /Users/huangzhe/Documents/GitHub/OrangeLen/build/DerivedData/Build/Products/Debug/OrangeLen.app

note: Disabling hardened runtime with ad-hoc codesigning. (in target 'OrangeLenDocumentBroker' from project 'OrangeLen' at path '/Users/huangzhe/Documents/GitHub/OrangeLen/OrangeLen.xcodeproj')
note: Disabling hardened runtime with ad-hoc codesigning. (in target 'OrangeLenPreviewArchives' from project 'OrangeLen' at path '/Users/huangzhe/Documents/GitHub/OrangeLen/OrangeLen.xcodeproj')
note: Disabling hardened runtime with ad-hoc codesigning. (in target 'OrangeLenPreviewMarkdown' from project 'OrangeLen' at path '/Users/huangzhe/Documents/GitHub/OrangeLen/OrangeLen.xcodeproj')
note: Disabling hardened runtime with ad-hoc codesigning. (in target 'OrangeLenPreviewBooks' from project 'OrangeLen' at path '/Users/huangzhe/Documents/GitHub/OrangeLen/OrangeLen.xcodeproj')
note: Disabling hardened runtime with ad-hoc codesigning. (in target 'OrangeLenPreview' from project 'OrangeLen' at path '/Users/huangzhe/Documents/GitHub/OrangeLen/OrangeLen.xcodeproj')
note: Disabling hardened runtime with ad-hoc codesigning. (in target 'OrangeLenPreviewDrawings' from project 'OrangeLen' at path '/Users/huangzhe/Documents/GitHub/OrangeLen/OrangeLen.xcodeproj')
note: Disabling hardened runtime with ad-hoc codesigning. (in target 'OrangeLenPreviewData' from project 'OrangeLen' at path '/Users/huangzhe/Documents/GitHub/OrangeLen/OrangeLen.xcodeproj')
note: Disabling hardened runtime with ad-hoc codesigning. (in target 'OrangeLenPreviewFolders' from project 'OrangeLen' at path '/Users/huangzhe/Documents/GitHub/OrangeLen/OrangeLen.xcodeproj')
note: Disabling hardened runtime with ad-hoc codesigning. (in target 'OrangeLen' from project 'OrangeLen' at path '/Users/huangzhe/Documents/GitHub/OrangeLen/OrangeLen.xcodeproj')
** BUILD SUCCEEDED **

